layer_idx,sublayer,module,seed_a,seed_b,d_grassmannian,d_chordal,mean_angle_deg,max_angle_deg,min_angle_deg,theta_00_deg,theta_01_deg,theta_02_deg,theta_03_deg,theta_04_deg,theta_05_deg,theta_06_deg,theta_07_deg,theta_08_deg,theta_09_deg,theta_10_deg,theta_11_deg,theta_12_deg,theta_13_deg,theta_14_deg,theta_15_deg
0,mlp,down_proj,0,1,5.590155601501465,3.900987148284912,79.69132995605469,88.74104309082031,65.04951477050781,65.04951477050781,67.7811279296875,68.85102081298828,70.76312255859375,73.7324447631836,77.94945526123047,78.75218963623047,81.23755645751953,83.7291259765625,84.7147445678711,85.17821502685547,85.5565414428711,86.78816223144531,87.79254913330078,88.44451141357422,88.74104309082031
0,mlp,down_proj,0,2,5.573184490203857,3.8901026248931885,79.36695861816406,89.73915100097656,63.75603485107422,63.75603485107422,64.57828521728516,67.33796691894531,70.42862701416016,73.00790405273438,77.50963592529297,79.89584350585938,81.89018249511719,82.93536376953125,84.32884979248047,84.58722686767578,85.70988464355469,86.82261657714844,88.08265686035156,89.26106262207031,89.73915100097656
0,mlp,down_proj,0,3,5.676417827606201,3.925508499145508,81.03556060791016,89.84652709960938,68.60704803466797,68.60704803466797,70.17955780029297,73.52234649658203,74.28992462158203,76.81591033935547,77.60345458984375,80.59886169433594,81.19343566894531,83.24357604980469,83.57286071777344,84.90402221679688,86.30656433105469,87.94702911376953,88.81492614746094,89.12297821044922,89.84652709960938
0,mlp,down_proj,0,4,5.60502290725708,3.908299446105957,79.95364379882812,89.29447937011719,66.2226791381836,66.2226791381836,68.34542846679688,71.08261108398438,73.34477996826172,75.23079681396484,75.90738677978516,78.45399475097656,79.63002014160156,82.84325408935547,84.22113037109375,85.04467010498047,86.40142059326172,86.59378814697266,88.14371490478516,88.49822998046875,89.29447937011719
0,mlp,down_proj,1,2,5.58415412902832,3.8975822925567627,79.58055114746094,89.61479187011719,64.17060089111328,64.17060089111328,66.77107238769531,67.90502166748047,71.28675842285156,74.05220794677734,77.50530242919922,80.47086334228516,82.04359436035156,82.52238464355469,83.77694702148438,84.43746185302734,85.39899444580078,86.21930694580078,88.46317291259766,88.65021514892578,89.61479187011719
0,mlp,down_proj,1,3,5.60535192489624,3.9056146144866943,79.93170166015625,89.5894546508789,65.84999084472656,65.84999084472656,68.79226684570312,70.3177261352539,71.00196075439453,75.13748931884766,77.03114318847656,78.8186264038086,80.2452621459961,82.42203521728516,83.48316192626953,84.9930419921875,85.84033203125,87.2620620727539,88.847412109375,89.27525329589844,89.5894546508789
0,mlp,down_proj,1,4,5.5584025382995605,3.8913300037384033,79.19200134277344,88.48334503173828,62.439422607421875,62.439422607421875,66.07402801513672,67.87054443359375,71.48504638671875,74.453857421875,77.06546783447266,78.50592041015625,79.94737243652344,83.0788803100586,83.84358215332031,85.56643676757812,85.84391021728516,86.7308578491211,87.42723846435547,88.25605010986328,88.48334503173828
0,mlp,down_proj,2,3,5.626054286956787,3.9154746532440186,80.29125213623047,89.88549041748047,66.09567260742188,66.09567260742188,70.11930084228516,71.60855865478516,74.6758804321289,76.7966079711914,77.34281921386719,79.4277114868164,80.82366943359375,81.42110443115234,81.69386291503906,85.1320571899414,85.45694732666016,87.15789794921875,88.02392578125,88.99851989746094,89.88549041748047
0,mlp,down_proj,2,4,5.5857343673706055,3.903719902038574,79.66206359863281,89.12432098388672,65.15764617919922,65.15764617919922,67.70916748046875,70.04421997070312,71.50914001464844,74.4931869506836,78.2372055053711,79.34890747070312,81.69483184814453,82.49432373046875,83.7449951171875,84.05653381347656,84.8921127319336,85.70578002929688,87.9150161743164,88.46568298339844,89.12432098388672
0,mlp,down_proj,3,4,5.607095718383789,3.91191029548645,80.0142822265625,89.12127685546875,65.67882537841797,65.67882537841797,70.04226684570312,70.88077545166016,74.30531311035156,74.47279357910156,78.30933380126953,79.0723648071289,80.37523651123047,82.63214111328125,83.35321807861328,84.20003509521484,85.34099578857422,86.01966094970703,87.77565002441406,88.64864349365234,89.12127685546875
0,mlp,gate_proj,0,1,5.7796950340271,3.9391846656799316,82.50308227539062,89.77400970458984,62.812320709228516,62.812320709228516,73.65728759765625,77.50910949707031,78.06951904296875,79.65949249267578,81.35167694091797,83.00142669677734,83.39389038085938,83.99161529541016,85.81391143798828,86.9089126586914,87.71465301513672,87.9430923461914,89.13095092773438,89.3174057006836,89.77400970458984
0,mlp,gate_proj,0,2,5.791529655456543,3.9450974464416504,82.71772766113281,89.77770233154297,65.23684692382812,65.23684692382812,72.29545593261719,76.9542465209961,80.50395202636719,81.49625396728516,82.6284408569336,82.7355728149414,83.8002700805664,85.31879425048828,85.98284912109375,86.14702606201172,86.2286376953125,87.34261322021484,87.93006134033203,89.10499572753906,89.77770233154297
0,mlp,gate_proj,0,3,5.801724910736084,3.943479061126709,82.83577728271484,89.87570190429688,64.0793228149414,64.0793228149414,73.40400695800781,76.87386322021484,79.06961059570312,80.04385375976562,82.73363494873047,83.50437927246094,83.95026397705078,84.9353256225586,86.28157043457031,86.5291519165039,87.28787231445312,88.6753158569336,88.89739990234375,89.23115539550781,89.87570190429688
0,mlp,gate_proj,0,4,5.777305603027344,3.941323757171631,82.49607849121094,89.86417388916016,65.49404907226562,65.49404907226562,73.17550659179688,74.98302459716797,78.70840454101562,80.47653198242188,81.09190368652344,82.35821533203125,83.56549072265625,84.88650512695312,85.29776763916016,86.07286071777344,87.075927734375,88.48670959472656,89.00782012939453,89.39237976074219,89.86417388916016
0,mlp,gate_proj,1,2,5.811537265777588,3.9466392993927,82.99615478515625,89.8442153930664,65.04293823242188,65.04293823242188,72.23467254638672,78.69146728515625,79.87323760986328,81.38982391357422,82.3165283203125,83.94208526611328,84.23116302490234,84.62800598144531,85.72923278808594,86.22068786621094,87.65450286865234,88.23519897460938,88.64849090576172,89.25630950927734,89.8442153930664
0,mlp,gate_proj,1,3,5.797264575958252,3.94364070892334,82.77760314941406,89.51354217529297,64.0849838256836,64.0849838256836,71.65885925292969,77.83645629882812,80.3105239868164,82.08467864990234,82.42523193359375,83.16023254394531,84.2047119140625,84.35356903076172,85.5246810913086,86.2386474609375,87.40448760986328,88.18423461914062,88.43994903564453,89.01689147949219,89.51354217529297
0,mlp,gate_proj,1,4,5.780820846557617,3.939854383468628,82.52552795410156,89.78653717041016,64.27457427978516,64.27457427978516,70.7901840209961,76.25245666503906,79.62126922607422,81.07185363769531,82.02542114257812,83.3057861328125,84.00782775878906,84.830322265625,85.06753540039062,86.221923828125,87.18673706054688,88.06464385986328,88.68709564208984,89.21427154541016,89.78653717041016
0,mlp,gate_proj,2,3,5.843457221984863,3.9548065662384033,83.4999771118164,89.77605438232422,67.52046203613281,67.52046203613281,74.89779663085938,78.33899688720703,80.4715805053711,81.34996795654297,82.62986755371094,83.62134552001953,84.28594207763672,85.97220611572266,86.21435546875,86.65457153320312,87.53711700439453,88.36166381835938,88.87212371826172,89.49559783935547,89.77605438232422
0,mlp,gate_proj,2,4,5.807783603668213,3.9485926628112793,82.96810150146484,89.96714782714844,67.7732162475586,67.7732162475586,72.089111328125,76.33917999267578,79.78996276855469,80.51769256591797,82.31224822998047,84.27205657958984,84.69440460205078,85.36141204833984,86.4028549194336,86.80892181396484,87.14693450927734,87.3209228515625,87.64730834960938,89.04627990722656,89.96714782714844
0,mlp,gate_proj,3,4,5.780007839202881,3.94523286819458,82.5689697265625,89.94547271728516,65.88602447509766,65.88602447509766,74.04119110107422,77.47734832763672,78.38926696777344,80.19502258300781,80.69746398925781,83.60301971435547,84.24664306640625,84.48876953125,85.46926879882812,85.99311065673828,86.96430969238281,87.19692993164062,87.82029724121094,88.68930053710938,89.94547271728516
0,mlp,up_proj,0,1,5.712898254394531,3.9260005950927734,81.50639343261719,89.48453521728516,65.15948486328125,65.15948486328125,67.82672882080078,72.12364196777344,77.3096923828125,78.91197967529297,80.70668029785156,82.10115814208984,82.82259368896484,84.3377914428711,84.64083099365234,86.38428497314453,87.26373291015625,87.68749237060547,88.36336517333984,88.97825622558594,89.48453521728516
0,mlp,up_proj,0,2,5.65950870513916,3.905904769897461,80.60697174072266,89.51858520507812,58.932254791259766,58.932254791259766,62.86137008666992,73.45567321777344,77.09552764892578,79.29033660888672,80.24930572509766,81.60246276855469,82.33102416992188,83.4386215209961,84.24575805664062,85.68923950195312,86.14508056640625,87.80909729003906,88.1667709350586,88.88045501708984,89.51858520507812
0,mlp,up_proj,0,3,5.680108070373535,3.9118247032165527,80.93665313720703,89.56463623046875,60.07741165161133,60.07741165161133,66.52938842773438,71.54781341552734,76.5931625366211,78.25837707519531,79.68829345703125,81.70640563964844,83.00430297851562,84.0970687866211,85.04869842529297,86.549560546875,86.88391876220703,87.87699127197266,88.2135009765625,89.34693145751953,89.56463623046875
0,mlp,up_proj,0,4,5.694286346435547,3.922854423522949,81.23043060302734,89.62682342529297,63.377376556396484,63.377376556396484,65.45083618164062,76.83602905273438,77.56535339355469,78.65799713134766,80.93170166015625,81.72770690917969,82.48672485351562,83.36080169677734,84.57699584960938,85.2580337524414,86.39379119873047,86.91618347167969,87.4754638671875,89.04505920410156,89.62682342529297
0,mlp,up_proj,1,2,5.70614767074585,3.9175596237182617,81.33262634277344,89.91281127929688,63.25703430175781,63.25703430175781,64.30581665039062,73.52626037597656,77.10263061523438,78.10874938964844,79.30647277832031,82.7077407836914,82.88615417480469,83.72032165527344,85.97079467773438,86.74515533447266,87.31541442871094,88.49041748046875,88.73224639892578,89.2340316772461,89.91281127929688
0,mlp,up_proj,1,3,5.714964866638184,3.9236767292022705,81.50872039794922,89.6478500366211,62.979496002197266,62.979496002197266,68.08352661132812,74.00118255615234,76.92120361328125,78.35601043701172,80.44048309326172,82.34294128417969,82.5092544555664,83.42999267578125,84.8412857055664,86.05815887451172,87.50061798095703,88.74564361572266,88.89038848876953,89.39154052734375,89.6478500366211
0,mlp,up_proj,1,4,5.690969467163086,3.918461561203003,81.14454650878906,89.62269592285156,62.233524322509766,62.233524322509766,65.72756958007812,75.61255645751953,76.44772338867188,78.23273468017578,80.15283966064453,80.85367584228516,82.26742553710938,84.10386657714844,85.56007385253906,85.95101928710938,85.99440002441406,87.90125274658203,88.33892822265625,89.31255340576172,89.62269592285156
0,mlp,up_proj,2,3,5.698464870452881,3.914121389389038,81.18444061279297,89.61273956298828,56.66653060913086,56.66653060913086,66.40432739257812,76.43009185791016,79.01752471923828,79.57928466796875,80.03784942626953,81.58139038085938,83.48223114013672,84.28595733642578,85.46424102783203,85.5547866821289,86.74781799316406,87.59166717529297,87.87721252441406,88.6173324584961,89.61273956298828
0,mlp,up_proj,2,4,5.695249080657959,3.907841920852661,81.08096313476562,89.78355407714844,56.751522064208984,56.751522064208984,63.932525634765625,75.15840148925781,76.61119079589844,79.75054168701172,81.03532409667969,82.0308609008789,82.72714233398438,83.699951171875,86.05435943603516,86.61756134033203,87.24359130859375,87.78087615966797,88.83750915527344,89.28050231933594,89.78355407714844
0,mlp,up_proj,3,4,5.6711201667785645,3.9145889282226562,80.85115814208984,89.4925308227539,61.20441436767578,61.20441436767578,67.10907745361328,74.24679565429688,76.63033294677734,77.91485595703125,78.86158752441406,80.03614807128906,81.52899169921875,82.61482238769531,85.5986557006836,85.9068603515625,87.28005981445312,87.38099670410156,88.62939453125,89.1829605102539,89.4925308227539
0,self_attn,k_proj,0,1,5.265614986419678,3.801600217819214,74.68643188476562,89.90757751464844,50.20479202270508,50.20479202270508,60.46715545654297,62.52887725830078,67.60810089111328,70.06411743164062,71.72471618652344,72.4039077758789,74.54393768310547,76.72863006591797,79.41146850585938,79.46794128417969,81.29169464111328,83.79637145996094,85.71993255615234,89.11373901367188,89.90757751464844
0,self_attn,k_proj,0,2,5.142391204833984,3.758051872253418,72.79467010498047,89.21027374267578,51.02340316772461,51.02340316772461,54.20314025878906,58.52391815185547,64.29493713378906,65.55804443359375,69.6611328125,70.29548645019531,74.19963073730469,75.43631744384766,78.4916763305664,78.71383666992188,81.0667495727539,82.03223419189453,83.39258575439453,88.611328125,89.21027374267578
0,self_attn,k_proj,0,3,5.155725955963135,3.7567148208618164,72.92256927490234,88.68659973144531,48.19886779785156,48.19886779785156,56.08027648925781,59.38371658325195,61.54087448120117,65.2781982421875,68.27238464355469,71.73536682128906,74.65717315673828,77.10778045654297,77.5175552368164,80.88516998291016,82.37238311767578,82.80777740478516,85.54337310791016,86.6936264038086,88.68659973144531
0,self_attn,k_proj,0,4,5.181670665740967,3.758910655975342,73.24168395996094,89.79415130615234,49.467491149902344,49.467491149902344,51.96240234375,58.79078674316406,62.95328140258789,68.22186279296875,70.75223541259766,71.74591064453125,73.38713073730469,75.59819793701172,76.5665512084961,81.68982696533203,83.69983673095703,84.21701049804688,85.36619567871094,87.65409088134766,89.79415130615234
0,self_attn,k_proj,1,2,5.2553629875183105,3.8135790824890137,74.71017456054688,88.12184143066406,56.20597457885742,56.20597457885742,61.38483428955078,65.32408142089844,66.5992202758789,68.42101287841797,70.03096771240234,70.86692810058594,75.59564208984375,77.47112274169922,78.42020416259766,79.71731567382812,81.8362045288086,83.21550750732422,84.88052368164062,87.27139282226562,88.12184143066406
0,self_attn,k_proj,1,3,5.317068576812744,3.8005237579345703,75.28802490234375,89.77163696289062,51.33198547363281,51.33198547363281,59.20866012573242,60.31420135498047,62.57007598876953,70.1477279663086,72.65010833740234,75.09112548828125,75.86890411376953,77.71835327148438,79.22122192382812,81.22726440429688,85.03250122070312,86.11207580566406,88.91987609863281,89.42277526855469,89.77163696289062
0,self_attn,k_proj,1,4,5.254888534545898,3.8099281787872314,74.64685821533203,88.80260467529297,51.27220916748047,51.27220916748047,60.34953308105469,64.71714782714844,68.81814575195312,70.62265014648438,72.0256576538086,74.1405258178711,74.89884948730469,76.99161529541016,78.50502014160156,79.28952026367188,80.524169921875,81.44953918457031,83.72413635253906,88.21841430664062,88.80260467529297
0,self_attn,k_proj,2,3,5.111462116241455,3.7422053813934326,72.26345825195312,89.88135528564453,48.59299850463867,48.59299850463867,53.399288177490234,58.51582717895508,62.73642349243164,65.36735534667969,66.64717864990234,70.13993072509766,73.196044921875,76.41059112548828,77.63003540039062,79.55377197265625,80.8667984008789,82.06783294677734,84.649658203125,86.56031036376953,89.88135528564453
0,self_attn,k_proj,2,4,5.232603073120117,3.7923529148101807,74.201171875,89.30628204345703,52.939971923828125,52.939971923828125,55.33652114868164,61.10977554321289,66.27816009521484,67.94580841064453,70.97661590576172,74.19026947021484,76.10106658935547,78.46330261230469,79.28750610351562,79.72571563720703,81.08311462402344,82.82860565185547,85.1929931640625,86.45305633544922,89.30628204345703
0,self_attn,k_proj,3,4,5.2037224769592285,3.769383430480957,73.60575866699219,89.19104766845703,48.02846145629883,48.02846145629883,55.6423225402832,58.551048278808594,64.1142349243164,67.36901092529297,70.21194458007812,73.34078216552734,75.91519165039062,77.17430877685547,77.52923583984375,80.9341812133789,81.948486328125,83.7982177734375,85.50407409667969,88.43965911865234,89.19104766845703
0,self_attn,o_proj,0,1,5.698672771453857,3.9291341304779053,81.35516357421875,89.81802368164062,66.2753677368164,66.2753677368164,70.05421447753906,75.05973815917969,76.14891052246094,77.64299774169922,79.07252502441406,80.87301635742188,81.86511993408203,83.80201721191406,84.81461334228516,85.462890625,87.09921264648438,87.14823913574219,88.11441040039062,88.43130493164062,89.81802368164062
0,self_attn,o_proj,0,2,5.696748733520508,3.9246151447296143,81.28565979003906,89.78048706054688,64.90496063232422,64.90496063232422,70.23583984375,73.37838745117188,74.58492279052734,77.44515228271484,78.90594482421875,81.66183471679688,82.51611328125,84.38890838623047,84.90135955810547,86.07275390625,86.7729721069336,87.3321533203125,88.41693878173828,89.27176666259766,89.78048706054688
0,self_attn,o_proj,0,3,5.672325611114502,3.9256532192230225,80.98139953613281,89.73960876464844,65.96023559570312,65.96023559570312,70.10445404052734,74.1599349975586,75.90727233886719,78.14411163330078,79.74461364746094,80.11804962158203,81.28527069091797,82.40347290039062,83.4984130859375,84.7837905883789,86.27531433105469,86.95366668701172,88.1382827758789,88.48590087890625,89.73960876464844
0,self_attn,o_proj,0,4,5.7223381996154785,3.9354844093322754,81.72457885742188,89.76626586914062,68.35293579101562,68.35293579101562,71.02081298828125,74.53749084472656,75.4987564086914,78.5667495727539,81.4683609008789,81.64506530761719,82.46501922607422,83.4327621459961,83.80030822753906,85.64913940429688,87.03181457519531,87.4233169555664,88.12267303466797,88.81182861328125,89.76626586914062
0,self_attn,o_proj,1,2,5.677740573883057,3.926457405090332,81.05874633789062,89.6532211303711,66.2197494506836,66.2197494506836,69.60136413574219,74.59651947021484,75.76516723632812,77.76593017578125,79.27542877197266,80.04065704345703,82.58113861083984,83.896728515625,84.28618621826172,84.93605041503906,85.45365142822266,86.21305084228516,87.59699249267578,89.0582504272461,89.6532211303711
0,self_attn,o_proj,1,3,5.675301551818848,3.926013708114624,81.02377319335938,89.53829193115234,67.20269775390625,67.20269775390625,69.29296112060547,73.42630767822266,75.97704315185547,77.00056457519531,78.99449157714844,81.23683166503906,82.0654525756836,82.91268920898438,84.36084747314453,84.94032287597656,86.45767211914062,87.12798309326172,87.36506652832031,88.48114776611328,89.53829193115234
0,self_attn,o_proj,1,4,5.681832790374756,3.9242196083068848,81.09113311767578,89.75006866455078,66.5726089477539,66.5726089477539,70.81636810302734,72.18916320800781,74.32649993896484,76.23356628417969,79.80552673339844,80.916259765625,82.20086669921875,82.89888763427734,84.99738311767578,85.419677734375,86.4986343383789,87.25758361816406,87.95977783203125,89.6152572631836,89.75006866455078
0,self_attn,o_proj,2,3,5.715641498565674,3.931586980819702,81.59989929199219,89.8985824584961,67.95850372314453,67.95850372314453,70.4825439453125,72.05873107910156,76.72136688232422,78.497314453125,79.90608215332031,81.61627960205078,82.28726959228516,83.68677520751953,85.10784912109375,85.52174377441406,85.8718490600586,87.67060089111328,88.8974380493164,89.41551971435547,89.8985824584961
0,self_attn,o_proj,2,4,5.706886291503906,3.9359054565429688,81.52890014648438,89.45093536376953,69.48159790039062,69.48159790039062,71.26412200927734,74.57180786132812,77.05060577392578,78.51191711425781,79.32960510253906,81.26905822753906,82.01927185058594,82.69511413574219,83.51199340820312,84.94358825683594,85.98372650146484,87.33053588867188,87.99972534179688,89.04876708984375,89.45093536376953
0,self_attn,o_proj,3,4,5.709151268005371,3.9352128505706787,81.55089569091797,89.83567810058594,68.23735809326172,68.23735809326172,72.6627197265625,73.91602325439453,75.37513732910156,77.49359893798828,81.25399017333984,81.97875213623047,83.46661376953125,83.77406311035156,84.05838775634766,84.58711242675781,84.964599609375,86.6155776977539,87.33936309814453,89.2553482055664,89.83567810058594
0,self_attn,q_proj,0,1,5.636404991149902,3.921340227127075,80.48031616210938,89.5278091430664,66.90516662597656,66.90516662597656,71.30812072753906,72.34336853027344,74.98777770996094,76.80321502685547,78.42507934570312,79.52788543701172,81.07809448242188,82.16520690917969,83.5005111694336,83.9901351928711,84.80316162109375,85.8922119140625,87.56339263916016,88.86389923095703,89.5278091430664
0,self_attn,q_proj,0,2,5.558902263641357,3.9049251079559326,79.33928680419922,89.19226837158203,67.92156982421875,67.92156982421875,69.3878173828125,71.12646484375,73.27997589111328,74.20016479492188,75.39578247070312,77.49393463134766,78.61205291748047,79.53218078613281,83.15239715576172,83.7985610961914,84.88200378417969,86.04684448242188,86.9603271484375,88.44623565673828,89.19226837158203
0,self_attn,q_proj,0,3,5.602409362792969,3.9158153533935547,79.99537658691406,89.1902847290039,69.2451400756836,69.2451400756836,70.57310485839844,71.59329986572266,72.81818389892578,76.5166015625,77.11084747314453,78.58856201171875,80.19961547851562,80.99519348144531,81.87236785888672,83.96891021728516,85.10135650634766,85.6247787475586,87.55877685546875,88.96891784667969,89.1902847290039
0,self_attn,q_proj,0,4,5.631443977355957,3.919292449951172,80.39906311035156,89.92476654052734,67.87284851074219,67.87284851074219,71.76477813720703,73.59378051757812,74.36182403564453,75.04476165771484,76.77052307128906,77.38433837890625,80.07044982910156,81.76024627685547,83.38219451904297,85.00740814208984,86.6255111694336,86.74442291259766,87.67925262451172,88.39798736572266,89.92476654052734
0,self_attn,q_proj,1,2,5.617763519287109,3.917025089263916,80.20118713378906,89.03136444091797,67.41671752929688,67.41671752929688,70.22783660888672,71.75908660888672,75.11563873291016,75.91349029541016,77.39427185058594,79.15735626220703,79.96175384521484,81.58031463623047,83.1962890625,84.176513671875,84.98186492919922,87.2500991821289,87.79058074951172,88.26570892333984,89.03136444091797
0,self_attn,q_proj,1,3,5.576564788818359,3.907731056213379,79.58776092529297,89.35686492919922,66.0597915649414,66.0597915649414,70.11253356933594,71.50401306152344,73.01776123046875,75.08209228515625,75.9262466430664,79.32718658447266,80.0875244140625,80.63539123535156,82.07968139648438,84.02635955810547,84.62029266357422,85.739501953125,86.92511749267578,88.90382385253906,89.35686492919922
0,self_attn,q_proj,1,4,5.651257038116455,3.9172632694244385,80.62774658203125,89.7691421508789,63.68959045410156,63.68959045410156,69.7371597290039,72.8560562133789,75.81416320800781,77.67459869384766,78.37371063232422,79.6116943359375,80.50065612792969,82.36132049560547,82.95494842529297,85.44062042236328,86.70484924316406,87.30008697509766,88.3372802734375,88.91798400878906,89.7691421508789
0,self_attn,q_proj,2,3,5.607593536376953,3.913438081741333,80.03783416748047,89.89421844482422,67.87984466552734,67.87984466552734,69.90251159667969,71.45841979980469,73.62899780273438,75.54037475585938,76.02410125732422,79.3994369506836,81.00878143310547,81.35838317871094,82.57453918457031,83.79243469238281,84.44537353515625,86.45623779296875,87.90550994873047,89.3361587524414,89.89421844482422
0,self_attn,q_proj,2,4,5.642463207244873,3.9225478172302246,80.5704345703125,89.853759765625,68.90042877197266,68.90042877197266,70.10706329345703,72.50310516357422,74.54069519042969,76.30293273925781,77.88591003417969,79.31243133544922,81.475830078125,82.78047943115234,83.58979034423828,84.43000793457031,86.06063842773438,86.25614929199219,87.28376770019531,87.84405517578125,89.853759765625
0,self_attn,q_proj,3,4,5.618320941925049,3.9184505939483643,80.22212219238281,89.44377136230469,66.98271942138672,66.98271942138672,71.72559356689453,72.57799530029297,74.80284118652344,75.64300537109375,77.3077392578125,79.0394058227539,79.82276153564453,82.35604858398438,82.61662292480469,84.46630859375,84.8011703491211,86.26164245605469,87.3272705078125,88.37902069091797,89.44377136230469
0,self_attn,v_proj,0,1,5.391836643218994,3.846653461456299,76.6764907836914,88.07726287841797,56.756317138671875,56.756317138671875,62.53876495361328,65.41062927246094,68.51177978515625,71.6108627319336,74.3541488647461,75.63101959228516,77.40653991699219,79.43621063232422,79.98738098144531,82.84674835205078,84.3413314819336,85.27157592773438,87.19341278076172,87.44979095458984,88.07726287841797
0,self_attn,v_proj,0,2,5.373240947723389,3.8390023708343506,76.37625122070312,89.49018096923828,57.25852966308594,57.25852966308594,62.023563385009766,63.66341781616211,67.315673828125,73.23834228515625,73.50511932373047,75.56133270263672,76.18647766113281,77.13114166259766,80.50105285644531,81.59669494628906,83.49468994140625,85.19415283203125,87.31867218017578,88.54092407226562,89.49018096923828
0,self_attn,v_proj,0,3,5.314840793609619,3.8269262313842773,75.54608154296875,89.67186737060547,55.11653137207031,55.11653137207031,61.00022506713867,65.47876739501953,67.3474349975586,70.83741760253906,72.8648681640625,74.1875991821289,76.5682601928711,77.60731506347656,78.89488220214844,81.72514343261719,81.95085906982422,82.2474365234375,85.69853973388672,87.54011535644531,89.67186737060547
0,self_attn,v_proj,0,4,5.38765287399292,3.844393730163574,76.58721923828125,89.76502227783203,51.907432556152344,51.907432556152344,64.8730239868164,67.36244201660156,68.66017150878906,73.69347381591797,74.1353530883789,76.30455017089844,76.85525512695312,79.67436981201172,80.10981750488281,80.77477264404297,83.67794036865234,83.82942199707031,85.67448425292969,88.09803771972656,89.76502227783203
0,self_attn,v_proj,1,2,5.353370189666748,3.833946704864502,76.08363342285156,89.11370849609375,55.18389892578125,55.18389892578125,63.979827880859375,66.00888061523438,66.94187927246094,69.97428894042969,72.15489196777344,74.2084732055664,75.715576171875,76.84944152832031,80.68284606933594,82.7228775024414,83.98747253417969,85.1626968383789,86.10572052001953,88.545654296875,89.11370849609375
0,self_attn,v_proj,1,3,5.342889308929443,3.8288776874542236,75.90763854980469,89.59838104248047,56.81904220581055,56.81904220581055,60.39643478393555,65.85162353515625,66.75428009033203,68.39128875732422,72.52005767822266,74.42588806152344,76.08744049072266,77.02626037597656,81.43817138671875,82.16447448730469,83.23956298828125,84.91033172607422,86.6565170288086,88.24249267578125,89.59838104248047
0,self_attn,v_proj,1,4,5.325796604156494,3.8180747032165527,75.57571411132812,89.73281860351562,51.748817443847656,51.748817443847656,60.86232376098633,64.07860565185547,68.2219467163086,69.01181030273438,71.17572784423828,75.01423645019531,76.80352020263672,78.17294311523438,79.27178192138672,81.78482055664062,83.56745910644531,84.99375915527344,86.59786224365234,88.17288970947266,89.73281860351562
0,self_attn,v_proj,2,3,5.345482349395752,3.8360702991485596,76.0120620727539,89.1264419555664,57.048667907714844,57.048667907714844,62.47602462768555,64.22396087646484,68.72418212890625,71.52651977539062,72.54447174072266,73.20210266113281,75.80609893798828,78.92423248291016,79.227294921875,81.87074279785156,83.73648071289062,84.95894622802734,85.2651138305664,87.53173828125,89.1264419555664
0,self_attn,v_proj,2,4,5.357185363769531,3.835933208465576,76.1490478515625,89.48170471191406,56.061607360839844,56.061607360839844,61.872154235839844,64.7767562866211,69.05481719970703,71.34109497070312,72.05668640136719,74.69588470458984,76.15760040283203,77.59754180908203,80.7518310546875,81.51272583007812,83.85853576660156,85.26537322998047,86.18428039550781,87.71621704101562,89.48170471191406
0,self_attn,v_proj,3,4,5.390297889709473,3.837484121322632,76.5599136352539,89.71060943603516,54.223228454589844,54.223228454589844,61.21452713012695,66.38855743408203,68.33934783935547,71.74099731445312,72.82212829589844,75.61957550048828,76.61775207519531,77.86323547363281,80.1926498413086,82.65850067138672,85.52838134765625,86.59535217285156,86.90071105957031,88.54299926757812,89.71060943603516
1,mlp,down_proj,0,1,5.830564022064209,3.959996461868286,83.38089752197266,89.8832778930664,72.01292419433594,72.01292419433594,76.8218002319336,78.61558532714844,79.6773681640625,80.54271697998047,81.76422119140625,82.45877075195312,83.94588470458984,85.3506088256836,85.81380462646484,85.92329406738281,86.65656280517578,87.20771789550781,87.88914489746094,89.5306625366211,89.8832778930664
1,mlp,down_proj,0,2,5.825767517089844,3.958076238632202,83.29950714111328,89.69660949707031,72.43841552734375,72.43841552734375,75.84757232666016,78.18022918701172,79.02969360351562,80.25769805908203,81.21546936035156,82.44585418701172,83.90736389160156,84.4964599609375,85.3601303100586,86.23251342773438,87.02951049804688,88.21260833740234,89.04125213623047,89.40081024169922,89.69660949707031
1,mlp,down_proj,0,3,5.822154998779297,3.9586172103881836,83.25666809082031,89.62713623046875,73.23755645751953,73.23755645751953,74.80596160888672,77.99172973632812,79.65624237060547,80.53638458251953,81.34999084472656,83.29951477050781,83.86217498779297,84.37660217285156,85.15145874023438,85.76472473144531,87.26378631591797,87.62037658691406,88.36265563964844,89.20042419433594,89.62713623046875
1,mlp,down_proj,0,4,5.833097457885742,3.96355938911438,83.44896697998047,89.19254302978516,76.03790283203125,76.03790283203125,76.68900299072266,78.39923858642578,79.74671936035156,80.62796783447266,82.29435729980469,82.53746795654297,83.2740478515625,83.72724151611328,84.9678726196289,85.6881103515625,86.37774658203125,87.67534637451172,88.86795806884766,89.07998657226562,89.19254302978516
1,mlp,down_proj,1,2,5.807584285736084,3.9585680961608887,83.06385803222656,88.90636444091797,74.27738952636719,74.27738952636719,76.14876556396484,77.74798583984375,78.79719543457031,79.5891342163086,81.73503875732422,82.54418182373047,82.92288970947266,83.63043212890625,84.55538177490234,86.68309020996094,87.13178253173828,87.65924072265625,88.17105865478516,88.52171325683594,88.90636444091797
1,mlp,down_proj,1,3,5.792637348175049,3.951935052871704,82.80284881591797,89.72083282470703,71.59081268310547,71.59081268310547,73.22588348388672,76.33098602294922,79.39617919921875,79.8509521484375,81.68359375,82.54977416992188,83.79330444335938,83.96096801757812,85.63135528564453,85.96116638183594,86.77225494384766,86.9086685180664,88.32388305664062,89.14498138427734,89.72083282470703
1,mlp,down_proj,1,4,5.7943243980407715,3.9536073207855225,82.84148406982422,89.55558776855469,72.93067932128906,72.93067932128906,74.18346405029297,75.65101623535156,79.38162994384766,79.80762481689453,81.14383697509766,82.68563842773438,83.4868392944336,84.35221862792969,84.76668548583984,86.18805694580078,86.52531433105469,87.83348846435547,88.08634948730469,88.88530731201172,89.55558776855469
1,mlp,down_proj,2,3,5.798789024353027,3.956423282623291,82.92696380615234,89.46228790283203,72.53821563720703,72.53821563720703,75.67932891845703,77.86268615722656,78.38438415527344,80.68505096435547,81.67710876464844,82.46768951416016,83.32859802246094,83.9763412475586,84.76626586914062,85.77650451660156,86.43512725830078,87.30158233642578,87.82307434082031,88.66722869873047,89.46228790283203
1,mlp,down_proj,2,4,5.8304443359375,3.9598608016967773,83.37908935546875,89.81665802001953,74.63938903808594,74.63938903808594,76.50035858154297,77.48419189453125,79.01043701171875,80.08985137939453,81.51142120361328,81.75635528564453,82.71700286865234,84.02017211914062,85.9075698852539,86.35892486572266,87.16053009033203,88.44052124023438,89.07434844970703,89.57768249511719,89.81665802001953
1,mlp,down_proj,3,4,5.77191162109375,3.9494998455047607,82.5073013305664,89.4637680053711,71.16228485107422,71.16228485107422,73.94245910644531,75.98210144042969,78.5204849243164,79.45738983154297,81.579833984375,82.177734375,82.61421203613281,83.51881408691406,85.33629608154297,85.99344635009766,86.28958129882812,87.21089935302734,88.1043472290039,88.76317596435547,89.4637680053711
1,mlp,gate_proj,0,1,5.626752853393555,3.8707022666931152,79.78703308105469,89.90691375732422,47.69151306152344,47.69151306152344,60.96969223022461,67.07904052734375,75.31595611572266,78.3869857788086,81.27601623535156,83.16339874267578,83.99212646484375,84.86831665039062,85.57373809814453,85.93867492675781,86.55673217773438,88.15111541748047,88.49932098388672,89.22296142578125,89.90691375732422
1,mlp,gate_proj,0,2,5.671627521514893,3.878383159637451,80.39818572998047,89.81797790527344,42.96731948852539,42.96731948852539,66.12091064453125,69.91778564453125,77.48658752441406,80.98739624023438,81.596435546875,82.72616577148438,83.52442169189453,85.35823822021484,86.0776596069336,86.80774688720703,86.99308013916016,87.51871490478516,89.09793090820312,89.37256622314453,89.81797790527344
1,mlp,gate_proj,0,3,5.668093204498291,3.872840642929077,80.30613708496094,89.94841003417969,43.933876037597656,43.933876037597656,62.072837829589844,70.7293472290039,76.4266128540039,78.12689208984375,81.34793090820312,84.11576080322266,84.86476135253906,85.7108154296875,86.35486602783203,86.97077178955078,87.46401977539062,88.37811279296875,88.78825378417969,89.6650390625,89.94841003417969
1,mlp,gate_proj,0,4,5.61524772644043,3.854076385498047,79.38103485107422,89.67138671875,38.369380950927734,38.369380950927734,62.83957290649414,68.8271255493164,75.49273681640625,77.25650787353516,79.66002655029297,81.87999725341797,84.15351867675781,85.34351348876953,85.5974349975586,86.91976928710938,87.62830352783203,88.20161437988281,88.83432006835938,89.42131805419922,89.67138671875
1,mlp,gate_proj,1,2,5.6777472496032715,3.8886666297912598,80.63715362548828,89.9816665649414,49.838653564453125,49.838653564453125,66.10114288330078,68.00052642822266,76.1798324584961,80.2798843383789,81.47077941894531,81.5667495727539,83.4469985961914,85.48285675048828,86.2394790649414,87.33687591552734,87.79585266113281,88.05362701416016,88.80313873291016,89.61637115478516,89.9816665649414
1,mlp,gate_proj,1,3,5.6217756271362305,3.8751518726348877,79.77897644042969,89.88826751708984,48.85171127319336,48.85171127319336,62.16416931152344,69.30110931396484,74.84092712402344,76.21744537353516,79.55867767333984,82.51909637451172,84.51058197021484,85.14261627197266,85.48515319824219,86.59476470947266,87.00193786621094,87.50047302246094,87.92980194091797,88.95691680908203,89.88826751708984
1,mlp,gate_proj,1,4,5.57643985748291,3.856884002685547,79.00619506835938,89.63929748535156,46.779998779296875,46.779998779296875,60.109466552734375,65.98693084716797,72.37663269042969,76.05860900878906,79.59712219238281,81.62748718261719,82.57997131347656,85.16651153564453,85.94136810302734,86.58271026611328,87.28768920898438,87.52674865722656,88.22884368896484,88.6097183227539,89.63929748535156
1,mlp,gate_proj,2,3,5.693078517913818,3.8903467655181885,80.83805084228516,89.84661865234375,48.50856018066406,48.50856018066406,62.88603973388672,73.24894714355469,78.29183197021484,80.67129516601562,81.31957244873047,83.013671875,83.0734634399414,85.77091217041016,86.3511734008789,86.82760620117188,87.84272766113281,88.06869506835938,88.76760864257812,88.92015075683594,89.84661865234375
1,mlp,gate_proj,2,4,5.641628265380859,3.871826171875,79.94618225097656,89.8131332397461,42.503013610839844,42.503013610839844,66.30619049072266,71.01397705078125,72.60716247558594,78.81073760986328,81.79950714111328,82.05198669433594,84.06375122070312,85.36726379394531,85.89751434326172,86.18255615234375,87.19801330566406,87.72074127197266,88.40878295898438,89.39460754394531,89.8131332397461
1,mlp,gate_proj,3,4,5.602538108825684,3.8596115112304688,79.3284683227539,89.54076385498047,43.07766342163086,43.07766342163086,61.75341033935547,65.72383117675781,76.0194320678711,79.10397338867188,81.41499328613281,81.95458984375,83.35987854003906,84.63562774658203,85.131591796875,85.47370147705078,87.0360336303711,87.92591857910156,88.3602294921875,88.74382019042969,89.54076385498047
1,mlp,up_proj,0,1,5.5029377937316895,3.8275234699249268,77.71551513671875,89.71646118164062,39.6796875,39.6796875,57.215415954589844,64.5908432006836,72.96154022216797,75.52346801757812,77.56275177001953,79.7250747680664,81.88581085205078,84.30805969238281,84.55409240722656,85.62590026855469,86.05487823486328,86.9039077758789,87.78559875488281,89.35478973388672,89.71646118164062
1,mlp,up_proj,0,2,5.503383636474609,3.800217628479004,77.31646728515625,89.95059204101562,32.765865325927734,32.765865325927734,51.14103698730469,64.42241668701172,68.52178955078125,78.14363098144531,79.82498168945312,80.97903442382812,83.33572387695312,84.31135559082031,85.8276138305664,86.0825424194336,87.06034088134766,87.46849060058594,88.12667846679688,89.10136413574219,89.95059204101562
1,mlp,up_proj,0,3,5.520211219787598,3.8268795013427734,77.91358184814453,89.8869400024414,38.30998992919922,38.30998992919922,60.0823974609375,64.64642333984375,69.8213882446289,73.88188171386719,77.28323364257812,82.08740997314453,82.97492980957031,84.11421966552734,84.8912582397461,86.17692565917969,86.68516540527344,87.54300689697266,88.54849243164062,89.68357849121094,89.8869400024414
1,mlp,up_proj,0,4,5.493780136108398,3.815446615219116,77.43891906738281,89.99564361572266,36.32276153564453,36.32276153564453,59.469032287597656,62.33411407470703,70.30473327636719,72.44304656982422,77.31767272949219,80.10877227783203,84.07855987548828,84.7612533569336,85.69927215576172,85.9256362915039,86.85918426513672,87.2616958618164,87.69951629638672,88.44181823730469,89.99564361572266
1,mlp,up_proj,1,2,5.571029186248779,3.8286681175231934,78.54136657714844,89.97008514404297,37.25640869140625,37.25640869140625,56.38456344604492,64.4678955078125,70.95057678222656,78.83248901367188,80.91851043701172,83.06221008300781,83.99958801269531,84.52249908447266,86.1645736694336,86.72953796386719,87.13983917236328,87.9636001586914,88.96965026855469,89.32990264892578,89.97008514404297
1,mlp,up_proj,1,3,5.5380754470825195,3.8458163738250732,78.3595199584961,89.39250946044922,41.11663818359375,41.11663818359375,60.81349563598633,67.25105285644531,73.34307861328125,76.91476440429688,79.16093444824219,80.64364624023438,81.28985595703125,83.23225402832031,84.53278350830078,85.70098876953125,86.46218872070312,87.2747573852539,87.83161926269531,88.79168701171875,89.39250946044922
1,mlp,up_proj,1,4,5.551564693450928,3.848968982696533,78.55058288574219,89.56958770751953,39.896793365478516,39.896793365478516,64.07091522216797,69.78034973144531,72.64168548583984,74.40042877197266,77.59765625,80.38135528564453,82.61165618896484,83.16171264648438,84.33646392822266,85.89569854736328,86.73082733154297,88.13975524902344,88.72634887695312,88.8680419921875,89.56958770751953
1,mlp,up_proj,2,3,5.51806116104126,3.819708824157715,77.76953887939453,89.96057891845703,35.61570739746094,35.61570739746094,57.789119720458984,65.10594940185547,70.19860076904297,76.28168487548828,78.07295989990234,79.22534942626953,82.83972930908203,84.81780242919922,85.29788970947266,86.73162078857422,87.16890716552734,87.72048950195312,88.01335144042969,89.47288513183594,89.96057891845703
1,mlp,up_proj,2,4,5.501154899597168,3.8045244216918945,77.34585571289062,89.94725799560547,33.29866409301758,33.29866409301758,52.843902587890625,61.816673278808594,71.47347259521484,78.55947875976562,79.99763488769531,81.39462280273438,82.89593505859375,84.3744125366211,85.01193237304688,85.37359619140625,86.72248840332031,87.3515853881836,88.1513671875,88.3206787109375,89.94725799560547
1,mlp,up_proj,3,4,5.538789749145508,3.836408853530884,78.26126098632812,89.97109985351562,39.44670867919922,39.44670867919922,64.75984191894531,64.95064544677734,67.80673217773438,75.3666763305664,78.41922760009766,79.78732299804688,80.872314453125,84.78312683105469,85.6328125,86.91704559326172,87.40508270263672,87.7035903930664,88.72721099853516,89.6307144165039,89.97109985351562
1,self_attn,k_proj,0,1,4.6595940589904785,3.5363452434539795,65.08036804199219,89.26518249511719,40.67256546020508,40.67256546020508,42.510719299316406,48.86383056640625,51.5345458984375,53.0247688293457,57.03435516357422,59.6835823059082,63.76925277709961,66.51277923583984,72.54481506347656,74.17676544189453,74.7552719116211,80.85107421875,81.85332489013672,84.23299407958984,89.26518249511719
1,self_attn,k_proj,0,2,4.726348400115967,3.5675599575042725,66.07478332519531,88.37153625488281,39.37738800048828,39.37738800048828,41.639705657958984,49.77251434326172,52.381309509277344,56.50957489013672,57.87062454223633,61.609989166259766,66.67237091064453,71.91140747070312,72.85507202148438,76.35824584960938,77.51764678955078,78.55584716796875,82.30302429199219,83.49026489257812,88.37153625488281
1,self_attn,k_proj,0,3,4.809357643127441,3.60539174079895,67.40687561035156,88.77032470703125,41.53373718261719,41.53373718261719,44.85566711425781,51.84207534790039,52.944557189941406,58.43684768676758,60.95147705078125,64.23136901855469,68.02276611328125,70.08232879638672,73.12831115722656,75.57364654541016,78.16340637207031,79.08880615234375,83.96925354003906,86.91548919677734,88.77032470703125
1,self_attn,k_proj,0,4,4.714602470397949,3.5517778396606445,65.7965087890625,88.61051940917969,38.28022003173828,38.28022003173828,46.22692108154297,47.23820877075195,50.5130729675293,52.57915115356445,59.13331604003906,61.2738151550293,64.83921813964844,69.72004699707031,73.06878662109375,75.52238464355469,76.10652160644531,78.43749237060547,83.42427062988281,87.77021789550781,88.61051940917969
1,self_attn,k_proj,1,2,4.8293843269348145,3.607529401779175,67.66624450683594,89.73104858398438,42.4971809387207,42.4971809387207,47.21184158325195,49.802459716796875,53.310787200927734,58.370819091796875,61.04378128051758,64.7667465209961,66.20462799072266,69.20213317871094,72.77214813232422,74.59166717529297,78.73966979980469,81.54761505126953,84.96456146240234,87.90294647216797,89.73104858398438
1,self_attn,k_proj,1,3,4.856310844421387,3.616955280303955,67.95421600341797,86.6986083984375,36.09028625488281,36.09028625488281,44.59317398071289,51.43832778930664,53.989078521728516,59.489959716796875,63.047176361083984,67.72103881835938,68.96666717529297,71.90103912353516,74.93079376220703,76.64360809326172,79.4253921508789,82.34461212158203,84.57037353515625,85.41732788085938,86.6986083984375
1,self_attn,k_proj,1,4,4.667766094207764,3.5397980213165283,65.2193603515625,88.63655853271484,40.661685943603516,40.661685943603516,44.969093322753906,47.279747009277344,50.20702362060547,55.51324462890625,59.62993240356445,60.20473861694336,62.255027770996094,65.70201873779297,70.02454376220703,73.8396987915039,73.9514389038086,80.29938507080078,83.82877349853516,86.50690460205078,88.63655853271484
1,self_attn,k_proj,2,3,4.8836774826049805,3.6451961994171143,68.6759033203125,87.5003433227539,44.71207046508789,44.71207046508789,49.484249114990234,54.48311996459961,55.74397277832031,57.98942184448242,59.076290130615234,66.35694885253906,66.89702606201172,73.46434783935547,75.0053939819336,76.75025177001953,78.75193786621094,83.68070983886719,84.11072540283203,84.80769348144531,87.5003433227539
1,self_attn,k_proj,2,4,4.9047746658325195,3.6341981887817383,68.74868774414062,89.30877685546875,41.91965866088867,41.91965866088867,45.59192657470703,50.96812057495117,57.72139358520508,59.59495544433594,62.65886688232422,64.79985809326172,68.12515258789062,71.70173645019531,74.14209747314453,76.07015228271484,79.4617691040039,84.8874282836914,85.9848861694336,87.04216766357422,89.30877685546875
1,self_attn,k_proj,3,4,4.703159809112549,3.566431999206543,65.9088363647461,87.7576675415039,43.175960540771484,43.175960540771484,47.918006896972656,48.57143020629883,52.41995620727539,56.2994499206543,57.24894332885742,60.20747375488281,63.75968933105469,67.59691619873047,69.97110748291016,72.81171417236328,78.09178924560547,78.93376922607422,84.2723388671875,85.50515747070312,87.7576675415039
1,self_attn,o_proj,0,1,5.6273369789123535,3.908642530441284,80.23243713378906,89.75933837890625,60.760807037353516,60.760807037353516,69.32210540771484,71.44644927978516,73.51375579833984,76.85917663574219,79.63959503173828,80.88379669189453,82.17314147949219,82.73045349121094,83.81148529052734,84.52064514160156,84.9697036743164,86.73172760009766,87.58462524414062,89.01216125488281,89.75933837890625
1,self_attn,o_proj,0,2,5.662651062011719,3.9227843284606934,80.8273696899414,89.20601654052734,64.06430053710938,64.06430053710938,71.93287658691406,72.91569519042969,75.45466613769531,77.08149719238281,80.16661834716797,80.81671905517578,81.39981842041016,82.87818145751953,83.18809509277344,84.67699432373047,85.95356750488281,87.24430847167969,87.453369140625,88.8051986694336,89.20601654052734
1,self_attn,o_proj,0,3,5.64025354385376,3.913674831390381,80.45166778564453,89.91272735595703,63.29672622680664,63.29672622680664,70.30780029296875,71.32212829589844,74.14836883544922,77.23460388183594,78.18213653564453,79.96623992919922,80.91343688964844,82.26138305664062,83.79786682128906,85.37675476074219,85.94650268554688,87.7302474975586,88.16069793701172,88.66910552978516,89.91272735595703
1,self_attn,o_proj,0,4,5.651652812957764,3.916355848312378,80.62203979492188,89.83274841308594,62.546451568603516,62.546451568603516,71.21353912353516,72.10798645019531,74.11817932128906,76.27149200439453,79.56866455078125,80.51899719238281,82.06153869628906,83.63209533691406,84.26891326904297,84.7071533203125,85.45528411865234,87.50181579589844,87.69734954833984,88.45049285888672,89.83274841308594
1,self_attn,o_proj,1,2,5.605020046234131,3.9070863723754883,79.93804931640625,89.84577178955078,64.46258544921875,64.46258544921875,66.33673095703125,72.10604095458984,73.18291473388672,76.1697769165039,77.34215545654297,79.51256561279297,81.9476547241211,82.34622955322266,83.72896575927734,84.78189086914062,85.5744400024414,86.1812973022461,87.06595611572266,88.423828125,89.84577178955078
1,self_attn,o_proj,1,3,5.60032320022583,3.8947062492370605,79.75038146972656,89.27593994140625,60.36848831176758,60.36848831176758,65.11051177978516,68.73971557617188,73.06912231445312,75.34203338623047,78.41593933105469,79.11791229248047,82.56365203857422,83.03677368164062,84.65460968017578,85.51542663574219,86.76054382324219,87.4804916381836,87.96134948730469,88.59349060058594,89.27593994140625
1,self_attn,o_proj,1,4,5.622139930725098,3.905611991882324,80.13705444335938,89.33468627929688,61.409461975097656,61.409461975097656,67.34654235839844,70.45219421386719,73.50264739990234,76.95918273925781,78.32511901855469,81.0187759399414,82.49481201171875,83.03959655761719,84.17851257324219,84.76851654052734,86.39691162109375,86.88430786132812,87.34918212890625,88.73246002197266,89.33468627929688
1,self_attn,o_proj,2,3,5.652010917663574,3.913706064224243,80.60038757324219,89.6029281616211,63.775814056396484,63.775814056396484,66.1718521118164,72.32847595214844,75.35617065429688,76.32360076904297,80.15544128417969,81.29280090332031,81.68202209472656,82.9496078491211,84.88665771484375,85.41570281982422,86.05485534667969,86.82650756835938,87.42411804199219,89.35953521728516,89.6029281616211
1,self_attn,o_proj,2,4,5.639180660247803,3.914407730102539,80.44668579101562,89.62499237060547,64.80597686767578,64.80597686767578,69.88299560546875,71.75934600830078,73.5318603515625,74.00315856933594,79.95307922363281,80.3809814453125,81.96538543701172,83.23160552978516,83.57589721679688,84.42935943603516,85.64850616455078,87.06468963623047,87.87319946289062,89.4159927368164,89.62499237060547
1,self_attn,o_proj,3,4,5.624116897583008,3.9066081047058105,80.171630859375,89.99475860595703,61.66521072387695,61.66521072387695,67.18263244628906,69.17909240722656,75.16996765136719,78.29877471923828,79.30570220947266,80.01004028320312,82.1924819946289,82.75096130371094,84.0128173828125,85.00653076171875,85.63993835449219,86.23481750488281,87.9215087890625,88.180908203125,89.99475860595703
1,self_attn,q_proj,0,1,5.2918171882629395,3.812993288040161,75.13836669921875,89.58802795410156,57.86513900756836,57.86513900756836,60.244022369384766,62.621341705322266,64.23085021972656,67.4332046508789,71.03704071044922,74.16587829589844,75.07881164550781,77.96700286865234,78.52210235595703,81.08617401123047,83.02611541748047,83.46183013916016,87.21296691894531,88.67340087890625,89.58802795410156
1,self_attn,q_proj,0,2,5.268463611602783,3.803168296813965,74.7523422241211,89.8523941040039,55.25350570678711,55.25350570678711,57.69047927856445,63.86064147949219,64.70845031738281,68.58570861816406,70.16012573242188,72.80439758300781,73.8758544921875,75.9229736328125,81.07414245605469,81.35669708251953,83.61709594726562,84.33844757080078,85.82039642333984,87.11609649658203,89.8523941040039
1,self_attn,q_proj,0,3,5.2858991622924805,3.8139705657958984,75.06270599365234,88.57685852050781,54.09436798095703,54.09436798095703,59.51585388183594,61.834327697753906,67.16417694091797,70.55978393554688,73.23827362060547,74.0094223022461,76.46430206298828,78.00318145751953,78.09803771972656,79.92411804199219,82.19892883300781,83.42034912109375,86.46688842773438,87.43438720703125,88.57685852050781
1,self_attn,q_proj,0,4,5.335052967071533,3.8264641761779785,75.78434753417969,89.10701751708984,56.70619583129883,56.70619583129883,58.18062210083008,65.5551986694336,67.09444427490234,69.87669372558594,73.06977081298828,74.24165344238281,76.3663330078125,77.75951385498047,80.15373229980469,81.87793731689453,82.69857788085938,84.42146301269531,86.82931518554688,88.6111068725586,89.10701751708984
1,self_attn,q_proj,1,2,5.296415328979492,3.8215887546539307,75.2801513671875,89.97750854492188,57.267608642578125,57.267608642578125,61.24773025512695,63.74550247192383,66.39926147460938,70.7000732421875,71.10315704345703,74.06319427490234,74.90829467773438,76.4926528930664,77.95521545410156,81.19878387451172,81.59374237060547,85.04569244384766,85.87704467773438,86.90694427490234,89.97750854492188
1,self_attn,q_proj,1,3,5.297855377197266,3.8108291625976562,75.1689224243164,89.74103546142578,52.928466796875,52.928466796875,59.99900817871094,60.30499267578125,68.093994140625,69.4621353149414,72.26615142822266,73.75787353515625,75.77606964111328,78.46903228759766,80.3656234741211,81.38599395751953,82.3438949584961,84.46099090576172,85.45110321044922,87.89643096923828,89.74103546142578
1,self_attn,q_proj,1,4,5.325590133666992,3.823669195175171,75.64907836914062,89.5893783569336,57.25007247924805,57.25007247924805,60.655941009521484,63.085693359375,68.04682922363281,68.4133529663086,71.73184204101562,73.64973449707031,75.09153747558594,78.16749572753906,79.1846694946289,81.34745025634766,83.85932922363281,84.74243927001953,87.12255096435547,88.44686126708984,89.5893783569336
1,self_attn,q_proj,2,3,5.335741996765137,3.8205461502075195,75.73847198486328,89.25955200195312,56.9575080871582,56.9575080871582,60.84889602661133,63.54975128173828,63.79792404174805,68.49620819091797,71.7330093383789,74.2760009765625,75.59834289550781,78.086181640625,80.48755645751953,81.35889434814453,84.37163543701172,87.13644409179688,87.40624237060547,88.45142364501953,89.25955200195312
1,self_attn,q_proj,2,4,5.345132350921631,3.8286044597625732,75.9301528930664,89.53937530517578,56.752723693847656,56.752723693847656,60.42147445678711,64.12022399902344,65.88475799560547,71.3299331665039,71.91575622558594,73.92186737060547,76.6421127319336,78.92195892333984,80.01697540283203,82.02652740478516,83.16094207763672,85.41753387451172,86.76628112792969,88.0440444946289,89.53937530517578
1,self_attn,q_proj,3,4,5.325646877288818,3.826162576675415,75.66893005371094,89.98983764648438,55.40555953979492,55.40555953979492,60.987083435058594,63.810977935791016,69.43896484375,70.00019073486328,71.78085327148438,73.10894775390625,75.35259246826172,77.93437194824219,80.32807922363281,82.97248840332031,83.1111068725586,83.59667205810547,85.77689361572266,87.10831451416016,89.98983764648438
1,self_attn,v_proj,0,1,5.2113752365112305,3.758065938949585,73.58036804199219,89.21368408203125,49.394893646240234,49.394893646240234,53.075439453125,58.22373962402344,61.63541030883789,63.897090911865234,69.69253540039062,72.29838562011719,73.59799194335938,78.09374237060547,81.80342102050781,82.61455535888672,83.63945770263672,85.03986358642578,87.0602035522461,88.00553131103516,89.21368408203125
1,self_attn,v_proj,0,2,5.123160362243652,3.7386319637298584,72.35636138916016,89.61866760253906,48.351341247558594,48.351341247558594,52.35420227050781,58.18730163574219,61.1578369140625,64.9844741821289,69.12393188476562,70.65428924560547,71.86109924316406,75.13336181640625,77.49095916748047,79.65741729736328,82.22213745117188,83.37501525878906,85.00166320800781,88.528076171875,89.61866760253906
1,self_attn,v_proj,0,3,5.172781944274902,3.750410795211792,73.04298400878906,89.82833862304688,45.55564498901367,45.55564498901367,57.804508209228516,59.23403549194336,60.54833984375,63.96104431152344,68.07410430908203,70.33793640136719,75.3149185180664,75.86763000488281,78.83490753173828,81.49642181396484,83.50147247314453,84.63217163085938,85.85419464111328,87.8421859741211,89.82833862304688
1,self_attn,v_proj,0,4,5.181782245635986,3.757581949234009,73.2341537475586,89.33699798583984,48.20652770996094,48.20652770996094,56.56327819824219,58.11140441894531,60.88379669189453,65.32263946533203,70.05975341796875,71.96245574951172,73.16766357421875,77.1783218383789,78.75881958007812,79.3908462524414,83.5010986328125,85.49797058105469,85.96243286132812,87.84244537353516,89.33699798583984
1,self_attn,v_proj,1,2,5.220174789428711,3.767719030380249,73.79264068603516,89.7509536743164,51.54704666137695,51.54704666137695,52.94378662109375,57.81650161743164,63.67118453979492,67.23241424560547,68.05738830566406,72.77618408203125,74.45794677734375,76.79998779296875,80.04808807373047,82.12136840820312,84.0281982421875,84.49451446533203,86.64608001708984,88.29063415527344,89.7509536743164
1,self_attn,v_proj,1,3,5.207645893096924,3.755925416946411,73.50405883789062,89.86524963378906,49.16960906982422,49.16960906982422,52.33810043334961,57.27570724487305,58.62445831298828,65.7522964477539,72.47441101074219,73.26416778564453,76.77428436279297,77.85603332519531,78.53840637207031,81.75665283203125,83.03811645507812,84.05323028564453,86.24630737304688,89.0379867553711,89.86524963378906
1,self_attn,v_proj,1,4,5.142589092254639,3.747450113296509,72.6767578125,89.3184585571289,48.50639724731445,48.50639724731445,53.542198181152344,59.77177429199219,62.350128173828125,64.23329162597656,67.71295928955078,71.91924285888672,73.22055053710938,75.35729217529297,77.66739654541016,80.14230346679688,81.61990356445312,82.00677490234375,86.745361328125,88.7140884399414,89.3184585571289
1,self_attn,v_proj,2,3,5.169867038726807,3.7582287788391113,73.10842895507812,89.83628845214844,49.21474075317383,49.21474075317383,55.14266586303711,60.053340911865234,61.529293060302734,64.54119110107422,69.83291625976562,72.45355224609375,73.80337524414062,75.68832397460938,77.78288269042969,79.62703704833984,81.5711441040039,85.23548126220703,86.00951385498047,87.41317749023438,89.83628845214844
1,self_attn,v_proj,2,4,5.153172492980957,3.7495110034942627,72.82078552246094,89.95372772216797,49.64097213745117,49.64097213745117,54.78475570678711,56.29119110107422,60.1973762512207,66.64884185791016,68.47582244873047,70.72404479980469,76.32472229003906,77.1551742553711,77.580078125,78.48273468017578,81.16059112548828,83.390380859375,86.37797546386719,87.94428253173828,89.95372772216797
1,self_attn,v_proj,3,4,5.119743347167969,3.734929323196411,72.27392578125,89.04358673095703,47.80630874633789,47.80630874633789,53.18052673339844,56.030677795410156,61.1865119934082,64.05488586425781,68.91243743896484,70.46197509765625,73.13455963134766,75.37020111083984,78.35889434814453,79.42096710205078,80.83490753173828,84.51880645751953,86.28824615478516,87.77935028076172,89.04358673095703
2,mlp,down_proj,0,1,5.851349830627441,3.9622840881347656,83.67909240722656,89.54470825195312,72.9971694946289,72.9971694946289,76.99897766113281,78.32157135009766,79.58068084716797,80.73909759521484,81.64180755615234,82.90441131591797,83.93596649169922,85.79340362548828,86.17549896240234,86.5432357788086,87.43578338623047,88.35364532470703,88.72266387939453,89.17684936523438,89.54470825195312
2,mlp,down_proj,0,2,5.840975761413574,3.9586262702941895,83.50540161132812,89.81609344482422,70.79595947265625,70.79595947265625,74.71758270263672,79.24977111816406,79.32869720458984,81.43450164794922,82.90243530273438,83.79683685302734,84.1740951538086,84.80331420898438,85.4438247680664,86.06428527832031,87.33733367919922,88.04190063476562,88.86385345458984,89.3159408569336,89.81609344482422
2,mlp,down_proj,0,3,5.825325965881348,3.9579296112060547,83.29173278808594,89.88543701171875,71.91976928710938,71.91976928710938,75.90232849121094,76.68281555175781,78.6037368774414,81.29000091552734,82.81690979003906,83.70356750488281,84.05536651611328,84.3996353149414,85.10836029052734,86.64644622802734,87.37879943847656,87.78302001953125,87.97866821289062,88.51292419433594,89.88543701171875
2,mlp,down_proj,0,4,5.862050533294678,3.9635860919952393,83.83374786376953,89.93043518066406,72.9391098022461,72.9391098022461,75.71994018554688,79.50162506103516,80.38040161132812,82.21796417236328,82.42420959472656,82.927978515625,84.00363159179688,84.81553649902344,85.70028686523438,87.22905731201172,87.36658477783203,87.75884246826172,89.06069946289062,89.36363983154297,89.93043518066406
2,mlp,down_proj,1,2,5.842973232269287,3.9633846282958984,83.57763671875,89.70209503173828,73.289306640625,73.289306640625,75.72918701171875,79.56071472167969,80.1740951538086,81.84212493896484,83.0658187866211,83.81754302978516,84.140869140625,84.36534881591797,85.25407409667969,85.99150848388672,86.64283752441406,86.94573211669922,87.86293029785156,88.85796356201172,89.70209503173828
2,mlp,down_proj,1,3,5.816744327545166,3.9621987342834473,83.21879577636719,89.37384033203125,73.81707000732422,73.81707000732422,76.74520111083984,79.34944152832031,80.56999206542969,80.93989562988281,82.23492431640625,82.764404296875,83.12882232666016,83.69147491455078,84.87689971923828,85.5885238647461,86.65093231201172,86.89493560791016,87.0855484008789,87.78880310058594,89.37384033203125
2,mlp,down_proj,1,4,5.862533092498779,3.9647932052612305,83.85163879394531,89.9450454711914,72.94255828857422,72.94255828857422,77.42098236083984,79.50390625,80.08583068847656,81.425048828125,82.93794250488281,83.84205627441406,84.08867645263672,85.13044738769531,85.29522705078125,85.63367462158203,86.55927276611328,88.24166107177734,88.9496078491211,89.6242904663086,89.9450454711914
2,mlp,down_proj,2,3,5.8185834884643555,3.956613063812256,83.18959045410156,89.5845947265625,71.04544830322266,71.04544830322266,75.03316497802734,77.69148254394531,79.60608673095703,81.01242065429688,81.81196594238281,83.28485870361328,83.75296020507812,84.7614974975586,85.70265197753906,86.01691436767578,86.86370849609375,87.46276092529297,88.62820434570312,88.77479553222656,89.5845947265625
2,mlp,down_proj,2,4,5.838979244232178,3.9618184566497803,83.50953674316406,89.44152069091797,71.5623550415039,71.5623550415039,77.82836151123047,79.52975463867188,80.44145965576172,81.72320556640625,82.11735534667969,82.51839447021484,82.69723510742188,84.77095794677734,85.09992218017578,85.74962615966797,86.86043548583984,87.9405746459961,88.5293960571289,89.34205627441406,89.44152069091797
2,mlp,down_proj,3,4,5.856746196746826,3.9648618698120117,83.77558898925781,89.91313171386719,75.17285919189453,75.17285919189453,76.96990966796875,77.8360366821289,79.31566619873047,81.16804504394531,82.45174407958984,83.54087829589844,84.69783020019531,84.94061279296875,85.93585205078125,86.2603530883789,86.78950500488281,87.55709075927734,88.6458511352539,89.214111328125,89.91313171386719
2,mlp,gate_proj,0,1,5.864818572998047,3.958615779876709,83.8204116821289,89.81805419921875,67.72129821777344,67.72129821777344,75.35413360595703,80.33268737792969,80.5968246459961,82.39799499511719,82.8292236328125,84.17044067382812,84.65409851074219,86.20388793945312,86.39647674560547,86.90595245361328,87.42024993896484,88.47136688232422,88.67924499511719,89.1746597290039,89.81805419921875
2,mlp,gate_proj,0,2,5.861021995544434,3.9576849937438965,83.76058959960938,89.54458618164062,67.15254211425781,67.15254211425781,76.4698257446289,78.58037567138672,81.33714294433594,82.3524398803711,82.73108673095703,84.04387664794922,84.7009506225586,85.17012023925781,86.45252227783203,87.0885238647461,87.93722534179688,88.08452606201172,89.0687026977539,89.45498657226562,89.54458618164062
2,mlp,gate_proj,0,3,5.887185096740723,3.960703134536743,84.13996887207031,89.73683166503906,68.2003402709961,68.2003402709961,77.33615112304688,78.36436462402344,80.91703796386719,82.1628189086914,82.25226593017578,84.56755828857422,85.46614074707031,86.57754516601562,87.3309555053711,87.68600463867188,88.00630187988281,88.81166076660156,89.13715362548828,89.68644714355469,89.73683166503906
2,mlp,gate_proj,0,4,5.8896484375,3.961134433746338,84.17550659179688,89.804443359375,67.07495880126953,67.07495880126953,76.4818344116211,80.52117919921875,82.1819076538086,82.79822540283203,83.71900177001953,84.27183532714844,85.24490356445312,85.82626342773438,86.96307373046875,87.34586334228516,87.95589447021484,88.20523071289062,89.14863586425781,89.26481628417969,89.804443359375
2,mlp,gate_proj,1,2,5.845034122467041,3.953126907348633,83.50051879882812,89.69930267333984,64.21057891845703,64.21057891845703,76.57445526123047,79.97531127929688,80.09166717529297,82.08391571044922,82.90143585205078,84.66619873046875,85.0038070678711,85.07206726074219,86.06128692626953,86.84921264648438,87.80867767333984,87.90869140625,88.46905517578125,88.63265991210938,89.69930267333984
2,mlp,gate_proj,1,3,5.861705780029297,3.954324245452881,83.7364730834961,89.74211120605469,65.94037628173828,65.94037628173828,75.27689361572266,77.1827163696289,80.63506317138672,82.25391387939453,83.67044067382812,85.32249450683594,85.58697509765625,85.77565002441406,86.79042053222656,87.04737854003906,87.83073425292969,88.34175872802734,88.95793151855469,89.42870330810547,89.74211120605469
2,mlp,gate_proj,1,4,5.856817245483398,3.9522757530212402,83.65000915527344,89.83631134033203,64.49055480957031,64.49055480957031,76.22272491455078,77.26568603515625,79.89049530029297,82.52406311035156,83.57553100585938,83.75342559814453,86.22978210449219,86.6333236694336,86.94900512695312,87.16869354248047,87.57757568359375,87.89117431640625,88.88876342773438,89.50311279296875,89.83631134033203
2,mlp,gate_proj,2,3,5.853671073913574,3.954949378967285,83.63560485839844,89.8542709350586,66.03739929199219,66.03739929199219,76.92684173583984,78.2612533569336,79.12860870361328,82.01380157470703,82.88958740234375,84.30699157714844,85.62876892089844,86.23722839355469,86.44314575195312,86.87998962402344,87.27739715576172,88.10716247558594,88.81562042236328,89.36160278320312,89.8542709350586
2,mlp,gate_proj,2,4,5.836247444152832,3.950505256652832,83.35850524902344,89.87935638427734,63.806461334228516,63.806461334228516,75.85296630859375,79.101806640625,80.62811279296875,81.4183120727539,82.4549331665039,83.89947509765625,84.44119262695312,85.42813110351562,86.70380401611328,86.86881256103516,87.43982696533203,88.2572250366211,88.65962982177734,88.89604949951172,89.87935638427734
2,mlp,gate_proj,3,4,5.859872341156006,3.9529411792755127,83.69895935058594,89.88684844970703,65.67867279052734,65.67867279052734,76.10411071777344,76.64129638671875,79.36280822753906,82.17581176757812,83.22931671142578,84.68353271484375,85.41468048095703,86.06483459472656,86.6619873046875,87.09886169433594,88.28289794921875,88.91680145263672,89.34672546386719,89.6342544555664,89.88684844970703
2,mlp,up_proj,0,1,5.628836631774902,3.901841402053833,80.18529510498047,89.9328384399414,60.557525634765625,60.557525634765625,67.47136688232422,70.30817413330078,72.3326644897461,76.16971588134766,77.09007263183594,81.07177734375,82.36536407470703,83.76258850097656,84.38314819335938,85.68113708496094,87.07411193847656,87.71043395996094,87.97175598144531,89.0820541381836,89.9328384399414
2,mlp,up_proj,0,2,5.618027210235596,3.9014387130737305,80.0428695678711,89.96589660644531,61.04790115356445,61.04790115356445,65.83964538574219,70.47749328613281,73.2522201538086,75.42227172851562,79.4424057006836,79.89405059814453,83.06537628173828,83.53396606445312,84.25474548339844,84.96502685546875,85.96236419677734,87.00676727294922,88.05318450927734,88.5025634765625,89.96589660644531
2,mlp,up_proj,0,3,5.592292785644531,3.8964195251464844,79.66783142089844,89.41519927978516,61.932430267333984,61.932430267333984,64.5467300415039,69.3720474243164,72.78718566894531,76.32241821289062,78.60509490966797,79.61192321777344,80.84231567382812,82.38357543945312,83.34008026123047,84.62255096435547,86.73784637451172,86.99526977539062,87.94934844970703,89.22138214111328,89.41519927978516
2,mlp,up_proj,0,4,5.564877510070801,3.877148151397705,79.12252807617188,89.97429656982422,57.788970947265625,57.788970947265625,62.22777557373047,68.69815826416016,70.45983123779297,73.10926055908203,76.69405364990234,79.32179260253906,82.44758605957031,83.2045669555664,85.18122100830078,85.53956604003906,86.94990539550781,87.45380401611328,87.78490447998047,89.12479400634766,89.97429656982422
2,mlp,up_proj,1,2,5.646413803100586,3.9080910682678223,80.47209167480469,89.5345458984375,62.09629821777344,62.09629821777344,66.67355346679688,69.44435119628906,75.9193344116211,76.70577239990234,79.38385772705078,81.04804229736328,82.3021011352539,82.83414459228516,84.46199035644531,84.83199310302734,86.15843200683594,87.6694107055664,89.01639556884766,89.4732894897461,89.5345458984375
2,mlp,up_proj,1,3,5.659960746765137,3.9109723567962646,80.67189025878906,89.59809875488281,59.82466125488281,59.82466125488281,71.15576934814453,72.33177947998047,73.42840576171875,76.6987075805664,77.69242858886719,80.59844970703125,81.68323516845703,83.4451904296875,85.48818969726562,86.40470886230469,87.59044647216797,87.78472900390625,88.17860412597656,88.84675598144531,89.59809875488281
2,mlp,up_proj,1,4,5.5741071701049805,3.8863279819488525,79.32767486572266,89.40685272216797,57.34672927856445,57.34672927856445,64.4090347290039,67.72786712646484,73.58216857910156,76.32125091552734,77.88447570800781,79.96479034423828,82.08663177490234,82.8777084350586,83.88134002685547,84.90101623535156,85.7703857421875,86.31150817871094,88.15203857421875,88.6190185546875,89.40685272216797
2,mlp,up_proj,2,3,5.644086837768555,3.9119393825531006,80.48149108886719,89.64126586914062,61.99327850341797,61.99327850341797,69.45986938476562,71.71851348876953,74.1240005493164,77.5554428100586,78.22488403320312,80.1581802368164,81.36734008789062,82.73445892333984,84.20909881591797,85.08467102050781,86.89506530761719,87.34552001953125,87.9836196899414,89.20866394042969,89.64126586914062
2,mlp,up_proj,2,4,5.600398540496826,3.8971493244171143,79.77434539794922,89.68392181396484,61.44041061401367,61.44041061401367,62.791080474853516,71.08695983886719,73.38197326660156,76.00276947021484,79.22988891601562,80.4237060546875,81.46094512939453,82.541748046875,84.59983825683594,85.31319427490234,85.71025848388672,86.33758544921875,87.2570571899414,89.12821197509766,89.68392181396484
2,mlp,up_proj,3,4,5.578136920928955,3.8885440826416016,79.40664672851562,89.51878356933594,60.43056106567383,60.43056106567383,62.70805358886719,68.73108673095703,72.23749542236328,75.06519317626953,77.61524200439453,80.16593933105469,82.40615844726562,83.30610656738281,84.08362579345703,85.39080047607422,86.02501678466797,86.24594116210938,87.81683349609375,88.75952911376953,89.51878356933594
2,self_attn,k_proj,0,1,5.326574802398682,3.8321683406829834,75.75241088867188,89.3502197265625,59.05524826049805,59.05524826049805,61.703250885009766,64.7837905883789,68.30987548828125,70.85411834716797,72.11798095703125,72.48976135253906,75.496826171875,75.87095642089844,78.8997802734375,80.50785827636719,82.72111511230469,84.78507995605469,86.96345520019531,88.12921905517578,89.3502197265625
2,self_attn,k_proj,0,2,5.345953941345215,3.8290932178497314,75.93373107910156,89.1452407836914,52.989402770996094,52.989402770996094,62.05419158935547,64.20256805419922,69.21678924560547,70.70296478271484,72.97185516357422,73.61459350585938,76.75560760498047,78.68133544921875,81.33692169189453,81.6387710571289,83.23204040527344,84.27366638183594,85.21598815917969,88.90769958496094,89.1452407836914
2,self_attn,k_proj,0,3,5.322088718414307,3.8292276859283447,75.66166687011719,88.66300964355469,58.07133865356445,58.07133865356445,60.837318420410156,63.07002639770508,67.78015899658203,69.09690856933594,73.7233657836914,73.96958923339844,75.8888168334961,76.98369598388672,80.89530944824219,82.13202667236328,82.44548797607422,84.57986450195312,85.56336975097656,86.88645935058594,88.66300964355469
2,self_attn,k_proj,0,4,5.314242362976074,3.831892967224121,75.58846282958984,88.27814483642578,54.37357711791992,54.37357711791992,63.35708236694336,67.11412811279297,68.27176666259766,70.32659912109375,73.72608184814453,74.51204681396484,75.87173461914062,76.8460464477539,77.32929229736328,80.09827423095703,83.08543395996094,84.11336517333984,85.34050750732422,86.7713394165039,88.27814483642578
2,self_attn,k_proj,1,2,5.2413859367370605,3.800175428390503,74.40731811523438,89.69379425048828,55.57892608642578,55.57892608642578,59.61351776123047,62.06199264526367,65.38887023925781,67.96722412109375,71.47335815429688,72.18333435058594,74.82341766357422,75.68791961669922,77.21940612792969,77.81242370605469,82.91492462158203,83.96406555175781,86.32855224609375,87.80542755126953,89.69379425048828
2,self_attn,k_proj,1,3,5.327001094818115,3.8231499195098877,75.66162109375,89.39073944091797,57.38071060180664,57.38071060180664,60.009098052978516,65.75790405273438,66.29222106933594,67.45973205566406,71.01863098144531,74.13644409179688,75.0857925415039,78.55790710449219,79.64483642578125,81.3468246459961,82.97177124023438,84.91381072998047,87.80917358398438,88.81027221679688,89.39073944091797
2,self_attn,k_proj,1,4,5.266805648803711,3.8152198791503906,74.8655014038086,88.48309326171875,58.610443115234375,58.610443115234375,60.25786590576172,64.50633239746094,65.05714416503906,68.71405792236328,69.4148178100586,73.38545989990234,74.63422393798828,76.81266784667969,78.6305923461914,80.27435302734375,82.66252136230469,84.41165924072266,85.05750274658203,86.93528747558594,88.48309326171875
2,self_attn,k_proj,2,3,5.247213840484619,3.798933267593384,74.4481201171875,89.65151977539062,53.0103645324707,53.0103645324707,57.78183364868164,61.15021514892578,68.09363555908203,69.38172912597656,70.32290649414062,73.12629699707031,75.38616180419922,76.94119262695312,78.3403549194336,80.21684265136719,81.39096069335938,83.12982940673828,86.25029754638672,86.99576568603516,89.65151977539062
2,self_attn,k_proj,2,4,5.275642395019531,3.8179874420166016,75.00077819824219,89.18745422363281,57.37240982055664,57.37240982055664,61.93146514892578,65.00463104248047,66.71004486083984,68.48109436035156,71.5689697265625,73.83528137207031,74.76111602783203,75.08366394042969,77.08793640136719,78.24197387695312,81.00482177734375,84.58245086669922,87.30540466308594,87.85374450683594,89.18745422363281
2,self_attn,k_proj,3,4,5.242020130157471,3.8087539672851562,74.50662231445312,89.39057922363281,56.02109146118164,56.02109146118164,60.88108444213867,65.7769546508789,67.74979400634766,68.89083099365234,70.10364532470703,71.55070495605469,72.18506622314453,74.40997314453125,76.81201934814453,80.26677703857422,81.90281677246094,83.99567413330078,85.5602798461914,86.60865020751953,89.39057922363281
2,self_attn,o_proj,0,1,5.692237854003906,3.926983118057251,81.25208282470703,89.55023193359375,67.66707611083984,67.66707611083984,68.99419403076172,72.869873046875,75.87850952148438,77.2838363647461,80.05805206298828,80.66996765136719,82.30159759521484,83.0998306274414,83.73788452148438,85.9688720703125,87.10139465332031,87.51929473876953,87.96631622314453,89.36634063720703,89.55023193359375
2,self_attn,o_proj,0,2,5.707035064697266,3.930361032485962,81.47547149658203,89.58627319335938,67.7083969116211,67.7083969116211,69.40664672851562,73.55679321289062,73.8633041381836,79.6758804321289,81.1251220703125,81.9990463256836,82.89026641845703,83.83661651611328,84.0923843383789,85.62818145751953,85.8060531616211,87.61759185791016,88.05760955810547,88.75743103027344,89.58627319335938
2,self_attn,o_proj,0,3,5.709849834442139,3.9295291900634766,81.50389862060547,89.7205810546875,66.48670959472656,66.48670959472656,69.90362548828125,73.65186309814453,76.70476531982422,78.22149658203125,79.50436401367188,80.38983917236328,81.98692321777344,84.15599822998047,85.38496398925781,85.75157928466797,87.34576416015625,87.7911148071289,88.42975616455078,88.6330795288086,89.7205810546875
2,self_attn,o_proj,0,4,5.7381768226623535,3.9365227222442627,81.93981170654297,89.48533630371094,66.6064682006836,66.6064682006836,71.90638732910156,76.08660888671875,77.24966430664062,77.86919403076172,79.61061096191406,81.11360168457031,83.19215393066406,84.12403106689453,84.68423461914062,86.02320098876953,87.06501007080078,87.85025787353516,88.74131774902344,89.428955078125,89.48533630371094
2,self_attn,o_proj,1,2,5.694249153137207,3.9244983196258545,81.25399780273438,89.94144439697266,66.97525787353516,66.97525787353516,69.61754608154297,72.45008087158203,73.7451400756836,76.4342269897461,78.85057067871094,81.45462036132812,83.50040435791016,84.20565795898438,85.46293640136719,86.13742065429688,86.70486450195312,87.60942840576172,88.28480529785156,88.68965911865234,89.94144439697266
2,self_attn,o_proj,1,3,5.655801296234131,3.9150259494781494,80.66017150878906,89.93059539794922,62.34898376464844,62.34898376464844,67.4293212890625,72.60359191894531,75.53007507324219,78.21812438964844,79.8822250366211,81.31370544433594,82.04541778564453,82.42530822753906,84.68460845947266,85.56982421875,85.62277221679688,86.70987701416016,87.36481475830078,88.88355255126953,89.93059539794922
2,self_attn,o_proj,1,4,5.6637349128723145,3.921318292617798,80.8256607055664,89.46700286865234,63.45625686645508,63.45625686645508,69.79930114746094,73.75715637207031,75.79655456542969,78.02189636230469,79.95960998535156,81.09236907958984,81.42649841308594,82.82359313964844,83.4124526977539,84.93153381347656,86.43570709228516,86.68232727050781,87.70879364013672,88.43948364257812,89.46700286865234
2,self_attn,o_proj,2,3,5.676335334777832,3.922515630722046,81.00102233886719,89.70954895019531,64.33331298828125,64.33331298828125,71.23169708251953,72.53816223144531,73.46846008300781,78.23694610595703,80.16825866699219,80.99346923828125,82.62486267089844,83.15492248535156,84.06417846679688,85.50762939453125,86.28278350830078,86.6653060913086,88.2215805053711,88.815185546875,89.70954895019531
2,self_attn,o_proj,2,4,5.688430309295654,3.9227888584136963,81.16055297851562,89.9658432006836,64.7780532836914,64.7780532836914,70.03353118896484,72.6865234375,74.91954040527344,77.49449157714844,79.42340850830078,80.9928207397461,82.5629653930664,82.88549041748047,84.1305923461914,86.02128601074219,87.11811828613281,87.72314453125,88.78343200683594,89.0495376586914,89.9658432006836
2,self_attn,o_proj,3,4,5.661867141723633,3.9168684482574463,80.75729370117188,89.9029541015625,62.236610412597656,62.236610412597656,69.45744323730469,73.18875122070312,75.82254028320312,77.00183868408203,79.23652648925781,79.71817779541016,82.32127380371094,82.71188354492188,84.43575286865234,85.8427505493164,86.76441955566406,86.88452911376953,87.35089111328125,89.24040985107422,89.9029541015625
2,self_attn,q_proj,0,1,5.672068119049072,3.9294872283935547,81.0174331665039,89.71688842773438,69.09004974365234,69.09004974365234,70.86461639404297,74.5149154663086,75.04242706298828,77.14485931396484,78.80069732666016,79.44426727294922,81.43866729736328,83.5950927734375,83.90646362304688,85.05183410644531,86.03289794921875,86.55120849609375,86.97467041015625,88.10941314697266,89.71688842773438
2,self_attn,q_proj,0,2,5.669464588165283,3.9277045726776123,80.96633911132812,89.3985824584961,67.69237518310547,67.69237518310547,71.47976684570312,74.54539489746094,75.90459442138672,76.34739685058594,77.43345642089844,80.41383361816406,80.85907745361328,83.39189147949219,84.25281524658203,85.09030151367188,85.87408447265625,86.79617309570312,87.22379302978516,88.75782012939453,89.3985824584961
2,self_attn,q_proj,0,3,5.661870956420898,3.926849842071533,80.86007690429688,89.36677551269531,67.79163360595703,67.79163360595703,71.22135162353516,72.9192123413086,75.54428100585938,77.23599243164062,79.76239013671875,80.47759246826172,80.70629119873047,82.34126281738281,83.2893295288086,84.88704681396484,86.09375,86.45118713378906,87.39656066894531,88.2765121459961,89.36677551269531
2,self_attn,q_proj,0,4,5.633589744567871,3.920041084289551,80.43248748779297,89.7818374633789,67.19657897949219,67.19657897949219,71.5987548828125,71.97300720214844,74.88914489746094,76.79926300048828,77.31964111328125,79.10150146484375,80.07823181152344,82.08690643310547,83.07276916503906,84.52672576904297,85.96430206298828,86.71576690673828,87.0871810913086,88.72808074951172,89.7818374633789
2,self_attn,q_proj,1,2,5.64972448348999,3.9240591526031494,80.67857360839844,89.58028411865234,68.57249450683594,68.57249450683594,71.2733154296875,73.00157928466797,74.64849853515625,76.63571166992188,78.30079650878906,78.91200256347656,80.77139282226562,82.07281494140625,83.2674331665039,84.21394348144531,86.34141540527344,86.52976989746094,88.0031967163086,88.73250579833984,89.58028411865234
2,self_attn,q_proj,1,3,5.606670379638672,3.911792755126953,80.00769805908203,88.44418334960938,66.2391586303711,66.2391586303711,69.29524993896484,71.03898620605469,72.64219665527344,76.10591125488281,77.2481460571289,79.38487243652344,80.97232818603516,82.65151977539062,83.18827056884766,84.95455932617188,85.74873352050781,86.43583679199219,87.6407241821289,88.13253784179688,88.44418334960938
2,self_attn,q_proj,1,4,5.638393878936768,3.9196579456329346,80.48978424072266,89.50624084472656,67.76590728759766,67.76590728759766,68.7909164428711,72.90872192382812,75.23998260498047,76.58850860595703,78.83446502685547,79.21039581298828,80.02227020263672,81.23262023925781,84.01158142089844,84.58073425292969,85.72469329833984,86.28467559814453,87.69706726074219,89.4377670288086,89.50624084472656
2,self_attn,q_proj,2,3,5.622385025024414,3.917956829071045,80.26689147949219,89.59871673583984,65.0413818359375,65.0413818359375,70.484130859375,74.49525451660156,74.83993530273438,77.1242904663086,78.09883880615234,78.81145477294922,80.30583953857422,81.42164611816406,83.25872039794922,83.92111206054688,85.35758972167969,86.15922546386719,86.97187805175781,88.38018035888672,89.59871673583984
2,self_attn,q_proj,2,4,5.656603813171387,3.9296131134033203,80.82131958007812,89.53315734863281,71.16986083984375,71.16986083984375,71.73688507080078,74.22447967529297,75.08975982666016,77.51850128173828,78.1275405883789,79.2885513305664,79.98343658447266,81.08233642578125,82.53531646728516,84.75089263916016,85.2901611328125,86.83773040771484,87.40229797363281,88.57018280029297,89.53315734863281
2,self_attn,q_proj,3,4,5.5811004638671875,3.90975284576416,79.66415405273438,89.43376159667969,65.85687255859375,65.85687255859375,69.34644317626953,72.70751953125,73.45150756835938,76.27247619628906,77.64981079101562,78.53924560546875,79.4562759399414,79.91962432861328,82.55967712402344,83.62544250488281,84.2296371459961,86.3829574584961,87.03923034667969,88.1560287475586,89.43376159667969
2,self_attn,v_proj,0,1,5.343921184539795,3.831897735595703,75.9544677734375,89.99258422851562,57.17292022705078,57.17292022705078,62.4350700378418,64.2224349975586,67.95675659179688,70.11367797851562,73.15741729736328,74.06376647949219,74.6572265625,76.78787231445312,79.55543518066406,81.38043212890625,82.49239349365234,85.58723449707031,87.37267303466797,88.32361602783203,89.99258422851562
2,self_attn,v_proj,0,2,5.359914779663086,3.833177328109741,76.15434265136719,89.71952056884766,56.057952880859375,56.057952880859375,62.13646697998047,64.5199966430664,67.63758087158203,68.58014678955078,72.28768920898438,74.26408386230469,77.73184204101562,79.38758850097656,80.88579559326172,82.10855102539062,83.56952667236328,85.48404693603516,86.50352478027344,87.59510040283203,89.71952056884766
2,self_attn,v_proj,0,3,5.366170883178711,3.8385634422302246,76.28041076660156,89.20746612548828,54.995460510253906,54.995460510253906,62.14108657836914,65.5811767578125,69.20393371582031,71.50235748291016,74.24235534667969,74.48749542236328,76.48323822021484,77.96092224121094,79.68840026855469,82.1059341430664,83.71094512939453,84.59197998046875,86.35720825195312,88.22652435302734,89.20746612548828
2,self_attn,v_proj,0,4,5.34176778793335,3.8272523880004883,75.87908935546875,89.96941375732422,57.07303237915039,57.07303237915039,61.2990608215332,63.394771575927734,66.74649047851562,69.4377212524414,71.53408813476562,74.6537094116211,75.69269561767578,77.31197357177734,80.31047821044922,82.83202362060547,84.105224609375,85.3179931640625,86.139404296875,88.24738311767578,89.96941375732422
2,self_attn,v_proj,1,2,5.356618881225586,3.82201886177063,75.99075317382812,89.92059326171875,53.17582702636719,53.17582702636719,60.053138732910156,63.39978790283203,66.05892944335938,70.35265350341797,73.17230224609375,75.8211441040039,77.14834594726562,78.06690979003906,79.35734558105469,81.83731842041016,84.62975311279297,86.13001251220703,87.68672180175781,89.04137420654297,89.92059326171875
2,self_attn,v_proj,1,3,5.195289611816406,3.7843000888824463,73.69222259521484,88.91133880615234,52.81357192993164,52.81357192993164,58.058189392089844,61.80207443237305,64.9860610961914,65.83857727050781,70.40762329101562,71.15251922607422,74.14356231689453,76.09037780761719,78.23804473876953,80.69955444335938,81.73275756835938,83.6162338256836,84.40621948242188,86.17888641357422,88.91133880615234
2,self_attn,v_proj,1,4,5.227962017059326,3.796292304992676,74.20233154296875,89.26773071289062,54.13623809814453,54.13623809814453,58.335391998291016,62.73595428466797,66.09512329101562,67.27735137939453,70.86314392089844,71.48361206054688,74.70449829101562,77.57978057861328,78.08961486816406,80.04566955566406,81.36583709716797,81.85208129882812,86.39846801757812,87.0067367553711,89.26773071289062
2,self_attn,v_proj,2,3,5.325761318206787,3.8186330795288086,75.58111572265625,89.37561798095703,51.84382247924805,51.84382247924805,61.118099212646484,64.23104858398438,67.95333099365234,68.44837951660156,71.78314971923828,73.83362579345703,76.5705795288086,79.30915069580078,80.55241394042969,81.61559295654297,83.9498062133789,84.31611633300781,86.20079040527344,88.19635772705078,89.37561798095703
2,self_attn,v_proj,2,4,5.290759563446045,3.800537586212158,74.98393249511719,89.91009521484375,54.119876861572266,54.119876861572266,58.039066314697266,61.689334869384766,62.641746520996094,67.84576416015625,70.28925323486328,74.47389221191406,77.07037353515625,78.18717193603516,79.56880187988281,81.90226745605469,83.61485290527344,84.77980041503906,87.08126068115234,88.52924346923828,89.91009521484375
2,self_attn,v_proj,3,4,5.297905445098877,3.803622007369995,75.08882141113281,89.25181579589844,51.609718322753906,51.609718322753906,57.07366180419922,63.53634262084961,64.82123565673828,69.3905029296875,71.40299987792969,73.52391815185547,75.94764709472656,78.51734161376953,80.21122741699219,83.14515686035156,84.28215789794922,84.83747100830078,86.6067886352539,87.26313781738281,89.25181579589844
3,mlp,down_proj,0,1,5.72000789642334,3.9288487434387207,81.62596130371094,89.9671630859375,64.20457458496094,64.20457458496094,70.03548431396484,72.85214233398438,77.85437774658203,78.77640533447266,81.12657928466797,81.86978912353516,82.42066955566406,84.51746368408203,85.12275695800781,85.89625549316406,86.92625427246094,87.30557250976562,88.12171936035156,89.01815795898438,89.9671630859375
3,mlp,down_proj,0,2,5.766633033752441,3.936504602432251,82.30908203125,89.7181396484375,66.16349029541016,66.16349029541016,68.96055603027344,73.77078247070312,79.21134948730469,79.6448745727539,80.95048522949219,83.33710479736328,84.87967681884766,85.072998046875,86.17698669433594,86.7194595336914,87.1919174194336,87.77701568603516,88.505859375,88.8647232055664,89.7181396484375
3,mlp,down_proj,0,3,5.768296718597412,3.9432411193847656,82.39693450927734,89.95137786865234,66.32145690917969,66.32145690917969,74.07247924804688,75.1374282836914,79.39442443847656,79.88569641113281,81.04068756103516,81.76244354248047,83.12147521972656,84.71951293945312,85.97760009765625,86.36566925048828,86.63567352294922,87.72465515136719,87.85210418701172,88.38826751708984,89.95137786865234
3,mlp,down_proj,0,4,5.731261730194092,3.9328720569610596,81.81477355957031,89.77368927001953,68.19551086425781,68.19551086425781,69.95054626464844,71.73111724853516,75.74055480957031,79.32365417480469,80.38987731933594,82.77664947509766,83.62580108642578,84.32951354980469,85.1405029296875,86.09693908691406,86.46144104003906,87.7513656616211,88.61211395263672,89.13712310791016,89.77368927001953
3,mlp,down_proj,1,2,5.782900810241699,3.9459235668182373,82.61564636230469,89.89955139160156,69.3725357055664,69.3725357055664,70.65035247802734,75.84700775146484,77.94790649414062,80.9218978881836,82.51836395263672,83.56092071533203,83.98252868652344,84.8445816040039,84.94579315185547,85.96233367919922,86.84283447265625,87.62577056884766,88.30734252929688,88.62065887451172,89.89955139160156
3,mlp,down_proj,1,3,5.782401084899902,3.947246551513672,82.62188720703125,89.4256362915039,68.93915557861328,68.93915557861328,71.9882583618164,76.53973388671875,78.37987518310547,80.82090759277344,81.6458740234375,82.94984436035156,83.53142547607422,84.6362533569336,85.51644897460938,86.18206787109375,86.90389251708984,87.89012145996094,88.15956115722656,88.44108581542969,89.4256362915039
3,mlp,down_proj,1,4,5.719427585601807,3.930191993713379,81.63334655761719,89.44775390625,66.15308380126953,66.15308380126953,69.51189422607422,72.5196304321289,76.93289947509766,78.584716796875,80.25596618652344,82.49474334716797,83.38741302490234,84.51991271972656,85.24407958984375,85.78076934814453,86.56718444824219,87.66184997558594,88.15403747558594,88.91751861572266,89.44775390625
3,mlp,down_proj,2,3,5.808502197265625,3.9511051177978516,83.00311279296875,89.5318374633789,69.21992492675781,69.21992492675781,73.40856170654297,77.11752319335938,78.44015502929688,80.8263931274414,82.67670440673828,82.98661041259766,83.91693115234375,84.24308013916016,85.53411102294922,86.60570526123047,87.02847290039062,88.48077392578125,88.83621978759766,89.1968994140625,89.5318374633789
3,mlp,down_proj,2,4,5.782506942749023,3.947589635848999,82.62754821777344,89.84313201904297,69.60224151611328,69.60224151611328,72.63636779785156,76.37464904785156,79.27591705322266,80.29225158691406,81.17736053466797,81.74604034423828,83.10675811767578,83.59693145751953,84.70297241210938,86.54408264160156,87.16909790039062,88.09480285644531,88.59407806396484,89.2841796875,89.84313201904297
3,mlp,down_proj,3,4,5.81367301940918,3.9541356563568115,83.10124206542969,89.99967956542969,71.27816009521484,71.27816009521484,73.44438934326172,77.26261138916016,78.65885162353516,80.9034652709961,82.59056854248047,83.0478286743164,83.99343872070312,84.72016143798828,85.23690032958984,85.7978286743164,86.97868347167969,87.33989715576172,89.03553009033203,89.33181762695312,89.99967956542969
3,mlp,gate_proj,0,1,5.906980991363525,3.964529275894165,84.44132995605469,89.51297760009766,68.1612777709961,68.1612777709961,79.17029571533203,79.35750579833984,80.83657836914062,82.11045837402344,84.97862243652344,85.15280151367188,86.08647155761719,86.50899505615234,86.83558654785156,87.60987854003906,87.85944366455078,88.5479965209961,88.9489517211914,89.3834228515625,89.51297760009766
3,mlp,gate_proj,0,2,5.929666042327881,3.9686989784240723,84.78678894042969,89.79317474365234,69.15955352783203,69.15955352783203,78.53296661376953,81.94392395019531,82.51483154296875,82.9634780883789,83.87271118164062,85.49510955810547,86.19805908203125,86.89747619628906,87.07955932617188,87.83732604980469,87.93595886230469,88.2292251586914,88.9034652709961,89.23171997070312,89.79317474365234
3,mlp,gate_proj,0,3,5.936870574951172,3.9675235748291016,84.87284851074219,89.97749328613281,68.64051818847656,68.64051818847656,79.09725952148438,80.76295471191406,80.89608764648438,83.53241729736328,84.87821960449219,85.5412826538086,85.83329010009766,86.75862884521484,87.37074279785156,88.02574920654297,88.5382308959961,89.0650405883789,89.46319580078125,89.58445739746094,89.97749328613281
3,mlp,gate_proj,0,4,5.9218525886535645,3.9653584957122803,84.6496353149414,89.92182159423828,68.49649047851562,68.49649047851562,77.8651123046875,79.11589050292969,81.62975311279297,83.62653350830078,84.30348205566406,85.85118865966797,86.36004638671875,86.8438720703125,87.16917419433594,87.72908020019531,87.96424102783203,88.587158203125,89.35592651367188,89.57437896728516,89.92182159423828
3,mlp,gate_proj,1,2,5.946383476257324,3.9689958095550537,85.01412963867188,89.8198013305664,67.69606018066406,67.69606018066406,80.43565368652344,81.58977508544922,82.9574203491211,84.01676940917969,84.80165100097656,85.15151977539062,85.93828582763672,87.15740203857422,87.41456604003906,87.98072814941406,88.3170394897461,88.50874328613281,88.78718566894531,89.65340423583984,89.8198013305664
3,mlp,gate_proj,1,3,5.9188032150268555,3.9647066593170166,84.60075378417969,89.84893798828125,66.97938537597656,66.97938537597656,78.99332427978516,80.4976577758789,81.78003692626953,83.73612213134766,84.63457489013672,85.09307861328125,85.9300765991211,86.40333557128906,86.87866973876953,87.24847412109375,88.12284088134766,88.8022232055664,89.11724853515625,89.54607391357422,89.84893798828125
3,mlp,gate_proj,1,4,5.899129390716553,3.9609344005584717,84.300048828125,89.6545639038086,66.41746520996094,66.41746520996094,77.87486267089844,78.38490295410156,81.08810424804688,84.1065673828125,84.61309814453125,85.1179428100586,85.91609954833984,86.38328552246094,87.11924743652344,87.80982971191406,88.17977142333984,88.32425689697266,88.71980285644531,89.0909194946289,89.6545639038086
3,mlp,gate_proj,2,3,5.952803134918213,3.9722371101379395,85.13322448730469,89.89989471435547,69.63968658447266,69.63968658447266,81.36434936523438,81.9531021118164,82.35147857666016,83.99237060546875,84.47260284423828,85.4156723022461,86.01817321777344,86.60822296142578,87.50275421142578,87.82406616210938,88.22029113769531,88.59286499023438,88.69152069091797,89.58451843261719,89.89989471435547
3,mlp,gate_proj,2,4,5.935399532318115,3.967789888381958,84.85449981689453,89.72113800048828,67.87467956542969,67.87467956542969,78.93743133544922,82.41026306152344,82.72805786132812,83.58917236328125,84.46573638916016,84.66352081298828,85.91777038574219,86.68620300292969,87.37932586669922,87.68826293945312,88.05594635009766,88.56038665771484,89.4790267944336,89.51509857177734,89.72113800048828
3,mlp,gate_proj,3,4,5.933378219604492,3.967133045196533,84.82157135009766,89.85682678222656,68.36661529541016,68.36661529541016,77.94249725341797,80.66836547851562,82.20599365234375,83.8344955444336,85.24937438964844,85.7967529296875,86.10250091552734,86.54640197753906,87.1961898803711,87.93559265136719,88.2012939453125,88.59952545166016,89.04363250732422,89.59911346435547,89.85682678222656
3,mlp,up_proj,0,1,5.901389122009277,3.9661073684692383,84.38231658935547,89.9080810546875,69.85433959960938,69.85433959960938,77.32730865478516,80.77169799804688,81.38508605957031,83.47034454345703,84.08047485351562,84.32134246826172,85.28079986572266,85.83502197265625,86.0478286743164,87.4639892578125,87.66790008544922,88.2274398803711,89.09259796142578,89.38286590576172,89.9080810546875
3,mlp,up_proj,0,2,5.877370834350586,3.959056854248047,83.99134826660156,89.9559326171875,66.77435302734375,66.77435302734375,76.80982971191406,79.45435333251953,80.8604736328125,81.42185974121094,84.06543731689453,85.3697509765625,85.8052978515625,85.94603729248047,86.55360412597656,86.96861267089844,87.64508819580078,88.29010009765625,88.52409362792969,89.41670989990234,89.9559326171875
3,mlp,up_proj,0,3,5.8758225440979,3.9605958461761475,83.98617553710938,89.95932006835938,67.89102172851562,67.89102172851562,76.39810943603516,79.06623840332031,81.09795379638672,82.82193756103516,84.05037689208984,84.51473999023438,85.81385040283203,86.15461730957031,86.3248062133789,86.66226196289062,87.6688003540039,87.97789001464844,88.46390533447266,88.91300964355469,89.95932006835938
3,mlp,up_proj,0,4,5.920462131500244,3.966076374053955,84.63755798339844,89.95646667480469,68.47281646728516,68.47281646728516,77.82074737548828,80.88124084472656,81.9061279296875,83.15292358398438,84.49498748779297,85.19532012939453,86.01647186279297,86.52630615234375,86.61547088623047,87.40283966064453,88.24748992919922,88.70478057861328,89.26807403564453,89.53883361816406,89.95646667480469
3,mlp,up_proj,1,2,5.901637077331543,3.964017152786255,84.36557006835938,89.92572021484375,69.0622787475586,69.0622787475586,77.60713958740234,78.64391326904297,81.54429626464844,82.72437286376953,83.80166625976562,84.90972137451172,85.60684204101562,86.02590942382812,87.22551727294922,87.86162567138672,87.91769409179688,88.3412857055664,89.2623291015625,89.38880920410156,89.92572021484375
3,mlp,up_proj,1,3,5.885612487792969,3.9623911380767822,84.13511657714844,89.76919555664062,69.07926177978516,69.07926177978516,75.9161376953125,78.82979583740234,81.8656997680664,83.60440826416016,83.98255157470703,84.359375,84.75251007080078,86.17942810058594,86.7379379272461,87.09479522705078,87.49958801269531,87.97045135498047,89.1197738647461,89.40100860595703,89.76919555664062
3,mlp,up_proj,1,4,5.892629146575928,3.9645233154296875,84.2498779296875,89.43529510498047,69.9217529296875,69.9217529296875,76.31615447998047,79.95191192626953,82.092041015625,82.3891830444336,83.56346893310547,84.29537200927734,85.3861083984375,86.14966583251953,86.57743835449219,87.24458312988281,87.96172332763672,88.53397369384766,89.05879974365234,89.12062072753906,89.43529510498047
3,mlp,up_proj,2,3,5.876983642578125,3.961995840072632,84.0157470703125,89.8572998046875,68.7358627319336,68.7358627319336,76.69034576416016,80.14712524414062,81.12458801269531,82.2811279296875,83.31425476074219,84.21621704101562,85.02439880371094,86.03105163574219,86.18029022216797,86.93531036376953,87.6373519897461,87.88092803955078,88.81400299072266,89.38184356689453,89.8572998046875
3,mlp,up_proj,2,4,5.865260124206543,3.960232734680176,83.84315490722656,89.88508605957031,69.43341064453125,69.43341064453125,76.7236557006836,77.2447738647461,80.87309265136719,81.77656555175781,83.4402847290039,84.79780578613281,84.8928451538086,85.48263549804688,86.5684814453125,86.83329772949219,87.2299575805664,88.20465850830078,88.57057189941406,89.53333282470703,89.88508605957031
3,mlp,up_proj,3,4,5.895881652832031,3.964291572570801,84.29072570800781,89.45675659179688,69.07378387451172,69.07378387451172,77.74833679199219,78.90968322753906,80.8132553100586,83.50827026367188,83.95401000976562,85.03924560546875,86.06648254394531,86.37093353271484,86.76558685302734,86.93657684326172,87.80953216552734,88.17505645751953,88.76332092285156,89.26089477539062,89.45675659179688
3,self_attn,k_proj,0,1,5.345059871673584,3.8464083671569824,76.11869812011719,88.95671844482422,60.024593353271484,60.024593353271484,63.56418991088867,66.78741455078125,70.2728042602539,70.63113403320312,72.96054077148438,74.00096130371094,75.97531127929688,77.37403106689453,78.02066802978516,79.25081634521484,83.75332641601562,84.259033203125,85.65310668945312,86.41456604003906,88.95671844482422
3,self_attn,k_proj,0,2,5.312479496002197,3.8197667598724365,75.44640350341797,89.95816802978516,56.14259719848633,56.14259719848633,58.175018310546875,65.3269271850586,68.1816635131836,69.05774688720703,70.32958984375,72.99182891845703,77.01258850097656,77.58953857421875,80.13225555419922,81.76300048828125,81.91275787353516,84.10562896728516,86.51322937011719,87.94988250732422,89.95816802978516
3,self_attn,k_proj,0,3,5.2724432945251465,3.8146893978118896,74.92263793945312,88.3429183959961,56.55363845825195,56.55363845825195,61.398704528808594,63.65184020996094,65.49032592773438,67.36041259765625,71.04222106933594,73.93435668945312,75.0570068359375,77.7546157836914,79.10298919677734,80.41767120361328,82.28680419921875,83.26728057861328,85.2202377319336,87.88114166259766,88.3429183959961
3,self_attn,k_proj,0,4,5.278046607971191,3.813401937484741,74.97772216796875,89.6964111328125,56.928009033203125,56.928009033203125,60.29230499267578,62.03218460083008,68.12378692626953,69.3022689819336,70.38825988769531,72.7493896484375,75.19499969482422,76.04096984863281,78.2410659790039,80.08515167236328,81.87281036376953,84.40635681152344,85.76280975341797,88.52666473388672,89.6964111328125
3,self_attn,k_proj,1,2,5.280879974365234,3.819434881210327,75.07046508789062,88.55951690673828,56.58491134643555,56.58491134643555,60.15462112426758,65.7251968383789,66.12096405029297,70.5760269165039,71.4123306274414,73.0515365600586,74.55500793457031,76.635009765625,78.74745178222656,80.48224639892578,81.85436248779297,83.2853775024414,86.27275848388672,87.11006164550781,88.55951690673828
3,self_attn,k_proj,1,3,5.2699689865112305,3.8147528171539307,74.89645385742188,89.24567413330078,57.57963943481445,57.57963943481445,60.46268081665039,63.28713607788086,66.6612319946289,68.46751403808594,70.55967712402344,72.9676284790039,74.15433502197266,77.12897491455078,79.681640625,80.76981353759766,80.92491912841797,84.23985290527344,85.14350128173828,87.06901550292969,89.24567413330078
3,self_attn,k_proj,1,4,5.342146396636963,3.835331916809082,75.96748352050781,89.2451400756836,58.06291580200195,58.06291580200195,63.051021575927734,63.4453010559082,67.599365234375,71.28607940673828,72.33319091796875,73.7315902709961,76.4770278930664,77.55327606201172,79.53113555908203,81.13634490966797,82.98628234863281,84.69723510742188,86.92803955078125,87.41582489013672,89.2451400756836
3,self_attn,k_proj,2,3,5.269000053405762,3.811971664428711,74.86526489257812,89.73052215576172,59.75009536743164,59.75009536743164,60.331748962402344,64.25914001464844,66.21869659423828,67.11518859863281,70.37413787841797,71.30773162841797,73.56344604492188,73.9003677368164,77.91638946533203,81.220947265625,82.78621673583984,85.32044982910156,86.46163940429688,87.58751678466797,89.73052215576172
3,self_attn,k_proj,2,4,5.289475440979004,3.815216541290283,75.12975311279297,88.90531158447266,54.769691467285156,54.769691467285156,62.38701248168945,64.53584289550781,66.5893783569336,68.12154388427734,71.71208190917969,72.1650390625,74.79850769042969,77.02196502685547,77.59854125976562,79.46165466308594,83.14250183105469,85.70877075195312,87.131103515625,88.02710723876953,88.90531158447266
3,self_attn,k_proj,3,4,5.152777671813965,3.784548044204712,73.21098327636719,88.40381622314453,55.308780670166016,55.308780670166016,58.23651123046875,61.538124084472656,65.66991424560547,68.7065200805664,69.29630279541016,71.642822265625,74.37340545654297,74.9912338256836,75.33688354492188,78.13957977294922,79.26331329345703,80.96426391601562,83.91570281982422,85.58847045898438,88.40381622314453
3,self_attn,o_proj,0,1,5.71442985534668,3.9361307621002197,81.62799835205078,89.11943054199219,67.8786392211914,67.8786392211914,72.57268524169922,74.68659973144531,76.35784149169922,78.16975402832031,79.37551879882812,82.32393646240234,82.71688079833984,82.92517852783203,84.09249877929688,85.40474700927734,86.43302917480469,87.51649475097656,88.18238830566406,88.29239654541016,89.11943054199219
3,self_attn,o_proj,0,2,5.747678279876709,3.9419291019439697,82.11677551269531,89.80654907226562,68.57432556152344,68.57432556152344,72.3113784790039,76.12974548339844,78.74303436279297,79.32965087890625,79.80552673339844,81.35078430175781,82.75959777832031,83.17769622802734,83.87784576416016,86.0330810546875,86.92610168457031,88.01786041259766,88.22640228271484,88.798828125,89.80654907226562
3,self_attn,o_proj,0,3,5.728841781616211,3.936598300933838,81.81834411621094,89.81742095947266,66.35470581054688,66.35470581054688,72.45597076416016,75.49332427978516,76.40457153320312,78.92974090576172,80.76863098144531,81.31632232666016,83.36774444580078,84.0048599243164,84.70243835449219,85.278076171875,86.59178161621094,87.08097839355469,87.31755828857422,89.2093734741211,89.81742095947266
3,self_attn,o_proj,0,4,5.719956398010254,3.9342525005340576,81.67916870117188,89.65788269042969,65.22865295410156,65.22865295410156,72.26543426513672,75.87871551513672,76.81587219238281,79.0346450805664,79.45072937011719,81.56871795654297,82.93494415283203,83.84649658203125,84.730712890625,85.23271179199219,86.28823852539062,86.94754791259766,87.97390747070312,89.01141357421875,89.65788269042969
3,self_attn,o_proj,1,2,5.748778820037842,3.9400599002838135,82.1119155883789,89.69000244140625,66.8406753540039,66.8406753540039,73.36248779296875,75.00188446044922,77.27076721191406,78.88240051269531,81.62206268310547,82.15693664550781,82.83610534667969,83.71878814697266,84.68360137939453,86.06538391113281,86.88627624511719,87.86759948730469,88.08440399169922,88.82128143310547,89.69000244140625
3,self_attn,o_proj,1,3,5.730900764465332,3.932343006134033,81.80050659179688,89.84835815429688,63.2036247253418,63.2036247253418,72.89069366455078,74.93788146972656,77.2343521118164,79.37989044189453,79.89971923828125,81.24518585205078,83.62776184082031,84.2162857055664,84.44989776611328,85.9286880493164,86.93966674804688,87.5484619140625,88.31155395507812,89.14604949951172,89.84835815429688
3,self_attn,o_proj,1,4,5.689704895019531,3.9277050495147705,81.22195434570312,89.89028930664062,63.618797302246094,63.618797302246094,71.04480743408203,74.72847747802734,77.71253967285156,78.76839447021484,79.92948913574219,80.48018646240234,82.52294158935547,84.05484008789062,84.2525863647461,84.50851440429688,85.35200500488281,86.25249481201172,88.02814483642578,88.40681457519531,89.89028930664062
3,self_attn,o_proj,2,3,5.758410930633545,3.941344738006592,82.25076293945312,89.46697998046875,68.56283569335938,68.56283569335938,70.66492462158203,76.42601776123047,76.55375671386719,80.26142883300781,80.79084777832031,81.85643768310547,83.03221130371094,84.74612426757812,85.75080871582031,86.38688659667969,86.52494812011719,87.59339141845703,88.44983673095703,88.94464111328125,89.46697998046875
3,self_attn,o_proj,2,4,5.725729942321777,3.936918020248413,81.78059387207031,89.79496765136719,66.03077697753906,66.03077697753906,73.05902099609375,76.02685546875,76.31501007080078,78.86859893798828,80.64846801757812,82.556396484375,82.58576965332031,83.48218536376953,84.09491729736328,85.16673278808594,86.2435531616211,87.14215087890625,87.84223175048828,88.63190460205078,89.79496765136719
3,self_attn,o_proj,3,4,5.739020347595215,3.937490463256836,81.96021270751953,89.90501403808594,66.97116088867188,66.97116088867188,72.62726593017578,74.85050964355469,75.92413330078125,79.0280990600586,81.20709991455078,81.50150299072266,83.13578796386719,83.71849060058594,85.43151092529297,86.02455139160156,86.43231964111328,87.08659362792969,88.05684661865234,89.46255493164062,89.90501403808594
3,self_attn,q_proj,0,1,5.625878810882568,3.9210305213928223,80.34286499023438,88.4250259399414,67.08159637451172,67.08159637451172,71.24908447265625,72.93790435791016,74.7160415649414,77.50175476074219,78.21637725830078,78.89055633544922,80.37998962402344,81.52099609375,82.52000427246094,84.45264434814453,85.60428619384766,86.92868041992188,87.07411193847656,87.98670196533203,88.4250259399414
3,self_attn,q_proj,0,2,5.610490322113037,3.9173874855041504,80.11251831054688,89.24234771728516,67.37840270996094,67.37840270996094,71.63777923583984,72.69298553466797,74.13516235351562,75.92249298095703,76.97731018066406,78.36556243896484,79.82171630859375,81.28397369384766,83.1805419921875,83.80642700195312,85.88920593261719,86.32676696777344,87.16320037841797,87.97643280029297,89.24234771728516
3,self_attn,q_proj,0,3,5.627882957458496,3.9177606105804443,80.3356704711914,89.52833557128906,65.68144226074219,65.68144226074219,69.9710693359375,73.31809997558594,74.62774658203125,76.85260009765625,78.21687316894531,78.71634674072266,80.79188537597656,82.39739227294922,83.0027847290039,84.61726379394531,85.45987701416016,86.4980239868164,87.23822784423828,88.45272064208984,89.52833557128906
3,self_attn,q_proj,0,4,5.6856369972229,3.9317853450775146,81.21516418457031,89.52154541015625,70.08191680908203,70.08191680908203,71.64891815185547,73.35604095458984,75.10682678222656,77.02655029296875,79.77290344238281,80.28314208984375,82.1064682006836,82.27889251708984,83.95791625976562,84.66015625,85.25993347167969,86.96604919433594,88.61643981933594,88.79887390136719,89.52154541015625
3,self_attn,q_proj,1,2,5.642439365386963,3.919610023498535,80.54246520996094,89.99075317382812,67.42723083496094,67.42723083496094,71.03547668457031,73.22313690185547,74.67509460449219,76.03704833984375,77.76287078857422,78.09978485107422,78.61064147949219,81.6383285522461,84.23751831054688,85.55268859863281,86.08539581298828,87.33760070800781,87.66879272460938,89.29712677001953,89.99075317382812
3,self_attn,q_proj,1,3,5.609979629516602,3.9151599407196045,80.0814208984375,89.17051696777344,66.7565689086914,66.7565689086914,67.54387664794922,71.69147491455078,75.9911117553711,76.83686828613281,78.26371002197266,79.52363586425781,81.64620208740234,81.8900375366211,82.89567565917969,83.73220825195312,85.04964447021484,85.7418212890625,86.45045471191406,88.11904907226562,89.17051696777344
3,self_attn,q_proj,1,4,5.6361083984375,3.9204211235046387,80.46760559082031,89.57842254638672,67.125732421875,67.125732421875,70.18231201171875,72.93736267089844,74.56317901611328,76.89918518066406,77.62955474853516,79.04898834228516,81.36116027832031,82.43112182617188,83.96342468261719,84.3742904663086,85.25975799560547,86.93470764160156,87.15496826171875,88.03759002685547,89.57842254638672
3,self_attn,q_proj,2,3,5.613549709320068,3.9151804447174072,80.13029479980469,89.45964813232422,67.3673095703125,67.3673095703125,70.23758697509766,72.13407897949219,74.3018798828125,75.79662322998047,77.32757568359375,78.89297485351562,79.46031188964844,80.46485900878906,82.93363952636719,84.2105484008789,86.1307601928711,86.8236083984375,87.42091369628906,89.12242126464844,89.45964813232422
3,self_attn,q_proj,2,4,5.612570762634277,3.91807222366333,80.1443862915039,89.7643814086914,66.47115325927734,66.47115325927734,70.74007415771484,73.10198211669922,75.04383087158203,76.87212371826172,78.53067779541016,78.81708526611328,79.72980499267578,80.68545532226562,82.9825210571289,84.22900390625,85.00524139404297,85.75602722167969,86.80714416503906,87.77367401123047,89.7643814086914
3,self_attn,q_proj,3,4,5.6023268699646,3.910294532775879,79.93733215332031,89.38363647460938,65.02580261230469,65.02580261230469,68.92108917236328,71.7846450805664,74.99728393554688,75.64640045166016,76.15009307861328,78.99609375,80.635986328125,81.80118560791016,83.5261459350586,84.24292755126953,85.61405181884766,86.6676254272461,87.22936248779297,88.3750228881836,89.38363647460938
3,self_attn,v_proj,0,1,5.447666168212891,3.859804153442383,77.49878692626953,89.70700073242188,58.562625885009766,58.562625885009766,64.631591796875,66.71263122558594,69.21043395996094,71.50193786621094,74.93424224853516,75.4817886352539,77.46580505371094,79.59944915771484,80.81438446044922,83.21942901611328,84.55631256103516,86.66506958007812,88.33826446533203,88.57958221435547,89.70700073242188
3,self_attn,v_proj,0,2,5.384546756744385,3.8434865474700928,76.5606689453125,89.7666244506836,57.94423294067383,57.94423294067383,61.99061584472656,66.93756103515625,67.14807891845703,68.77850341796875,74.4887466430664,75.64879608154297,77.05674743652344,78.3668441772461,81.31330108642578,82.814453125,83.1326904296875,84.29095458984375,86.98971557617188,88.30288696289062,89.7666244506836
3,self_attn,v_proj,0,3,5.381402492523193,3.8408565521240234,76.48820495605469,89.62156677246094,55.04447555541992,55.04447555541992,63.225704193115234,65.53539276123047,67.44966125488281,70.83330535888672,73.46057891845703,76.30406951904297,77.92633056640625,78.68492889404297,80.98401641845703,81.40592956542969,83.47589111328125,85.55894470214844,86.67357635498047,87.62691497802734,89.62156677246094
3,self_attn,v_proj,0,4,5.46466588973999,3.868528127670288,77.79794311523438,89.04887390136719,61.53799819946289,61.53799819946289,63.5411376953125,67.39657592773438,69.907958984375,72.33475494384766,73.94834899902344,75.75934600830078,78.16910552978516,80.84141540527344,82.61446380615234,83.77137756347656,84.94489288330078,85.18571472167969,86.90747833251953,88.85755920410156,89.04887390136719
3,self_attn,v_proj,1,2,5.4261603355407715,3.8643481731414795,77.27874755859375,89.46446228027344,59.31089401245117,59.31089401245117,63.32920837402344,69.28959655761719,71.01790618896484,73.45148468017578,74.31947326660156,75.88509368896484,76.7302017211914,79.48428344726562,80.38246154785156,82.57556915283203,83.35525512695312,84.60054016113281,85.72726440429688,87.53630065917969,89.46446228027344
3,self_attn,v_proj,1,3,5.378954887390137,3.8406081199645996,76.45797729492188,89.76420593261719,56.869056701660156,56.869056701660156,59.154544830322266,67.27098846435547,69.5091781616211,71.6820068359375,73.80181884765625,74.86678314208984,75.78813934326172,78.78153991699219,80.29247283935547,82.17637634277344,83.45974731445312,84.64856719970703,86.13748168945312,89.12470245361328,89.76420593261719
3,self_attn,v_proj,1,4,5.393835067749023,3.843327522277832,76.67398071289062,89.60562133789062,58.80137634277344,58.80137634277344,60.86726760864258,66.23597717285156,68.29305267333984,70.06689453125,72.81120300292969,74.32746887207031,76.76152801513672,79.33966827392578,81.0420913696289,82.2936782836914,83.81197357177734,85.82958984375,87.68104553222656,89.01513671875,89.60562133789062
3,self_attn,v_proj,2,3,5.363901615142822,3.8412954807281494,76.29161071777344,89.68429565429688,58.59337615966797,58.59337615966797,61.06109619140625,67.15922546386719,69.5977554321289,70.95502471923828,72.85279846191406,73.84612274169922,76.20111083984375,76.9582748413086,78.86895751953125,80.85289001464844,82.8843994140625,85.32837677001953,86.8160400390625,89.0059814453125,89.68429565429688
3,self_attn,v_proj,2,4,5.436521053314209,3.8698887825012207,77.46600341796875,89.73783874511719,61.41515350341797,61.41515350341797,66.46126556396484,67.60699462890625,69.89329528808594,72.34552001953125,74.00218963623047,75.34918212890625,78.51984405517578,80.22418975830078,81.45235443115234,82.28231048583984,83.07239532470703,85.0039291381836,85.6492691040039,86.44025421142578,89.73783874511719
3,self_attn,v_proj,3,4,5.373953819274902,3.8388772010803223,76.38299560546875,89.90764617919922,58.74943161010742,58.74943161010742,59.282676696777344,64.7638931274414,66.65033721923828,72.91932678222656,74.25145721435547,74.90367126464844,77.46849822998047,77.68097686767578,80.340087890625,81.92740631103516,82.91060638427734,85.52413940429688,86.51673889160156,88.33102416992188,89.90764617919922
4,mlp,down_proj,0,1,5.719441890716553,3.9262616634368896,81.59272766113281,89.689453125,63.15044403076172,63.15044403076172,70.8504638671875,72.45355987548828,76.1635513305664,78.61578369140625,79.55570220947266,82.69081115722656,83.31438446044922,84.66468048095703,85.63629913330078,86.61245727539062,86.98674011230469,88.07207489013672,88.28604125976562,88.74124908447266,89.689453125
4,mlp,down_proj,0,2,5.697922229766846,3.924206256866455,81.29714965820312,89.91329193115234,66.28770446777344,66.28770446777344,67.66299438476562,72.99459075927734,76.42466735839844,77.29261779785156,79.25519561767578,80.70205688476562,83.14982604980469,83.98804473876953,85.15367126464844,85.48896789550781,86.2178726196289,88.07508087158203,88.8110580444336,89.33670806884766,89.91329193115234
4,mlp,down_proj,0,3,5.676204204559326,3.9176559448242188,80.94876098632812,89.01652526855469,63.05804443359375,63.05804443359375,67.6959228515625,71.40149688720703,76.08197021484375,77.09717559814453,80.02486419677734,81.73621368408203,83.9323501586914,84.37882232666016,84.96488189697266,85.66172790527344,86.64936065673828,87.08625030517578,87.83592987060547,88.55864715576172,89.01652526855469
4,mlp,down_proj,0,4,5.690224647521973,3.924380302429199,81.1969985961914,89.48124694824219,63.938026428222656,63.938026428222656,69.54536437988281,73.6698989868164,76.06096649169922,77.92951965332031,79.56095886230469,82.47138977050781,82.69294738769531,83.59112548828125,84.34107208251953,85.71205139160156,86.11939239501953,86.57845306396484,88.27672576904297,89.18283081054688,89.48124694824219
4,mlp,down_proj,1,2,5.718178749084473,3.9258766174316406,81.57268524169922,89.76502227783203,64.05091857910156,64.05091857910156,69.12422180175781,71.50077819824219,75.77178192138672,80.01461029052734,81.62554931640625,82.11006164550781,83.5018310546875,85.02674865722656,85.3720932006836,86.1180191040039,86.97892761230469,87.48638916015625,88.0422592163086,88.6737289428711,89.76502227783203
4,mlp,down_proj,1,3,5.652532577514648,3.911975145339966,80.59088134765625,89.77494049072266,62.8564453125,62.8564453125,68.46009826660156,70.40132904052734,74.63978576660156,77.01898193359375,79.10428619384766,80.9101333618164,81.5094223022461,82.16287994384766,85.10152435302734,85.65362548828125,86.41779327392578,87.87156677246094,88.45490264892578,89.11634826660156,89.77494049072266
4,mlp,down_proj,1,4,5.667242050170898,3.9148049354553223,80.80720520019531,89.90435791015625,63.99055099487305,63.99055099487305,66.68519592285156,71.67054748535156,74.26446533203125,76.30305480957031,79.66948699951172,81.93583679199219,83.56887817382812,83.96204376220703,84.97532653808594,85.37906646728516,86.87393951416016,87.13824462890625,88.24701690673828,88.34733581542969,89.90435791015625
4,mlp,down_proj,2,3,5.638428211212158,3.9094038009643555,80.38670349121094,89.9637451171875,64.97855377197266,64.97855377197266,67.25033569335938,69.24497985839844,71.97211456298828,76.33194732666016,79.87503051757812,81.066650390625,82.3544692993164,83.3492202758789,84.4557876586914,85.14894104003906,86.42887115478516,87.05520629882812,87.85779571533203,88.85374450683594,89.9637451171875
4,mlp,down_proj,2,4,5.66818380355835,3.919572353363037,80.86835479736328,89.67558288574219,65.3276138305664,65.3276138305664,68.82596588134766,71.38518524169922,75.4271011352539,77.39440155029297,78.86671447753906,79.69522857666016,82.96532440185547,83.39557647705078,84.36143493652344,86.27828979492188,86.45484924316406,87.16075897216797,88.06806182861328,88.61160278320312,89.67558288574219
4,mlp,down_proj,3,4,5.620970249176025,3.906515598297119,80.13302612304688,89.30879974365234,62.84944534301758,62.84944534301758,66.68040466308594,70.17193603515625,74.68844604492188,75.66668701171875,77.85151672363281,81.28961944580078,82.76907348632812,82.94137573242188,84.25965118408203,84.98422241210938,85.68395233154297,85.93917846679688,88.02229309082031,89.0218734741211,89.30879974365234
4,mlp,gate_proj,0,1,5.9144511222839355,3.9643239974975586,84.53825378417969,89.9841079711914,66.74199676513672,66.74199676513672,79.18865966796875,80.92842864990234,82.2394790649414,82.7459945678711,84.08443450927734,85.37886810302734,85.7241439819336,86.1144027709961,87.11830139160156,87.58619689941406,88.00679779052734,88.45321655273438,88.85802459716797,89.45899963378906,89.9841079711914
4,mlp,gate_proj,0,2,5.932068824768066,3.9645814895629883,84.77740478515625,89.88162994384766,66.13410186767578,66.13410186767578,78.77416229248047,80.99395751953125,82.86260223388672,82.9896011352539,84.8250961303711,85.7528305053711,86.40830993652344,86.77313995361328,87.67371368408203,87.72708129882812,88.44095611572266,88.52742767333984,89.04650115966797,89.62747955322266,89.88162994384766
4,mlp,gate_proj,0,3,5.910189151763916,3.9637835025787354,84.47777557373047,89.66368103027344,68.8085708618164,68.8085708618164,75.21955108642578,80.58453369140625,81.28741455078125,82.99278259277344,85.06135559082031,85.5842056274414,86.10243225097656,86.44449615478516,87.00467681884766,87.82121276855469,88.33644104003906,88.426025390625,88.95613098144531,89.3509292602539,89.66368103027344
4,mlp,gate_proj,0,4,5.923127174377441,3.963965892791748,84.65018463134766,89.86237335205078,65.61105346679688,65.61105346679688,79.28490447998047,82.16449737548828,82.67755889892578,83.7013168334961,83.93412017822266,85.25787353515625,85.41474151611328,86.00249481201172,87.12114715576172,87.6998291015625,88.50615692138672,88.71025848388672,88.84397888183594,89.61064910888672,89.86237335205078
4,mlp,gate_proj,1,2,5.9197773933410645,3.9658825397491455,84.6251449584961,89.6067886352539,67.30205535888672,67.30205535888672,78.91014862060547,81.39852142333984,81.89703369140625,83.47245788574219,84.7701416015625,85.45947265625,85.79718017578125,86.62236785888672,87.18419647216797,87.40633392333984,87.86871337890625,88.58184814453125,88.72338104248047,89.0016860961914,89.6067886352539
4,mlp,gate_proj,1,3,5.905322551727295,3.963247776031494,84.40693664550781,89.80081176757812,68.25166320800781,68.25166320800781,76.03541564941406,80.525146484375,81.17703247070312,82.84788513183594,84.54890441894531,85.21160125732422,86.0850830078125,86.63130187988281,87.2767105102539,87.43360137939453,87.708740234375,88.52897644042969,89.1073226928711,89.3407974243164,89.80081176757812
4,mlp,gate_proj,1,4,5.900352954864502,3.9602744579315186,84.30860137939453,89.9435806274414,65.24530029296875,65.24530029296875,77.70681762695312,80.38127899169922,81.80760192871094,83.28707122802734,84.28814697265625,85.04701232910156,85.48380279541016,86.79955291748047,87.15695190429688,87.67772674560547,87.97522735595703,88.32740783691406,88.59819793701172,89.2118911743164,89.9435806274414
4,mlp,gate_proj,2,3,5.893870830535889,3.9631688594818115,84.25304412841797,89.6259765625,68.99039459228516,68.99039459228516,75.94117736816406,79.3978500366211,82.00398254394531,83.4203872680664,83.6948013305664,84.63362884521484,85.24934387207031,86.56153106689453,86.84298706054688,87.32391357421875,87.61383819580078,88.51239776611328,88.98301696777344,89.25353240966797,89.6259765625
4,mlp,gate_proj,2,4,5.9185686111450195,3.962880849838257,84.57894134521484,89.6712417602539,65.8966293334961,65.8966293334961,77.70625305175781,80.36925506591797,82.59872436523438,83.85447692871094,84.77161407470703,85.86519622802734,86.38275146484375,86.76388549804688,87.30422973632812,87.4359359741211,87.85826110839844,88.60257720947266,88.97712707519531,89.20487213134766,89.6712417602539
4,mlp,gate_proj,3,4,5.893678188323975,3.9607226848602295,84.2264404296875,89.498046875,67.76415252685547,67.76415252685547,75.8091049194336,78.86707305908203,81.23905944824219,82.78607177734375,83.62297058105469,85.48082733154297,86.23600769042969,86.66236877441406,86.89839172363281,87.4518051147461,88.2685775756836,88.55713653564453,89.19097137451172,89.29058074951172,89.498046875
4,mlp,up_proj,0,1,5.872985363006592,3.96012544631958,83.94292449951172,89.8700942993164,66.8534164428711,66.8534164428711,78.40816497802734,80.24627685546875,81.64283752441406,81.86546325683594,83.00782012939453,83.4688720703125,84.57268524169922,85.60704803466797,86.10428619384766,87.05906677246094,87.69625854492188,88.42466735839844,88.99395751953125,89.26593780517578,89.8700942993164
4,mlp,up_proj,0,2,5.875140190124512,3.958935260772705,83.96192932128906,89.95886993408203,68.13976287841797,68.13976287841797,75.81099700927734,78.24870300292969,80.90350341796875,82.56268310546875,83.29402160644531,83.78465270996094,85.2590103149414,85.87158203125,86.55110931396484,87.61713409423828,88.11811065673828,88.38694763183594,89.04170227050781,89.84215545654297,89.95886993408203
4,mlp,up_proj,0,3,5.840574741363525,3.9539918899536133,83.4537582397461,89.98057556152344,67.32042694091797,67.32042694091797,74.38368225097656,78.82353210449219,80.33763122558594,82.11148071289062,82.4970703125,83.17024230957031,83.95733642578125,84.76097869873047,85.89889526367188,87.3573989868164,88.1577377319336,88.39540100097656,88.87065124511719,89.23714447021484,89.98057556152344
4,mlp,up_proj,0,4,5.880646228790283,3.961716651916504,84.06172180175781,89.84966278076172,68.23672485351562,68.23672485351562,76.76277923583984,80.24256896972656,81.9504165649414,82.54940032958984,83.41058349609375,83.7098388671875,84.29499053955078,85.38231658935547,86.6150131225586,87.41992950439453,87.8639907836914,88.28289794921875,88.99702453613281,89.41942596435547,89.84966278076172
4,mlp,up_proj,1,2,5.883908748626709,3.9619336128234863,84.10722351074219,89.81256866455078,67.95437622070312,67.95437622070312,78.13512420654297,79.19452667236328,81.25704193115234,82.18353271484375,83.76978302001953,84.03203582763672,84.93512725830078,86.47640228271484,86.68766021728516,87.0872573852539,87.82070922851562,88.01801300048828,88.94596862792969,89.40530395507812,89.81256866455078
4,mlp,up_proj,1,3,5.8682146072387695,3.9600436687469482,83.87905883789062,89.83992767333984,67.4385986328125,67.4385986328125,77.76609802246094,79.66621398925781,81.56803131103516,81.73688507080078,82.84899139404297,84.06949615478516,84.47305297851562,85.47762298583984,86.28697967529297,87.33433532714844,87.53965759277344,88.18505859375,88.7347183227539,89.09929656982422,89.83992767333984
4,mlp,up_proj,1,4,5.865070343017578,3.9619874954223633,83.85662841796875,89.8560562133789,68.90274810791016,68.90274810791016,77.4920883178711,80.00836181640625,80.93559265136719,82.45136260986328,83.74894714355469,84.13239288330078,84.52552795410156,85.1519775390625,85.228271484375,86.52794647216797,87.06864166259766,87.84635925292969,88.48253631591797,89.34725189208984,89.8560562133789
4,mlp,up_proj,2,3,5.849571704864502,3.9567201137542725,83.60054016113281,89.56697082519531,69.42662048339844,69.42662048339844,73.2558822631836,78.90956115722656,79.88504028320312,81.95408630371094,82.9737319946289,83.58721160888672,85.19303131103516,85.62272644042969,86.64436340332031,86.84123992919922,87.5685806274414,87.94134521484375,88.76651763916016,89.47177124023438,89.56697082519531
4,mlp,up_proj,2,4,5.8519134521484375,3.9566121101379395,83.63087463378906,89.58782958984375,69.82427215576172,69.82427215576172,73.15182495117188,77.20659637451172,80.53199005126953,81.20903778076172,83.55811309814453,84.50653076171875,85.8562240600586,85.93284606933594,86.38874053955078,86.70996856689453,87.57982635498047,88.26741790771484,88.61373138427734,89.16909790039062,89.58782958984375
4,mlp,up_proj,3,4,5.811984539031982,3.9510669708251953,83.04798126220703,89.83399200439453,68.42991638183594,68.42991638183594,73.11961364746094,77.21428680419922,79.8304214477539,80.9245376586914,81.90679931640625,83.94999694824219,84.16944885253906,84.81371307373047,85.83039855957031,86.32231140136719,86.7010269165039,87.53746795654297,88.73987579345703,89.44387817382812,89.83399200439453
4,self_attn,k_proj,0,1,5.229058265686035,3.8032476902008057,74.30035400390625,88.91509246826172,58.63505172729492,58.63505172729492,61.42216491699219,62.22415542602539,64.97954559326172,65.76895141601562,68.5405502319336,71.04412078857422,74.84056854248047,77.36402893066406,78.97269439697266,79.85698699951172,81.65128326416016,83.333251953125,84.13101196289062,87.1261215209961,88.91509246826172
4,self_attn,k_proj,0,2,5.294788360595703,3.8126587867736816,75.16546630859375,89.28102111816406,57.247554779052734,57.247554779052734,58.83943176269531,61.590087890625,66.09825134277344,68.05806732177734,71.8592529296875,72.85340881347656,75.67546844482422,78.04660034179688,79.9254379272461,80.48931121826172,83.28413391113281,84.45600128173828,87.03253173828125,87.9109115600586,89.28102111816406
4,self_attn,k_proj,0,3,5.166141033172607,3.7894601821899414,73.42456817626953,89.57406616210938,56.40607452392578,56.40607452392578,60.293785095214844,63.66566467285156,65.28370666503906,66.96422576904297,68.18579864501953,70.58261108398438,73.49542236328125,75.56497955322266,76.4666519165039,77.85542297363281,80.20388793945312,80.92951202392578,82.88551330566406,86.43576049804688,89.57406616210938
4,self_attn,k_proj,0,4,5.216119766235352,3.793282985687256,74.03597259521484,88.68174743652344,53.77785873413086,53.77785873413086,59.861175537109375,62.67621612548828,64.94283294677734,68.55043029785156,69.549560546875,72.12579345703125,73.43917083740234,76.02153778076172,76.79078674316406,78.57769775390625,81.60011291503906,84.42576599121094,85.49726867675781,88.05770874023438,88.68174743652344
4,self_attn,k_proj,1,2,5.312419414520264,3.8206777572631836,75.45433044433594,89.26966857910156,54.738914489746094,54.738914489746094,60.55894088745117,65.65286254882812,66.68914794921875,69.52118682861328,70.6550064086914,74.13444519042969,75.2920913696289,77.50382995605469,79.03459167480469,81.84236907958984,83.6286849975586,84.9396743774414,86.06072998046875,87.74723052978516,89.26966857910156
4,self_attn,k_proj,1,3,5.2147016525268555,3.787687301635742,73.95958709716797,88.67089080810547,54.65793228149414,54.65793228149414,58.53131103515625,61.22042465209961,63.38283920288086,64.98624420166016,70.48426055908203,72.67561340332031,74.9258041381836,75.74217224121094,77.85372924804688,80.5887680053711,82.31194305419922,84.93751525878906,85.4085464477539,86.9753646850586,88.67089080810547
4,self_attn,k_proj,1,4,5.285608768463135,3.8196802139282227,75.13536071777344,88.76600646972656,57.37136459350586,57.37136459350586,62.44762420654297,65.3368911743164,66.84626770019531,68.70355987548828,69.98777770996094,71.22837829589844,72.34136962890625,77.76603698730469,80.14204406738281,80.96541595458984,82.72798156738281,84.50482177734375,86.0911865234375,86.93904113769531,88.76600646972656
4,self_attn,k_proj,2,3,5.232785701751709,3.797464370727539,74.28099822998047,89.53694152832031,56.45843505859375,56.45843505859375,58.98292922973633,62.10056686401367,65.42108154296875,67.41886138916016,69.47916412353516,73.1279067993164,74.15213775634766,75.67469787597656,76.7283706665039,79.99658966064453,81.10133361816406,82.96231842041016,86.43158721923828,88.92304992675781,89.53694152832031
4,self_attn,k_proj,2,4,5.274829864501953,3.8158445358276367,74.96918487548828,89.67483520507812,58.754539489746094,58.754539489746094,60.590152740478516,63.68257522583008,66.67981719970703,68.40451049804688,69.58511352539062,72.64119720458984,73.87297058105469,76.86152648925781,78.84477996826172,80.28857421875,83.13426208496094,83.70465850830078,85.27223205566406,87.51529693603516,89.67483520507812
4,self_attn,k_proj,3,4,5.266262054443359,3.811755895614624,74.8219985961914,88.84938049316406,55.97886657714844,55.97886657714844,60.92192459106445,64.5280990600586,67.80314636230469,68.61235046386719,69.16157531738281,72.68517303466797,73.8780288696289,75.62686157226562,78.17051696777344,80.0723876953125,82.10237884521484,84.5838394165039,85.4360122680664,88.74137115478516,88.84938049316406
4,self_attn,o_proj,0,1,5.6523661613464355,3.9135515689849854,80.60262298583984,89.4424057006836,62.571651458740234,62.571651458740234,67.6401596069336,71.40725708007812,76.47925567626953,76.98606872558594,79.3360366821289,80.6976547241211,81.5368881225586,83.5484390258789,84.46853637695312,84.8907241821289,86.276611328125,87.01128387451172,88.1063461303711,89.24266052246094,89.4424057006836
4,self_attn,o_proj,0,2,5.687415599822998,3.921367883682251,81.13059997558594,89.94329071044922,63.37126159667969,63.37126159667969,69.45470428466797,72.26504516601562,74.01431274414062,78.89232635498047,80.86457061767578,82.08473205566406,83.34529113769531,84.22296142578125,84.60723876953125,84.75596618652344,86.26568603515625,87.26421356201172,88.22767639160156,88.5103988647461,89.94329071044922
4,self_attn,o_proj,0,3,5.696588516235352,3.9263246059417725,81.29730224609375,89.42180633544922,63.30082321166992,63.30082321166992,69.95731353759766,75.90270233154297,77.14998626708984,78.6833724975586,79.89640808105469,80.21783447265625,82.466796875,82.87103271484375,84.14847564697266,85.06450653076172,86.3139419555664,87.06478118896484,88.9530029296875,89.34407043457031,89.42180633544922
4,self_attn,o_proj,0,4,5.673002243041992,3.92419171333313,80.9750747680664,89.64672088623047,64.85198974609375,64.85198974609375,70.97259521484375,72.90430450439453,76.2372817993164,78.21630859375,79.59928131103516,80.17491912841797,80.93180084228516,83.03180694580078,83.51792907714844,85.43741607666016,85.84449005126953,87.58562469482422,88.229736328125,88.41897583007812,89.64672088623047
4,self_attn,o_proj,1,2,5.658431529998779,3.9207677841186523,80.75422668457031,89.68195343017578,64.61068725585938,64.61068725585938,70.28172302246094,72.61322021484375,74.96658325195312,77.92400360107422,78.64923095703125,81.05220794677734,81.68768310546875,82.9789047241211,83.7029037475586,85.2762222290039,85.5343017578125,86.31302642822266,87.8405532836914,88.95435333251953,89.68195343017578
4,self_attn,o_proj,1,3,5.645155906677246,3.9113786220550537,80.49102020263672,89.80375671386719,62.80002212524414,62.80002212524414,68.89082336425781,70.80009460449219,74.78978729248047,76.61226654052734,77.86685943603516,80.36758422851562,81.30818176269531,82.9372329711914,85.02532196044922,85.45429229736328,86.11752319335938,87.01544189453125,88.69508361816406,89.3720932006836,89.80375671386719
4,self_attn,o_proj,1,4,5.652388572692871,3.912144422531128,80.587646484375,89.54901123046875,61.66845703125,61.66845703125,67.3503189086914,72.66622924804688,74.14714050292969,77.73064422607422,80.04615783691406,81.31099700927734,82.00068664550781,83.28999328613281,83.95941925048828,84.67361450195312,86.27931213378906,87.28165435791016,88.25035095214844,89.19827270507812,89.54901123046875
4,self_attn,o_proj,2,3,5.736060619354248,3.9338035583496094,81.88260650634766,89.51020050048828,64.24732971191406,64.24732971191406,70.90653991699219,75.79393768310547,77.99134826660156,78.80268096923828,80.92986297607422,82.2741470336914,82.75074005126953,83.5893783569336,85.6711654663086,85.76972198486328,87.18798828125,87.38192749023438,88.31619262695312,88.9986343383789,89.51020050048828
4,self_attn,o_proj,2,4,5.6865057945251465,3.9251582622528076,81.1551513671875,88.91380310058594,63.4412727355957,63.4412727355957,69.5595474243164,74.42828369140625,75.6412124633789,79.0174331665039,80.76576232910156,82.07105255126953,82.72549438476562,83.4807357788086,84.25830078125,85.2659683227539,85.5978012084961,87.43396759033203,87.68833923339844,88.19339752197266,88.91380310058594
4,self_attn,o_proj,3,4,5.672821044921875,3.920685291290283,80.9354019165039,89.3825454711914,63.1769905090332,63.1769905090332,68.85836029052734,73.18568420410156,75.40409088134766,79.0943603515625,79.81600952148438,81.71949005126953,82.41043853759766,83.05989074707031,84.02999877929688,84.79044342041016,86.48681640625,87.00927734375,88.05774688720703,88.4842300415039,89.3825454711914
4,self_attn,q_proj,0,1,5.560973167419434,3.904475688934326,79.3560562133789,89.37451934814453,63.507633209228516,63.507633209228516,68.67832946777344,72.72354125976562,74.84320068359375,76.3074722290039,77.25569915771484,78.59996795654297,78.9776840209961,80.48925018310547,81.73082733154297,82.28594970703125,84.45946502685547,85.35564422607422,86.06221008300781,89.0455093383789,89.37451934814453
4,self_attn,q_proj,0,2,5.534788131713867,3.8996694087982178,78.98135375976562,88.82028198242188,65.19705963134766,65.19705963134766,67.3237075805664,72.14476776123047,72.41203308105469,74.87017822265625,76.61387634277344,78.36771392822266,79.18402099609375,81.13578796386719,82.15419006347656,82.26546478271484,83.6583251953125,85.4552001953125,86.27208709716797,87.82697296142578,88.82028198242188
4,self_attn,q_proj,0,3,5.557231426239014,3.9011290073394775,79.27918243408203,89.69805908203125,65.0533676147461,65.0533676147461,68.19296264648438,72.0716323852539,73.78327941894531,74.76456451416016,75.75422668457031,77.24118041992188,78.22827911376953,80.6037826538086,82.75381469726562,83.14142608642578,84.15997314453125,86.80924987792969,87.8133544921875,88.39775848388672,89.69805908203125
4,self_attn,q_proj,0,4,5.543909549713135,3.898510456085205,79.0867919921875,89.40898132324219,65.3211898803711,65.3211898803711,69.80496215820312,70.38260650634766,72.39496612548828,74.5731201171875,75.2353515625,75.88630676269531,78.52263641357422,80.73062896728516,82.39290618896484,84.49760437011719,85.12507629394531,85.72574615478516,86.92078399658203,88.4657974243164,89.40898132324219
4,self_attn,q_proj,1,2,5.50449800491333,3.887587308883667,78.48453521728516,89.93842315673828,64.5943603515625,64.5943603515625,66.6343002319336,68.68064880371094,71.29869842529297,72.98902130126953,76.54308319091797,77.53218078613281,79.20672607421875,79.81266021728516,81.58009338378906,83.40818786621094,84.3426513671875,84.70347595214844,86.76329040527344,87.72483825683594,89.93842315673828
4,self_attn,q_proj,1,3,5.493460655212402,3.8864850997924805,78.33604431152344,88.89228057861328,63.91861343383789,63.91861343383789,67.86299896240234,69.05162048339844,70.53938293457031,73.457275390625,74.30476379394531,77.54528045654297,79.2374038696289,80.90917205810547,81.65779113769531,82.86233520507812,84.1607437133789,85.18952941894531,86.0713119506836,87.71612548828125,88.89228057861328
4,self_attn,q_proj,1,4,5.516504287719727,3.884336471557617,78.59700775146484,89.5825424194336,60.9633674621582,60.9633674621582,66.24957275390625,68.72338104248047,71.48074340820312,74.1464614868164,76.09112548828125,76.90345764160156,80.52926635742188,80.91327667236328,82.74848937988281,83.92813110351562,84.564453125,85.93358612060547,86.4820785522461,88.31221008300781,89.5825424194336
4,self_attn,q_proj,2,3,5.4968461990356445,3.8874783515930176,78.38707733154297,89.35376739501953,62.43732452392578,62.43732452392578,67.45481872558594,70.66974639892578,73.36732482910156,74.18811798095703,74.89922332763672,77.4465103149414,78.7800521850586,79.76204681396484,80.41976165771484,81.01697540283203,82.8800277709961,85.66588592529297,87.36244201660156,88.48920440673828,89.35376739501953
4,self_attn,q_proj,2,4,5.478626728057861,3.8814382553100586,78.10067749023438,89.35747528076172,62.22320556640625,62.22320556640625,67.64176177978516,68.08940887451172,71.69235229492188,72.99246978759766,76.32968139648438,77.29502868652344,77.82015991210938,78.85868072509766,81.39868927001953,82.76814270019531,84.25080871582031,84.47274780273438,86.2034683227539,88.21683502197266,89.35747528076172
4,self_attn,q_proj,3,4,5.479721546173096,3.880006790161133,78.09805297851562,89.62744140625,60.44162368774414,60.44162368774414,67.54315948486328,68.85935974121094,73.44355773925781,74.13922882080078,75.26419067382812,77.04838562011719,77.418212890625,78.48475646972656,79.26387023925781,83.53341674804688,84.10855865478516,85.56602478027344,87.10433197021484,87.72270202636719,89.62744140625
4,self_attn,v_proj,0,1,5.353600978851318,3.8317320346832275,76.06049346923828,89.5049057006836,55.81293487548828,55.81293487548828,60.045528411865234,65.79502868652344,67.44721221923828,69.39402770996094,72.37733459472656,76.37400817871094,77.43623352050781,77.9714584350586,80.75297546386719,81.68519592285156,82.68912506103516,84.68895721435547,86.6453857421875,88.34756469726562,89.5049057006836
4,self_attn,v_proj,0,2,5.33456563949585,3.836719036102295,75.89361572265625,89.84856414794922,58.286380767822266,58.286380767822266,63.37606430053711,66.6461410522461,67.69763946533203,70.54762268066406,71.36432647705078,72.8231201171875,75.79325866699219,77.4618148803711,79.82283782958984,80.60103607177734,82.64808654785156,83.12533569335938,86.80488586425781,87.4508285522461,89.84856414794922
4,self_attn,v_proj,0,3,5.342337608337402,3.8373634815216064,75.98979187011719,89.32684326171875,57.54245376586914,57.54245376586914,62.418514251708984,65.87207794189453,68.62618255615234,70.4139175415039,72.29695892333984,74.79859161376953,75.93165588378906,77.40093231201172,79.6701889038086,80.67383575439453,82.78535461425781,83.7891845703125,85.81822204589844,88.47173309326172,89.32684326171875
4,self_attn,v_proj,0,4,5.413649559020996,3.859154224395752,77.0802001953125,89.9842758178711,60.747806549072266,60.747806549072266,65.1637954711914,66.16011047363281,70.91445922851562,72.4297103881836,72.58333587646484,74.5199966430664,76.45496368408203,78.19970703125,80.43254852294922,81.25682830810547,84.38707733154297,85.08040618896484,86.01586151123047,88.95237731933594,89.9842758178711
4,self_attn,v_proj,1,2,5.4092326164245605,3.8491053581237793,76.9154281616211,89.92291259765625,58.20987319946289,58.20987319946289,62.647762298583984,63.30544662475586,69.39219665527344,70.42987060546875,75.60682678222656,76.78970336914062,77.8442611694336,78.9180908203125,81.25422668457031,82.1710205078125,84.21089172363281,85.82681274414062,86.55675506591797,87.56024169921875,89.92291259765625
4,self_attn,v_proj,1,3,5.379588603973389,3.8404479026794434,76.46359252929688,88.81299591064453,54.87143325805664,54.87143325805664,63.39908218383789,66.44498443603516,69.37358856201172,70.72059631347656,71.54840087890625,74.57805633544922,76.94070434570312,77.62358093261719,81.4146728515625,82.67997741699219,83.99723052978516,86.0887680053711,86.89285278320312,88.030517578125,88.81299591064453
4,self_attn,v_proj,1,4,5.337366580963135,3.8323171138763428,75.88238525390625,89.63662719726562,58.15523910522461,58.15523910522461,61.16468048095703,66.88060760498047,68.20113372802734,70.12824249267578,72.13510131835938,72.55821228027344,74.02815246582031,76.63056945800781,78.66426086425781,81.58966827392578,84.1452865600586,85.22959899902344,86.70745086669922,88.26327514648438,89.63662719726562
4,self_attn,v_proj,2,3,5.399101257324219,3.8506572246551514,76.81442260742188,88.78669738769531,59.63206481933594,59.63206481933594,63.706146240234375,65.07422637939453,68.1729965209961,71.60543823242188,74.066650390625,76.11669158935547,76.56755828857422,78.25467681884766,78.78646850585938,81.9703598022461,83.3166732788086,86.59506225585938,88.01068115234375,88.36837768554688,88.78669738769531
4,self_attn,v_proj,2,4,5.464284896850586,3.8725991249084473,77.83636474609375,89.47427368164062,61.636627197265625,61.636627197265625,66.65745544433594,66.97730255126953,71.0472412109375,72.11844635009766,75.142578125,76.79556274414062,77.49022674560547,77.9723129272461,79.97305297851562,83.33428955078125,84.8299331665039,86.1767578125,87.4296875,88.32613372802734,89.47427368164062
4,self_attn,v_proj,3,4,5.430477142333984,3.8593032360076904,77.28319549560547,88.77049255371094,60.22700500488281,60.22700500488281,63.355316162109375,66.06389617919922,69.61372375488281,71.1692123413086,73.35867309570312,75.59959411621094,78.55134582519531,80.62278747558594,82.00810241699219,82.48324584960938,83.92046356201172,85.2807388305664,87.20774841308594,88.29875183105469,88.77049255371094
5,mlp,down_proj,0,1,5.718134880065918,3.9310081005096436,81.62451171875,89.87773895263672,66.14768981933594,66.14768981933594,69.53636932373047,73.22926330566406,77.5104751586914,79.23653411865234,80.68305206298828,81.29148864746094,82.77117156982422,83.70170593261719,84.95130920410156,85.83048248291016,86.75872039794922,87.72357177734375,87.9852294921875,88.75737762451172,89.87773895263672
5,mlp,down_proj,0,2,5.655696392059326,3.911752462387085,80.6298599243164,89.43294525146484,64.00481414794922,64.00481414794922,66.498046875,71.09464263916016,74.13745880126953,77.44929504394531,77.79544067382812,80.31181335449219,82.35285949707031,83.94742584228516,85.21525573730469,85.56861877441406,86.99806213378906,87.72786712646484,88.46293640136719,89.08026885986328,89.43294525146484
5,mlp,down_proj,0,3,5.694094657897949,3.925807237625122,81.26019287109375,89.64984893798828,63.82943344116211,63.82943344116211,70.80401611328125,71.79338073730469,76.09187316894531,78.91355895996094,81.47869873046875,81.91487121582031,83.33588409423828,83.67681121826172,84.61473846435547,85.25907135009766,86.42626190185547,86.78313446044922,87.56900024414062,88.02243041992188,89.64984893798828
5,mlp,down_proj,0,4,5.652693271636963,3.911809206008911,80.5956802368164,89.8064193725586,65.68637084960938,65.68637084960938,68.27254486083984,70.39122772216797,73.67627716064453,74.40776062011719,77.0520248413086,79.97992706298828,82.04351806640625,84.48980712890625,84.84521484375,85.81852722167969,87.08592987060547,87.39137268066406,88.8995361328125,89.68443298339844,89.8064193725586
5,mlp,down_proj,1,2,5.6681084632873535,3.9194324016571045,80.86408233642578,89.82418060302734,64.50100708007812,64.50100708007812,68.61743927001953,70.42400360107422,76.46162414550781,78.56346130371094,79.1125717163086,81.89313507080078,82.40724182128906,83.163330078125,84.27229309082031,85.80453491210938,86.3802490234375,86.53851318359375,86.88546752929688,88.97625732421875,89.82418060302734
5,mlp,down_proj,1,3,5.659886360168457,3.9167935848236084,80.73206329345703,89.66165161132812,62.976539611816406,62.976539611816406,68.66352081298828,73.28010559082031,75.62395477294922,77.65782928466797,78.29165649414062,79.53448486328125,81.49803924560547,84.1066665649414,85.02180480957031,85.27361297607422,86.03533172607422,87.13426208496094,87.92792510986328,89.02558135986328,89.66165161132812
5,mlp,down_proj,1,4,5.6263108253479,3.9082131385803223,80.21815490722656,89.38146209716797,62.86762619018555,62.86762619018555,66.98825073242188,71.0041275024414,74.68280792236328,75.73594665527344,79.73677825927734,79.93460845947266,81.71983337402344,82.60408782958984,83.20941925048828,85.26350402832031,86.09589385986328,87.55290985107422,88.21334075927734,88.50000762939453,89.38146209716797
5,mlp,down_proj,2,3,5.721381664276123,3.929130792617798,81.64642333984375,89.94552612304688,63.81258773803711,63.81258773803711,70.22817993164062,75.1017837524414,76.06383514404297,79.27317810058594,80.43051147460938,82.05970764160156,82.50265502929688,83.70854187011719,85.03894805908203,85.94563293457031,86.89307403564453,87.32889556884766,88.7081298828125,89.301513671875,89.94552612304688
5,mlp,down_proj,2,4,5.605478286743164,3.907155752182007,79.94331359863281,89.87124633789062,63.48485565185547,63.48485565185547,67.32656860351562,69.74365997314453,75.64537048339844,77.0262451171875,78.5245361328125,79.50638580322266,80.87776184082031,81.36045837402344,83.9370346069336,84.2463150024414,85.81552124023438,86.40074920654297,87.02310180664062,88.30316162109375,89.87124633789062
5,mlp,down_proj,3,4,5.626444339752197,3.910244941711426,80.23983764648438,89.93923950195312,63.40764236450195,63.40764236450195,66.40387725830078,72.21863555908203,74.86904907226562,77.39044189453125,78.69456481933594,79.49172973632812,81.70116424560547,82.45684051513672,83.97331237792969,84.69888305664062,85.71806335449219,86.87126922607422,87.83812713623047,88.16450500488281,89.93923950195312
5,mlp,gate_proj,0,1,5.8920159339904785,3.963012456893921,84.22783660888672,89.95533752441406,70.18574523925781,70.18574523925781,76.25558471679688,78.53382873535156,80.16593170166016,82.10635375976562,84.45339965820312,85.06735229492188,85.57929229736328,85.85625457763672,86.46459197998047,87.4410171508789,87.984619140625,88.71711730957031,89.32096862792969,89.5579833984375,89.95533752441406
5,mlp,gate_proj,0,2,5.88419246673584,3.9623076915740967,84.11650085449219,89.87272644042969,70.23758697509766,70.23758697509766,76.80551147460938,78.09307098388672,80.17599487304688,81.61983489990234,82.56649017333984,85.0283432006836,85.5892105102539,86.5833969116211,87.27910614013672,87.52273559570312,87.69084930419922,88.34049224853516,88.81768035888672,89.64091491699219,89.87272644042969
5,mlp,gate_proj,0,3,5.844645977020264,3.954440116882324,83.51362609863281,89.50341033935547,68.89685821533203,68.89685821533203,74.16448211669922,77.49571990966797,78.9545669555664,80.98509979248047,82.29476928710938,84.18016815185547,84.45391082763672,85.79498291015625,86.87439727783203,87.31438446044922,88.1432113647461,88.65585327148438,89.11324310302734,89.39287567138672,89.50341033935547
5,mlp,gate_proj,0,4,5.871074676513672,3.9610507488250732,83.92927551269531,89.98440551757812,70.75367736816406,70.75367736816406,75.00128173828125,79.03287506103516,79.35832214355469,81.14823150634766,83.80812072753906,84.75146484375,85.30186462402344,86.14015197753906,86.48420715332031,87.37008666992188,87.65835571289062,88.26927185058594,88.62043762207031,89.18559265136719,89.98440551757812
5,mlp,gate_proj,1,2,5.886531829833984,3.958726167678833,84.11068725585938,89.97949981689453,66.80431365966797,66.80431365966797,76.02957153320312,76.99028778076172,82.417236328125,83.97998046875,84.12105560302734,85.13544464111328,85.7109603881836,86.40745544433594,86.88079071044922,87.03776550292969,87.58367919921875,88.18279266357422,89.0547866821289,89.45538330078125,89.97949981689453
5,mlp,gate_proj,1,3,5.835860252380371,3.949320077896118,83.34408569335938,89.8310317993164,65.12689208984375,65.12689208984375,73.56363677978516,77.47289276123047,79.48235321044922,81.40208435058594,83.6609878540039,84.27366638183594,85.23812103271484,86.34683990478516,86.46436309814453,86.98815155029297,87.6050033569336,88.10887145996094,88.74674987792969,89.19368743896484,89.8310317993164
5,mlp,gate_proj,1,4,5.8659443855285645,3.953634023666382,83.78657531738281,89.67805480957031,66.02526092529297,66.02526092529297,74.80789184570312,76.43617248535156,79.8227767944336,83.17687225341797,84.2352294921875,84.83895874023438,85.71309661865234,86.58660888671875,86.79779052734375,87.43367004394531,88.02498626708984,88.59940338134766,89.04055786132812,89.3678970336914,89.67805480957031
5,mlp,gate_proj,2,3,5.841302394866943,3.954866886138916,83.4708023071289,89.90109252929688,66.59111022949219,66.59111022949219,75.81881713867188,78.46892547607422,80.62960815429688,81.79698181152344,83.06128692626953,83.60013580322266,84.87653350830078,85.63599395751953,85.76240539550781,86.57015228271484,87.27548217773438,87.86695861816406,88.54985046386719,89.12749481201172,89.90109252929688
5,mlp,gate_proj,2,4,5.878725051879883,3.9586567878723145,84.00624084472656,89.77025604248047,67.3160171508789,67.3160171508789,75.53736877441406,78.50316619873047,81.21366119384766,82.65835571289062,83.75411224365234,84.71340942382812,85.46002960205078,86.24813079833984,86.86629486083984,87.12533569335938,88.27486419677734,88.4936294555664,88.8044662475586,89.36068725585938,89.77025604248047
5,mlp,gate_proj,3,4,5.824644565582275,3.946709394454956,83.17139434814453,89.77334594726562,65.38579559326172,65.38579559326172,74.2003173828125,75.489990234375,78.05335235595703,81.77886962890625,82.11206817626953,83.78819274902344,85.3856201171875,86.1968994140625,86.31000518798828,87.59033203125,88.1000747680664,88.3048324584961,88.89215087890625,89.38040161132812,89.77334594726562
5,mlp,up_proj,0,1,5.830522537231445,3.9532740116119385,83.31336975097656,89.2716293334961,67.38883209228516,67.38883209228516,74.24972534179688,77.9931640625,79.86951446533203,81.41834259033203,82.64611053466797,83.57893371582031,85.02932739257812,85.87779998779297,86.34090423583984,86.79351806640625,87.2137222290039,87.88560485839844,88.65499114990234,88.80179595947266,89.2716293334961
5,mlp,up_proj,0,2,5.839271545410156,3.946017026901245,83.35472106933594,89.96218872070312,63.28266906738281,63.28266906738281,72.15902709960938,77.20484161376953,81.53031921386719,82.71368408203125,83.39373016357422,83.98904418945312,84.86604309082031,85.97110748291016,86.43915557861328,87.08477020263672,87.72917175292969,88.3800048828125,89.38813018798828,89.58169555664062,89.96218872070312
5,mlp,up_proj,0,3,5.834710597991943,3.9536030292510986,83.37124633789062,89.88680267333984,66.4601058959961,66.4601058959961,75.38260650634766,78.77623748779297,80.63599395751953,81.7610092163086,82.13114166259766,83.23707580566406,84.35169982910156,85.43949890136719,86.11387634277344,86.69984436035156,87.37141418457031,87.9208755493164,88.27945709228516,89.49240112304688,89.88680267333984
5,mlp,up_proj,0,4,5.853828430175781,3.9552202224731445,83.64015197753906,89.48724365234375,66.02178192138672,66.02178192138672,76.2363510131836,79.06201171875,80.0650863647461,81.71484375,83.1132583618164,83.79116821289062,84.91033172607422,86.00787353515625,86.54203796386719,87.12501525878906,87.8202896118164,88.32612609863281,88.83016967773438,89.1889419555664,89.48724365234375
5,mlp,up_proj,1,2,5.863406658172607,3.9571144580841064,83.78812408447266,89.84339904785156,68.47818756103516,68.47818756103516,73.95220184326172,79.04905700683594,79.89633178710938,82.22695922851562,83.72835540771484,84.20327758789062,84.82337188720703,85.32466125488281,86.71216583251953,87.3760757446289,87.50563049316406,88.4648208618164,89.3360595703125,89.68940734863281,89.84339904785156
5,mlp,up_proj,1,3,5.849475383758545,3.955869674682617,83.58927917480469,89.67495727539062,66.98887634277344,66.98887634277344,75.12422180175781,79.48455810546875,79.86167907714844,82.48059844970703,82.71277618408203,83.89385986328125,84.99100494384766,85.86971282958984,86.65169525146484,86.94711303710938,87.39027404785156,87.8858642578125,88.42373657226562,89.04759979248047,89.67495727539062
5,mlp,up_proj,1,4,5.85194730758667,3.9565393924713135,83.62857055664062,89.85916137695312,66.95639038085938,66.95639038085938,76.03530883789062,78.66475677490234,80.66337585449219,82.19380187988281,82.9879379272461,84.28749084472656,84.87896728515625,85.44249725341797,86.08818054199219,86.77434539794922,87.4892578125,87.92988586425781,88.57633209228516,89.2294692993164,89.85916137695312
5,mlp,up_proj,2,3,5.853416919708252,3.9573731422424316,83.65695190429688,89.59391784667969,67.92727661132812,67.92727661132812,75.08733367919922,79.77578735351562,80.80778503417969,81.05923461914062,83.59860229492188,83.88402557373047,84.43028259277344,85.51539611816406,86.24237060546875,86.80974578857422,87.24319458007812,88.17285919189453,88.81426239013672,89.54915618896484,89.59391784667969
5,mlp,up_proj,2,4,5.844680309295654,3.9543585777282715,83.51203918457031,89.97191619873047,67.41044616699219,67.41044616699219,76.47663879394531,76.70267486572266,78.67552947998047,81.22282409667969,83.30963897705078,84.44267272949219,85.06468200683594,85.63678741455078,86.69437408447266,87.06487274169922,87.33350372314453,87.88726043701172,88.98709869384766,89.31172180175781,89.97191619873047
5,mlp,up_proj,3,4,5.875162124633789,3.9605815410614014,83.97727966308594,89.8833999633789,67.65188598632812,67.65188598632812,78.1608657836914,79.33470153808594,80.89590454101562,82.37344360351562,83.26913452148438,83.5647201538086,84.56141662597656,85.31478118896484,86.63595581054688,87.4245834350586,87.67337799072266,88.39344787597656,89.05075073242188,89.44803619384766,89.8833999633789
5,self_attn,k_proj,0,1,5.342940807342529,3.835099458694458,75.96827697753906,89.90592956542969,54.892303466796875,54.892303466796875,64.63153839111328,65.1208267211914,68.38954162597656,70.65966796875,72.69556427001953,75.15673065185547,76.26192474365234,77.28582763671875,79.06236267089844,80.70800018310547,81.73381805419922,85.32537841796875,85.58174133300781,88.0813217163086,89.90592956542969
5,self_attn,k_proj,0,2,5.291735649108887,3.818303108215332,75.18492126464844,89.72159576416016,55.489768981933594,55.489768981933594,59.04811477661133,65.86698150634766,68.06053161621094,69.08999633789062,73.01885986328125,73.85350799560547,75.0132827758789,75.97946166992188,77.87744903564453,80.2759780883789,81.05272674560547,84.13732147216797,86.09294891357422,88.38019561767578,89.72159576416016
5,self_attn,k_proj,0,3,5.286965370178223,3.8186652660369873,75.1334228515625,89.3940658569336,55.305912017822266,55.305912017822266,62.27382278442383,63.77907943725586,66.1484146118164,70.48300170898438,71.34820556640625,73.09871673583984,74.68528747558594,78.22042083740234,79.74354553222656,80.07191467285156,81.7811279296875,81.96637725830078,85.35232543945312,88.48260498046875,89.3940658569336
5,self_attn,k_proj,0,4,5.310715675354004,3.821157932281494,75.44601440429688,89.96798706054688,58.18730545043945,58.18730545043945,59.54631805419922,64.22344207763672,65.94032287597656,68.71146392822266,70.02857971191406,75.08628845214844,76.10883331298828,77.05518341064453,79.34861755371094,81.60792541503906,82.96376037597656,84.81141662597656,85.39043426513672,88.15843963623047,89.96798706054688
5,self_attn,k_proj,1,2,5.313352108001709,3.825669050216675,75.51931762695312,89.00353240966797,55.057640075683594,55.057640075683594,62.709171295166016,64.698974609375,69.09111785888672,69.71136474609375,72.0181655883789,72.90495300292969,75.10604858398438,77.01558685302734,78.65365600585938,80.76197052001953,82.49739074707031,83.66301727294922,87.05611419677734,88.36041259765625,89.00353240966797
5,self_attn,k_proj,1,3,5.29843282699585,3.8278796672821045,75.37332153320312,89.24535369873047,59.51860809326172,59.51860809326172,62.71633529663086,63.8965950012207,67.20628356933594,69.0198745727539,71.58181762695312,74.12940216064453,75.0823974609375,75.61031341552734,78.64263916015625,80.51752471923828,82.6199722290039,83.74454498291016,84.30038452148438,88.14104461669922,89.24535369873047
5,self_attn,k_proj,1,4,5.362733840942383,3.836010456085205,76.22177124023438,89.85193634033203,57.412933349609375,57.412933349609375,61.00412368774414,66.96345520019531,67.76203155517578,69.83708953857422,71.50788879394531,73.9608154296875,76.92982482910156,78.64171600341797,80.3023681640625,80.89140319824219,82.98045349121094,85.05616760253906,87.63127136230469,88.81478118896484,89.85193634033203
5,self_attn,k_proj,2,3,5.396238327026367,3.852477550506592,76.80127716064453,89.99562072753906,60.90738296508789,60.90738296508789,63.719181060791016,66.75858306884766,68.75553894042969,71.2304916381836,71.47344207763672,74.4598159790039,77.27326202392578,78.60677337646484,80.2516098022461,82.09397888183594,82.912353515625,84.89519500732422,86.28484344482422,89.2024154663086,89.99562072753906
5,self_attn,k_proj,2,4,5.343369483947754,3.8287010192871094,75.9085693359375,89.01811218261719,54.48628616333008,54.48628616333008,63.188411712646484,65.69854736328125,67.39871215820312,69.8121337890625,72.09224700927734,72.54019165039062,74.51049041748047,78.34016418457031,80.46593475341797,81.9675064086914,83.87174224853516,86.05575561523438,86.95482635498047,88.1361083984375,89.01811218261719
5,self_attn,k_proj,3,4,5.277817726135254,3.8138346672058105,74.98512268066406,89.71260833740234,58.04761505126953,58.04761505126953,61.03817367553711,64.53199005126953,65.62528991699219,67.66606903076172,70.03645324707031,71.77583312988281,74.55806732177734,76.30131530761719,78.63014221191406,80.05864715576172,83.0794906616211,83.87008666992188,86.54833221435547,88.28191375732422,89.71260833740234
5,self_attn,o_proj,0,1,5.596094608306885,3.8959760665893555,79.70977020263672,89.55001068115234,61.54075241088867,61.54075241088867,64.66636657714844,67.10114288330078,75.69074249267578,76.34764862060547,77.84521484375,80.30162811279297,80.34661865234375,82.92708587646484,84.00542449951172,85.21410369873047,86.24758911132812,86.79327392578125,88.01277923583984,88.76597595214844,89.55001068115234
5,self_attn,o_proj,0,2,5.641526222229004,3.909731149673462,80.4271240234375,89.9673080444336,62.98735046386719,62.98735046386719,67.09735870361328,69.84248352050781,74.77879333496094,77.57969665527344,79.4748764038086,79.86907196044922,81.88627624511719,83.43939971923828,84.1834945678711,85.54133605957031,86.50910949707031,86.83119201660156,87.56172943115234,89.2844009399414,89.9673080444336
5,self_attn,o_proj,0,3,5.6368088722229,3.9062256813049316,80.32866668701172,89.8096923828125,61.88733673095703,61.88733673095703,64.58368682861328,70.3787841796875,76.83692932128906,77.27021026611328,79.12284088134766,81.2608413696289,81.94428253173828,82.49103546142578,84.16608428955078,85.02904510498047,85.90298461914062,87.07442474365234,88.42929077148438,89.0712661743164,89.8096923828125
5,self_attn,o_proj,0,4,5.577186584472656,3.8926968574523926,79.43992614746094,89.43041229248047,62.2676887512207,62.2676887512207,65.24131774902344,66.3470458984375,71.9916763305664,77.33650970458984,77.5261001586914,80.03130340576172,80.437255859375,82.7968978881836,83.63783264160156,85.02082061767578,86.05508422851562,86.45899963378906,87.87963104248047,88.58033752441406,89.43041229248047
5,self_attn,o_proj,1,2,5.592451572418213,3.901711940765381,79.72015380859375,89.24613952636719,60.558162689208984,60.558162689208984,68.04884338378906,69.13957977294922,75.43163299560547,76.590087890625,78.67512512207031,79.20188903808594,81.18700408935547,82.31092071533203,83.41143035888672,84.4209213256836,85.53018188476562,86.06924438476562,87.6479263305664,88.05340576171875,89.24613952636719
5,self_attn,o_proj,1,3,5.567279815673828,3.8876895904541016,79.25862884521484,89.65827941894531,58.072750091552734,58.072750091552734,65.53816223144531,68.15711212158203,73.33901977539062,74.94316864013672,78.729736328125,80.11724853515625,81.4815902709961,81.8993148803711,83.06389617919922,84.45890045166016,84.72050476074219,86.60438537597656,88.1376953125,89.21631622314453,89.65827941894531
5,self_attn,o_proj,1,4,5.528627395629883,3.8743765354156494,78.64041900634766,89.92816162109375,58.81797409057617,58.81797409057617,62.102630615234375,65.37823486328125,71.60012817382812,75.8866958618164,76.98973846435547,79.6186294555664,80.64881134033203,81.52154541015625,83.35541534423828,84.52418518066406,84.71800231933594,85.36489868164062,88.79159545898438,89.0001220703125,89.92816162109375
5,self_attn,o_proj,2,3,5.64619255065918,3.9122872352600098,80.51199340820312,89.75980377197266,62.612735748291016,62.612735748291016,68.10731506347656,71.84379577636719,74.33427429199219,77.56529998779297,77.89384460449219,80.48485565185547,82.64820861816406,83.25509643554688,84.27881622314453,85.25120544433594,86.05496215820312,87.21435546875,87.96691131591797,88.92041778564453,89.75980377197266
5,self_attn,o_proj,2,4,5.567863941192627,3.896390914916992,79.35879516601562,89.4253158569336,62.456146240234375,62.456146240234375,64.23404693603516,70.15689849853516,73.4201889038086,77.27189636230469,77.7176284790039,79.19609069824219,80.10145568847656,81.72016143798828,83.2896728515625,84.09352111816406,85.23533630371094,85.92235565185547,87.37811279296875,88.12193298339844,89.4253158569336
5,self_attn,o_proj,3,4,5.546627521514893,3.881551504135132,78.93954467773438,89.67752075195312,58.91163635253906,58.91163635253906,63.75628662109375,67.97710418701172,71.22809600830078,74.09485626220703,77.0937728881836,80.45850372314453,81.18718719482422,82.3963394165039,83.93187713623047,84.2885971069336,85.35739135742188,86.45756530761719,87.64732360839844,88.56856536865234,89.67752075195312
5,self_attn,q_proj,0,1,5.609157562255859,3.911923408508301,80.04214477539062,89.74658203125,67.19617462158203,67.19617462158203,68.83006286621094,71.79310607910156,73.1866455078125,76.1303939819336,76.2216796875,78.35283660888672,80.11886596679688,82.8191146850586,83.22938537597656,84.59876251220703,85.36219787597656,86.79745483398438,87.35531616210938,88.9356918334961,89.74658203125
5,self_attn,q_proj,0,2,5.63067626953125,3.922473430633545,80.41868591308594,88.80503845214844,68.03328704833984,68.03328704833984,71.18624114990234,73.02891540527344,75.12767791748047,76.4051284790039,77.38992309570312,79.69294738769531,81.18307495117188,81.79987335205078,82.4873275756836,84.83890533447266,85.24141693115234,86.35796356201172,86.89031982421875,88.23094177246094,88.80503845214844
5,self_attn,q_proj,0,3,5.680664539337158,3.9240057468414307,81.0731201171875,89.94318389892578,65.2065658569336,65.2065658569336,71.33843231201172,72.831298828125,75.8820571899414,77.5135498046875,78.49818420410156,79.83184051513672,81.9480209350586,82.0323715209961,84.43082427978516,86.27801513671875,86.40362548828125,87.41179656982422,88.0684585571289,89.55174255371094,89.94318389892578
5,self_attn,q_proj,0,4,5.588503837585449,3.913527250289917,79.79542541503906,88.92632293701172,66.63809967041016,66.63809967041016,70.7401123046875,72.30752563476562,74.56417083740234,76.61077117919922,77.67820739746094,78.7503890991211,79.4095687866211,79.91197967529297,81.31647491455078,83.29460144042969,84.57245635986328,85.76356506347656,87.84490203857422,88.39765167236328,88.92632293701172
5,self_attn,q_proj,1,2,5.645533084869385,3.917112112045288,80.55593872070312,89.40927124023438,65.53104400634766,65.53104400634766,70.60820007324219,72.53765869140625,74.48297119140625,75.854248046875,77.41588592529297,79.1305923461914,79.82857513427734,82.43919372558594,84.26226806640625,86.21236419677734,86.53007507324219,87.35004425048828,88.09776306152344,89.20484161376953,89.40927124023438
5,self_attn,q_proj,1,3,5.609603404998779,3.915398597717285,80.08129119873047,89.8874282836914,67.79469299316406,67.79469299316406,68.8985366821289,72.17926788330078,74.11305236816406,76.06759643554688,78.00384521484375,79.21720886230469,80.22139739990234,81.12342834472656,83.11566925048828,84.15839385986328,85.24510955810547,86.30609893798828,86.9395751953125,88.02940368652344,89.8874282836914
5,self_attn,q_proj,1,4,5.629152774810791,3.9158315658569336,80.33562469482422,89.87918853759766,67.20587158203125,67.20587158203125,69.44334411621094,73.03996276855469,74.8185806274414,75.82940673828125,76.63912200927734,78.8018569946289,79.00584411621094,80.52354431152344,84.01799011230469,85.4595718383789,86.42168426513672,87.2541732788086,88.36434936523438,88.66545867919922,89.87918853759766
5,self_attn,q_proj,2,3,5.637214660644531,3.9176366329193115,80.45597839355469,89.88414001464844,68.36463928222656,68.36463928222656,69.61921691894531,70.79785919189453,74.88944244384766,75.61283874511719,77.02526092529297,79.55475616455078,80.92721557617188,82.61803436279297,82.89913940429688,85.25425720214844,85.71139526367188,86.92646789550781,87.61431121826172,89.59661102294922,89.88414001464844
5,self_attn,q_proj,2,4,5.630443572998047,3.920161485671997,80.39228057861328,89.89541625976562,67.59734344482422,67.59734344482422,68.5538101196289,72.74515533447266,76.15264892578125,78.06159210205078,78.818359375,79.73706817626953,80.47284698486328,80.95336151123047,82.7256851196289,83.30632781982422,85.08775329589844,86.20331573486328,87.66285705566406,88.3029556274414,89.89541625976562
5,self_attn,q_proj,3,4,5.632424354553223,3.9169228076934814,80.38833618164062,89.55807495117188,67.56503295898438,67.56503295898438,69.50653839111328,73.23261260986328,75.22738647460938,75.48351287841797,77.0708236694336,78.67062377929688,79.42410278320312,80.55072784423828,83.51905059814453,84.89649963378906,85.67341613769531,87.15701293945312,89.24639892578125,89.43157196044922,89.55807495117188
5,self_attn,v_proj,0,1,5.378514766693115,3.8470351696014404,76.52725219726562,88.96915435791016,59.83149719238281,59.83149719238281,62.085140228271484,67.20111846923828,68.26393127441406,70.14276123046875,71.93780517578125,75.23872375488281,76.68675231933594,77.83621978759766,80.8069076538086,83.00990295410156,83.8151626586914,84.49480438232422,85.97936248779297,88.1368408203125,88.96915435791016
5,self_attn,v_proj,0,2,5.337477207183838,3.844309091567993,75.99822235107422,89.0271224975586,57.02311706542969,57.02311706542969,62.79261779785156,67.83024597167969,70.46642303466797,72.52665710449219,73.04727172851562,75.98650360107422,76.57115936279297,78.03085327148438,78.50227355957031,79.89166259765625,80.3810806274414,81.9373779296875,83.83102416992188,88.12614440917969,89.0271224975586
5,self_attn,v_proj,0,3,5.350314140319824,3.8314075469970703,76.01861572265625,89.48736572265625,56.237518310546875,56.237518310546875,60.63679122924805,64.96207427978516,65.81845092773438,70.45569610595703,73.18315124511719,75.74479675292969,76.01728820800781,79.72616577148438,80.00100708007812,81.68883514404297,83.88851165771484,84.62236785888672,85.89505004882812,87.93283081054688,89.48736572265625
5,self_attn,v_proj,0,4,5.336343288421631,3.8367667198181152,75.91610717773438,89.67459869384766,58.97151565551758,58.97151565551758,62.76116180419922,65.76874542236328,68.50761413574219,69.13749694824219,72.56267547607422,73.83552551269531,75.35604095458984,77.65596771240234,78.83126831054688,80.1929931640625,82.0035629272461,85.67668914794922,86.7323226928711,86.98960876464844,89.67459869384766
5,self_attn,v_proj,1,2,5.384006977081299,3.844299077987671,76.56346130371094,89.89118957519531,59.21792984008789,59.21792984008789,61.42073059082031,64.91165924072266,67.04492950439453,72.15381622314453,73.74777221679688,74.79071044921875,77.21797943115234,78.88516998291016,81.49390411376953,82.3740463256836,82.87345123291016,83.77417755126953,86.0862045288086,89.1317367553711,89.89118957519531
5,self_attn,v_proj,1,3,5.31502103805542,3.8205156326293945,75.49142456054688,89.5422592163086,58.37396240234375,58.37396240234375,58.643638610839844,63.855735778808594,68.10393524169922,68.8892593383789,69.16182708740234,74.60707092285156,76.60769653320312,77.05110168457031,78.69696044921875,79.95555114746094,83.03507232666016,84.89053344726562,87.1895980834961,89.25853729248047,89.5422592163086
5,self_attn,v_proj,1,4,5.274513244628906,3.808324098587036,74.88632202148438,89.53826904296875,58.267822265625,58.267822265625,60.07586669921875,61.383548736572266,65.24606323242188,66.91717529296875,71.1529541015625,71.37966918945312,75.26298522949219,76.72340393066406,79.50984191894531,81.53813171386719,82.3463363647461,83.68183898925781,86.48983764648438,88.6673355102539,89.53826904296875
5,self_attn,v_proj,2,3,5.3646416664123535,3.8386833667755127,76.2765884399414,89.09708404541016,59.52327346801758,59.52327346801758,62.217079162597656,64.67945861816406,68.52117156982422,69.0887451171875,72.45499420166016,73.19918823242188,75.60757446289062,77.8846435546875,79.80608367919922,83.0250015258789,84.7934341430664,85.28009033203125,86.62269592285156,88.62488555908203,89.09708404541016
5,self_attn,v_proj,2,4,5.365421772003174,3.8362181186676025,76.25279235839844,89.70301055908203,57.2935791015625,57.2935791015625,61.407371520996094,63.60713577270508,66.91710662841797,71.16610717773438,73.86299133300781,75.4769058227539,77.39678192138672,78.24615478515625,79.34848022460938,82.4197006225586,83.1239242553711,85.00674438476562,86.6666259765625,88.40200805664062,89.70301055908203
5,self_attn,v_proj,3,4,5.237099647521973,3.8064358234405518,74.42350769042969,89.79308319091797,57.599700927734375,57.599700927734375,60.077064514160156,62.59540939331055,65.15383911132812,68.9609603881836,69.3072738647461,72.3748779296875,75.56759643554688,76.5088882446289,78.75163269042969,79.99507904052734,80.86588287353516,82.84442901611328,83.50831604003906,86.87210083007812,89.79308319091797
6,mlp,down_proj,0,1,5.744787693023682,3.9373366832733154,82.03286743164062,89.93694305419922,65.98601531982422,65.98601531982422,72.33470153808594,74.50912475585938,78.02655792236328,78.98545837402344,81.31935119628906,81.9458999633789,83.21497344970703,83.59064483642578,84.33600616455078,86.28034973144531,86.69145202636719,87.48030853271484,88.58198547363281,89.30611419677734,89.93694305419922
6,mlp,down_proj,0,2,5.7264933586120605,3.9311587810516357,81.73489379882812,89.8222427368164,66.87789916992188,66.87789916992188,68.97354888916016,72.64070892333984,76.0440673828125,79.97705078125,80.96514892578125,82.38471984863281,83.9923095703125,84.08446502685547,84.56270599365234,85.2494888305664,86.72840881347656,87.46903228759766,88.58716583251953,89.39940643310547,89.8222427368164
6,mlp,down_proj,0,3,5.735626697540283,3.9385738372802734,81.92727661132812,89.77182006835938,68.49019622802734,68.49019622802734,71.6448974609375,74.50880432128906,77.07984924316406,79.68028259277344,80.6596908569336,81.59671020507812,82.15091705322266,83.22351837158203,84.806396484375,85.75741577148438,86.69165802001953,87.4923324584961,87.95533752441406,89.32659149169922,89.77182006835938
6,mlp,down_proj,0,4,5.708447456359863,3.923983097076416,81.42587280273438,89.74028015136719,62.75323486328125,62.75323486328125,69.10140228271484,71.14974975585938,77.66140747070312,79.42562866210938,81.55953216552734,82.34101104736328,84.02325439453125,84.58084869384766,84.99586486816406,85.58778381347656,86.04930877685547,86.99879455566406,87.91072845458984,88.93524169921875,89.74028015136719
6,mlp,down_proj,1,2,5.688533782958984,3.925027847290039,81.1845474243164,89.76624298095703,66.61695098876953,66.61695098876953,70.65052032470703,71.61766052246094,72.95899200439453,78.21134185791016,79.41930389404297,82.17081451416016,83.07238006591797,84.02481079101562,85.33893585205078,85.44237518310547,86.1246566772461,87.12872314453125,87.68408203125,88.72496032714844,89.76624298095703
6,mlp,down_proj,1,3,5.722532749176025,3.933605432510376,81.70919036865234,89.21858215332031,67.98418426513672,67.98418426513672,70.70404815673828,74.39009857177734,76.69793701171875,77.33082580566406,78.65109252929688,81.98131561279297,82.6658935546875,84.11580657958984,84.68582916259766,85.7658920288086,87.11078643798828,87.9533920288086,88.92504119873047,89.16633605957031,89.21858215332031
6,mlp,down_proj,1,4,5.666991233825684,3.9162542819976807,80.81795501708984,89.45065307617188,63.5510139465332,63.5510139465332,67.71399688720703,71.69384002685547,74.62335968017578,77.03508758544922,80.38666534423828,81.56624603271484,82.63577270507812,83.56462097167969,84.57951354980469,85.454833984375,86.30135345458984,87.44619750976562,87.8099594116211,89.27411651611328,89.45065307617188
6,mlp,down_proj,2,3,5.70246696472168,3.931647300720215,81.42984008789062,88.8779296875,68.33618927001953,68.33618927001953,70.8023910522461,72.58021545410156,76.16567993164062,77.71565246582031,80.50839233398438,81.4523696899414,81.58592224121094,82.62407684326172,85.63606262207031,85.78155517578125,86.77692413330078,87.57101440429688,87.93948364257812,88.5235824584961,88.8779296875
6,mlp,down_proj,2,4,5.669205188751221,3.914358377456665,80.82766723632812,89.22032165527344,64.64947509765625,64.64947509765625,65.70767974853516,71.6603775024414,72.40251159667969,78.0975112915039,79.76864624023438,81.95108795166016,83.56721496582031,84.87525177001953,85.3864974975586,85.5856704711914,86.44515991210938,87.0155258178711,88.27674102783203,88.63304138183594,89.22032165527344
6,mlp,down_proj,3,4,5.670722961425781,3.9164435863494873,80.86933898925781,89.8812255859375,64.63728332519531,64.63728332519531,67.43423461914062,71.1254653930664,73.99494934082031,78.62125396728516,79.65242004394531,81.17576599121094,81.92221069335938,82.73990631103516,84.33026123046875,86.0882797241211,86.94975280761719,87.8458480834961,88.60294342041016,88.90764617919922,89.8812255859375
6,mlp,gate_proj,0,1,5.898513317108154,3.9611332416534424,84.2947998046875,89.88362121582031,67.47362518310547,67.47362518310547,75.50782775878906,79.69801330566406,82.44751739501953,83.03749084472656,83.41238403320312,84.57799530029297,86.20751190185547,86.70203399658203,87.30301666259766,87.66480255126953,88.00578308105469,88.46419525146484,88.82518768310547,89.5058364868164,89.88362121582031
6,mlp,gate_proj,0,2,5.91039514541626,3.9634931087493896,84.47657775878906,89.91917419433594,67.31954193115234,67.31954193115234,77.41273498535156,80.35750579833984,82.27245330810547,82.81769561767578,84.47713470458984,84.96574401855469,85.87873077392578,86.16844940185547,87.09733581542969,87.59223937988281,88.37803649902344,88.55435180664062,88.96321868896484,89.45101928710938,89.91917419433594
6,mlp,gate_proj,0,3,5.91586971282959,3.963747978210449,84.55354309082031,89.94529724121094,68.2352523803711,68.2352523803711,75.8869857788086,80.06844329833984,82.45698547363281,83.1851806640625,84.36956024169922,84.76649475097656,85.93154907226562,87.23509979248047,87.46880340576172,87.63343048095703,88.25908660888672,88.60311889648438,89.34010314941406,89.47130584716797,89.94529724121094
6,mlp,gate_proj,0,4,5.860654354095459,3.956491231918335,83.7442855834961,89.61260986328125,67.43203735351562,67.43203735351562,74.099365234375,78.15762329101562,81.26309967041016,82.71383666992188,83.83466339111328,84.47901153564453,84.86907958984375,86.4252700805664,86.72103118896484,86.95951080322266,87.50946044921875,88.22406768798828,88.5754623413086,89.03242492675781,89.61260986328125
6,mlp,gate_proj,1,2,5.907574653625488,3.9635236263275146,84.43919372558594,89.88219451904297,67.54600524902344,67.54600524902344,78.06122589111328,79.17475891113281,81.74563598632812,83.11642456054688,84.87979888916016,85.39905548095703,85.8559341430664,86.37126922607422,86.73382568359375,87.34857940673828,87.85321807861328,88.4111557006836,88.94445037841797,89.70361328125,89.88219451904297
6,mlp,gate_proj,1,3,5.8983540534973145,3.9602854251861572,84.2841796875,89.93216705322266,67.02731323242188,67.02731323242188,75.26622772216797,79.54743194580078,82.17105865478516,83.67869567871094,83.94933319091797,84.93225860595703,85.4992904663086,85.97418975830078,87.39692687988281,87.74221801757812,88.09143829345703,88.70933532714844,89.14232635498047,89.48675537109375,89.93216705322266
6,mlp,gate_proj,1,4,5.863243579864502,3.954171895980835,83.75642395019531,89.92801666259766,66.81018829345703,66.81018829345703,73.51042938232422,77.70929718017578,80.78153991699219,82.3743667602539,83.09788513183594,84.54972839355469,85.67144012451172,86.06456756591797,87.50239562988281,87.56910705566406,87.94261169433594,88.29975128173828,88.68883514404297,89.60259246826172,89.92801666259766
6,mlp,gate_proj,2,3,5.918500900268555,3.9682259559631348,84.63185119628906,89.84334564208984,69.2231674194336,69.2231674194336,79.31937408447266,81.36138916015625,81.9716796875,83.26007843017578,83.48171997070312,85.01119232177734,85.99724578857422,86.56375885009766,86.85289764404297,87.5284423828125,87.79219055175781,88.05412292480469,88.72128295898438,89.12762451171875,89.84334564208984
6,mlp,gate_proj,2,4,5.8777055740356445,3.961362361907959,84.01890563964844,89.6064682006836,68.12623596191406,68.12623596191406,77.56076049804688,78.99149322509766,80.39990234375,82.49508666992188,84.04779052734375,84.0881576538086,85.60328674316406,86.3106460571289,86.61272430419922,87.01263427734375,87.91278839111328,88.15618896484375,88.4738998413086,88.90452575683594,89.6064682006836
6,mlp,gate_proj,3,4,5.888035774230957,3.959158182144165,84.13502502441406,89.90081024169922,66.77104949951172,66.77104949951172,75.97050476074219,78.64545440673828,81.7363510131836,83.29227447509766,83.93189239501953,84.22283172607422,85.6844253540039,86.22614288330078,87.22380828857422,87.79923248291016,88.05540466308594,88.25731658935547,88.80146026611328,89.64137268066406,89.90081024169922
6,mlp,up_proj,0,1,5.888238430023193,3.964118003845215,84.18671417236328,89.89737701416016,69.12084197998047,69.12084197998047,77.559814453125,80.85416412353516,81.05602264404297,82.81321716308594,83.10858154296875,84.11090087890625,85.23048400878906,85.61246490478516,86.53577423095703,87.15689086914062,87.5166244506836,88.08719635009766,88.92694091796875,89.40010833740234,89.89737701416016
6,mlp,up_proj,0,2,5.898826599121094,3.9621949195861816,84.30850982666016,89.7663803100586,67.05313873291016,67.05313873291016,76.60148620605469,81.01078033447266,82.57215881347656,82.93797302246094,83.62980651855469,84.9271240234375,85.60888671875,85.9883804321289,86.61994934082031,87.00989532470703,88.24922180175781,88.54113006591797,89.077392578125,89.3425064086914,89.7663803100586
6,mlp,up_proj,0,3,5.8828911781311035,3.9630753993988037,84.10443115234375,89.87062072753906,68.21808624267578,68.21808624267578,78.55142211914062,79.11624145507812,82.00519561767578,83.00208282470703,83.47315979003906,84.16835021972656,85.28412628173828,85.76346588134766,86.29187774658203,86.57038116455078,87.73206329345703,87.99459838867188,88.2044448852539,89.42486572265625,89.87062072753906
6,mlp,up_proj,0,4,5.901561260223389,3.9632556438446045,84.3555908203125,89.69661712646484,67.29533386230469,67.29533386230469,77.94255828857422,80.86097717285156,81.9293212890625,82.64812469482422,83.86982727050781,84.86892700195312,85.28160095214844,85.84837341308594,87.04988098144531,87.20993041992188,88.12519836425781,88.2768325805664,89.20527648925781,89.58064270019531,89.69661712646484
6,mlp,up_proj,1,2,5.947828769683838,3.9695017337799072,85.04006958007812,89.96306610107422,69.21929931640625,69.21929931640625,79.23719024658203,80.79554748535156,81.96504974365234,83.57389831542969,84.45610046386719,85.97411346435547,86.60553741455078,87.23114013671875,87.42000579833984,88.28337097167969,88.35074615478516,88.60810852050781,89.20545196533203,89.75247955322266,89.96306610107422
6,mlp,up_proj,1,3,5.885009765625,3.9643473625183105,84.14605712890625,89.70275115966797,69.66619110107422,69.66619110107422,77.58617401123047,80.50154113769531,81.1943359375,82.1614990234375,83.06221008300781,84.54804229736328,84.79689025878906,85.72708892822266,86.077880859375,86.7731704711914,88.03480529785156,88.56173706054688,88.88267517089844,89.0599365234375,89.70275115966797
6,mlp,up_proj,1,4,5.88388729095459,3.9630143642425537,84.11734008789062,89.6651840209961,68.31864166259766,68.31864166259766,78.25118255615234,79.89714813232422,80.73918151855469,82.56053161621094,83.40735626220703,84.94202423095703,85.30741119384766,85.73426055908203,86.53624725341797,87.13648986816406,87.4135513305664,88.25224304199219,88.71969604492188,88.9962158203125,89.6651840209961
6,mlp,up_proj,2,3,5.905184745788574,3.9657580852508545,84.42919921875,89.8413314819336,68.85071563720703,68.85071563720703,78.20215606689453,79.61026000976562,82.19434356689453,83.94966888427734,84.02796936035156,85.08325958251953,85.39148712158203,85.83480072021484,86.74217987060547,87.13992309570312,87.84684753417969,88.12886047363281,88.9348373413086,89.08848571777344,89.8413314819336
6,mlp,up_proj,2,4,5.8779401779174805,3.959409236907959,84.00228881835938,89.71240234375,66.82634735107422,66.82634735107422,77.11792755126953,78.411376953125,81.35643005371094,83.267333984375,84.21479034423828,84.8475112915039,85.38373565673828,85.4083023071289,86.15260314941406,86.95386505126953,87.21390533447266,88.45191955566406,89.1524887084961,89.56563568115234,89.71240234375
6,mlp,up_proj,3,4,5.874742031097412,3.9620842933654785,83.98661804199219,89.94514465332031,68.62901306152344,68.62901306152344,77.79886627197266,79.42293548583984,81.45144653320312,82.82218933105469,83.24901580810547,83.93914794921875,83.98311614990234,85.71302032470703,86.02073669433594,86.69705200195312,87.40035247802734,88.32367706298828,88.93456268310547,89.45556640625,89.94514465332031
6,self_attn,k_proj,0,1,5.345557689666748,3.836209535598755,76.01929473876953,88.107421875,60.26877212524414,60.26877212524414,61.86362838745117,63.383460998535156,66.80460357666016,69.44544982910156,71.89779663085938,74.97785949707031,76.60657501220703,78.08480834960938,80.26951599121094,81.56403350830078,83.36727905273438,85.58265686035156,86.38125610351562,87.70359802246094,88.107421875
6,self_attn,k_proj,0,2,5.333153247833252,3.8335041999816895,75.84044647216797,89.1019058227539,58.14554214477539,58.14554214477539,61.73146438598633,65.72367095947266,66.2906494140625,69.14249420166016,73.7255630493164,74.67085266113281,75.93721008300781,77.74128723144531,78.5486068725586,81.11494445800781,84.16217803955078,84.84982299804688,84.96746063232422,87.59341430664062,89.1019058227539
6,self_attn,k_proj,0,3,5.2592387199401855,3.7966229915618896,74.58004760742188,89.76056671142578,54.73219680786133,54.73219680786133,58.55604934692383,61.94013214111328,66.33126831054688,67.53605651855469,70.02682495117188,71.18547821044922,72.81623077392578,77.13922119140625,78.51789093017578,80.4063491821289,82.34772491455078,85.13536071777344,87.6861572265625,89.16324615478516,89.76056671142578
6,self_attn,k_proj,0,4,5.315006732940674,3.831632614135742,75.61184692382812,89.83000946044922,60.317970275878906,60.317970275878906,61.72591018676758,66.53449249267578,68.12159729003906,69.72972106933594,69.85691833496094,72.88898468017578,74.80186462402344,75.56794738769531,78.67756652832031,81.62382507324219,81.98246765136719,84.91089630126953,85.05370330810547,88.16573333740234,89.83000946044922
6,self_attn,k_proj,1,2,5.327810764312744,3.8324670791625977,75.76054382324219,89.76765441894531,55.52776336669922,55.52776336669922,62.173362731933594,66.44293975830078,68.9040756225586,69.45242309570312,73.39244079589844,74.50566864013672,76.3945083618164,77.70470428466797,79.00738525390625,80.15318298339844,80.73257446289062,84.3503189086914,86.0595932006836,87.60013580322266,89.76765441894531
6,self_attn,k_proj,1,3,5.259639263153076,3.80798602104187,74.70458221435547,89.54371643066406,56.903717041015625,56.903717041015625,60.24588394165039,62.23863983154297,66.40094757080078,67.16207885742188,71.59864807128906,72.76618194580078,73.92806243896484,75.33929443359375,79.35852813720703,80.56605529785156,81.8770980834961,83.99274444580078,86.23800659179688,87.11375427246094,89.54371643066406
6,self_attn,k_proj,1,4,5.345625400543213,3.8384900093078613,76.0469741821289,89.78214263916016,58.90091323852539,58.90091323852539,63.74712371826172,66.38346862792969,68.36418914794922,69.60486602783203,71.87922668457031,73.34266662597656,74.40181732177734,78.5705337524414,79.04829406738281,80.41850280761719,82.578857421875,83.64117431640625,87.64214324951172,88.4457015991211,89.78214263916016
6,self_attn,k_proj,2,3,5.292901515960693,3.8163974285125732,75.18521118164062,89.67521667480469,57.099037170410156,57.099037170410156,61.205814361572266,62.50335693359375,65.85428619384766,69.21809387207031,70.97822570800781,73.15682220458984,74.2367172241211,76.96063232421875,79.04579162597656,81.55203247070312,82.9718246459961,85.04552459716797,86.28701782226562,87.17296600341797,89.67521667480469
6,self_attn,k_proj,2,4,5.394632339477539,3.85540771484375,76.81074523925781,89.12376403808594,59.97630310058594,59.97630310058594,66.87792205810547,67.50186920166016,68.85099029541016,70.00141906738281,71.74565887451172,75.43215942382812,76.15836334228516,78.26221466064453,78.67997741699219,83.04374694824219,83.76535034179688,85.10722351074219,86.30506896972656,88.13983154296875,89.12376403808594
6,self_attn,k_proj,3,4,5.381385326385498,3.847203493118286,76.56629943847656,89.93638610839844,60.355648040771484,60.355648040771484,63.07529067993164,65.86965942382812,68.08362579345703,70.20925903320312,72.02621459960938,75.867431640625,76.40672302246094,79.13007354736328,80.55281066894531,80.88893127441406,82.40026092529297,84.3459243774414,86.77255249023438,89.1399154663086,89.93638610839844
6,self_attn,o_proj,0,1,5.680641174316406,3.9217872619628906,81.0486068725586,89.10935974121094,64.61732482910156,64.61732482910156,68.99951171875,71.11410522460938,76.29048156738281,78.12051391601562,79.2500991821289,81.1397705078125,83.44285583496094,84.64080810546875,84.8262939453125,85.53515625,85.8254165649414,87.2276840209961,88.171142578125,88.46720123291016,89.10935974121094
6,self_attn,o_proj,0,2,5.754093647003174,3.941636085510254,82.19796752929688,89.87535095214844,70.43852233886719,70.43852233886719,70.60496520996094,73.46713256835938,78.75515747070312,79.85297393798828,80.8058853149414,82.06570434570312,82.61210632324219,84.32633972167969,84.9697494506836,85.86884307861328,86.52639770507812,87.24391174316406,87.91841125488281,89.83602905273438,89.87535095214844
6,self_attn,o_proj,0,3,5.723592758178711,3.93300199508667,81.71691131591797,89.89571380615234,68.94178009033203,68.94178009033203,69.41558074951172,72.79647827148438,76.72160339355469,78.0865707397461,79.23075866699219,82.22965240478516,83.36799621582031,84.75701141357422,85.07440185546875,85.19349670410156,86.1458969116211,87.93485260009766,88.70384216308594,88.97490692138672,89.89571380615234
6,self_attn,o_proj,0,4,5.717884540557861,3.9351277351379395,81.66151428222656,89.49851989746094,66.03099822998047,66.03099822998047,72.93017578125,74.07876586914062,77.62236785888672,79.4845962524414,79.97228240966797,81.030517578125,82.79639434814453,83.67096710205078,84.15975189208984,84.73571014404297,86.42595672607422,87.2998275756836,88.01915740966797,88.82832336425781,89.49851989746094
6,self_attn,o_proj,1,2,5.716233730316162,3.9341187477111816,81.63126373291016,89.4502182006836,67.5439453125,67.5439453125,70.06739807128906,75.66664123535156,76.82147216796875,77.7483901977539,79.81251525878906,81.88976287841797,82.75264739990234,83.63877868652344,84.58160400390625,85.35157012939453,86.47675323486328,87.55705261230469,87.92259979248047,88.81888580322266,89.4502182006836
6,self_attn,o_proj,1,3,5.663869380950928,3.920461893081665,80.82240295410156,89.76758575439453,66.65186309814453,66.65186309814453,68.96228790283203,70.36222076416016,75.27059936523438,77.49530792236328,79.61762237548828,80.7256088256836,82.45223999023438,83.12530517578125,84.11345672607422,84.67237091064453,85.24320983886719,87.04279327392578,88.7027359008789,88.95333099365234,89.76758575439453
6,self_attn,o_proj,1,4,5.642627239227295,3.9096662998199463,80.4393310546875,89.84881591796875,62.10197448730469,62.10197448730469,66.65512084960938,71.51686096191406,75.63326263427734,77.12971496582031,79.35652923583984,80.18877410888672,80.91360473632812,83.08927917480469,84.56871032714844,85.11090087890625,86.05042266845703,87.33475494384766,88.14363098144531,89.386962890625,89.84881591796875
6,self_attn,o_proj,2,3,5.769032955169678,3.9460878372192383,82.43617248535156,89.50989532470703,68.81117248535156,68.81117248535156,74.0435562133789,76.48229217529297,77.95143127441406,79.65294647216797,80.98973846435547,81.56326293945312,82.28971099853516,84.2908706665039,84.99160766601562,86.30609130859375,86.61182403564453,87.74613189697266,88.47662353515625,89.26155853271484,89.50989532470703
6,self_attn,o_proj,2,4,5.6883320808410645,3.9310669898986816,81.2393569946289,89.37902069091797,65.6623306274414,65.6623306274414,71.86365509033203,74.98946380615234,77.4350357055664,77.87638854980469,80.08244323730469,80.64779663085938,82.41145324707031,83.28632354736328,83.61199188232422,84.26403045654297,85.82433319091797,86.58924102783203,87.13130187988281,88.77488708496094,89.37902069091797
6,self_attn,o_proj,3,4,5.699145317077637,3.9272983074188232,81.34300231933594,89.9104232788086,66.35740661621094,66.35740661621094,69.76317596435547,71.48489379882812,76.84239959716797,78.36946868896484,80.0004653930664,81.33512115478516,82.98273468017578,84.02674102783203,84.57386779785156,84.84063720703125,86.48307800292969,87.81897735595703,88.05502319335938,88.6436767578125,89.9104232788086
6,self_attn,q_proj,0,1,5.613401412963867,3.9116413593292236,80.09297180175781,89.61284637451172,66.0785140991211,66.0785140991211,69.7596664428711,70.8711166381836,74.229248046875,75.98973083496094,76.6798324584961,78.78622436523438,79.50872802734375,81.77007293701172,84.20228576660156,84.56291198730469,85.20578002929688,86.82062530517578,88.07948303222656,89.33045196533203,89.61284637451172
6,self_attn,q_proj,0,2,5.61030387878418,3.915788412094116,80.09451293945312,89.44435119628906,66.89681243896484,66.89681243896484,71.16433715820312,71.38055419921875,75.36898040771484,76.6355209350586,77.2088394165039,79.41495513916016,79.77014923095703,80.16825866699219,82.07384490966797,83.43138122558594,84.31122589111328,87.2088394165039,88.27919006347656,88.7548828125,89.44435119628906
6,self_attn,q_proj,0,3,5.5806097984313965,3.909142255783081,79.65325927734375,89.58277893066406,67.04871368408203,67.04871368408203,68.98180389404297,71.57462310791016,73.76319885253906,76.51498413085938,76.7460708618164,78.34475708007812,80.07820129394531,80.52154541015625,81.50238800048828,82.46038055419922,84.21533966064453,86.78008270263672,87.01811218261719,89.31915283203125,89.58277893066406
6,self_attn,q_proj,0,4,5.580887794494629,3.9056766033172607,79.62016296386719,89.62362670898438,64.80929565429688,64.80929565429688,67.61209869384766,70.97723388671875,75.00927734375,76.47370910644531,77.5541763305664,78.30317687988281,79.57012939453125,80.78755187988281,82.84662628173828,83.28607177734375,84.12723541259766,86.72749328613281,87.17295837402344,89.04200744628906,89.62362670898438
6,self_attn,q_proj,1,2,5.598896026611328,3.9110777378082275,79.90240478515625,89.90145874023438,65.63054656982422,65.63054656982422,69.69602966308594,71.49126434326172,74.81983184814453,75.34583282470703,76.99901580810547,79.2752456665039,79.95347595214844,81.90154266357422,82.41395568847656,83.83287048339844,84.6811294555664,86.32109832763672,87.84073638916016,88.33441925048828,89.90145874023438
6,self_attn,q_proj,1,3,5.578098297119141,3.904425621032715,79.5730209350586,88.75593566894531,65.58441162109375,65.58441162109375,67.50934600830078,71.00810241699219,72.5671157836914,74.31272888183594,77.42852783203125,78.78147888183594,80.39375305175781,82.36322784423828,83.05628204345703,84.69664764404297,85.05107879638672,86.08602905273438,87.49368286132812,88.07998657226562,88.75593566894531
6,self_attn,q_proj,1,4,5.580218315124512,3.9092092514038086,79.64590454101562,89.1251449584961,65.82866668701172,65.82866668701172,67.56265258789062,71.77912902832031,75.33260345458984,76.08068084716797,76.8611831665039,77.83606719970703,81.65066528320312,81.85149383544922,83.3309326171875,83.66551971435547,84.94625854492188,85.25164031982422,85.94107055664062,87.29081726074219,89.1251449584961
6,self_attn,q_proj,2,3,5.629994869232178,3.918114185333252,80.36974334716797,89.8212890625,68.6151351928711,68.6151351928711,71.52755737304688,72.51042175292969,74.1798095703125,75.05957794189453,75.47029113769531,78.3134536743164,80.23832702636719,81.97679138183594,83.9522705078125,84.26138305664062,85.43570709228516,86.52874755859375,88.81597137451172,89.20911407470703,89.8212890625
6,self_attn,q_proj,2,4,5.642830848693848,3.924607992172241,80.59395599365234,88.9916763305664,66.95207977294922,66.95207977294922,71.7538070678711,74.51551818847656,75.2667236328125,76.48468017578125,77.82599639892578,79.6218490600586,81.79804992675781,81.84671783447266,83.82411193847656,84.04361724853516,84.84578704833984,86.60940551757812,86.8087387084961,88.31452178955078,88.9916763305664
6,self_attn,q_proj,3,4,5.576979160308838,3.9094290733337402,79.60884094238281,88.88470458984375,66.92353057861328,66.92353057861328,68.7240982055664,72.04991912841797,72.18511199951172,76.38626861572266,78.05695343017578,78.3305892944336,78.92536926269531,82.2195816040039,82.70828247070312,83.58470916748047,84.65206909179688,85.68392181396484,86.86481475830078,87.56153869628906,88.88470458984375
6,self_attn,v_proj,0,1,5.3205389976501465,3.822263479232788,75.57453918457031,88.76202392578125,58.63081741333008,58.63081741333008,60.69737243652344,61.90126419067383,65.92439270019531,68.86600494384766,69.744140625,74.32472229003906,75.97994232177734,78.59468841552734,79.6008529663086,83.59762573242188,83.84659576416016,84.76956176757812,86.7130126953125,87.23956298828125,88.76202392578125
6,self_attn,v_proj,0,2,5.327480316162109,3.835002899169922,75.77296447753906,89.34127807617188,53.65544128417969,53.65544128417969,63.190391540527344,65.79560852050781,69.46206665039062,70.84732055664062,73.95887756347656,75.43118286132812,76.930419921875,78.5002212524414,79.7438735961914,80.6789321899414,81.95356750488281,82.62230682373047,84.54768371582031,85.70820617675781,89.34127807617188
6,self_attn,v_proj,0,3,5.33920955657959,3.830343723297119,75.87863159179688,89.28953552246094,55.77754592895508,55.77754592895508,63.42937469482422,65.10884857177734,66.49494171142578,69.77179718017578,72.75679016113281,74.20614624023438,75.21286010742188,76.65577697753906,79.78687286376953,82.29837036132812,83.58194732666016,84.28384399414062,86.57232666015625,88.83106994628906,89.28953552246094
6,self_attn,v_proj,0,4,5.365413188934326,3.8351099491119385,76.24043273925781,89.29539489746094,55.77097702026367,55.77097702026367,62.2977294921875,65.552734375,66.9551010131836,70.57398986816406,72.26534271240234,74.54571533203125,76.59890747070312,78.62079620361328,80.06253814697266,81.929443359375,84.75912475585938,85.80104064941406,86.5820541381836,88.23603820800781,89.29539489746094
6,self_attn,v_proj,1,2,5.3867669105529785,3.843439817428589,76.5862808227539,89.73068237304688,57.55154037475586,57.55154037475586,60.631805419921875,66.8600845336914,69.26763916015625,72.7891845703125,73.28779602050781,74.92221069335938,75.28742218017578,78.08570098876953,79.13866424560547,81.5826416015625,84.41505432128906,85.9737319946289,86.76080322265625,89.09550476074219,89.73068237304688
6,self_attn,v_proj,1,3,5.3496785163879395,3.8252925872802734,75.9488754272461,89.30931091308594,56.69966506958008,56.69966506958008,59.85674285888672,62.945674896240234,65.68878936767578,68.14685821533203,71.63838195800781,75.81031799316406,78.52362060546875,79.42915344238281,81.31517028808594,82.14668273925781,83.47482299804688,85.00965118408203,86.75214385986328,88.43500518798828,89.30931091308594
6,self_attn,v_proj,1,4,5.348337650299072,3.827005386352539,75.94414520263672,89.5616683959961,55.381103515625,55.381103515625,58.2840576171875,63.84264373779297,69.04031372070312,69.83511352539062,72.3515853881836,75.4485092163086,77.32400512695312,78.54876708984375,80.74258422851562,82.03792572021484,83.00928497314453,85.91222381591797,86.22157287597656,87.56494140625,89.5616683959961
6,self_attn,v_proj,2,3,5.3540263175964355,3.8360633850097656,76.10966491699219,89.46508026123047,54.97980499267578,54.97980499267578,62.879085540771484,66.27519226074219,68.65853118896484,69.0989990234375,72.81636047363281,74.61785125732422,76.75425720214844,78.70357513427734,80.17338562011719,81.75402069091797,83.73560333251953,84.87409973144531,85.94418334960938,87.02467346191406,89.46508026123047
6,self_attn,v_proj,2,4,5.365570545196533,3.8389906883239746,76.2758560180664,89.62604522705078,53.871063232421875,53.871063232421875,64.70117950439453,66.70639038085938,68.48216247558594,69.6628189086914,73.15764617919922,74.81000518798828,77.06685638427734,78.46764373779297,80.67589569091797,81.79996490478516,82.80572509765625,84.22219848632812,86.5533447265625,87.80477142333984,89.62604522705078
6,self_attn,v_proj,3,4,5.243893146514893,3.7982234954833984,74.39999389648438,89.74193572998047,51.797157287597656,51.797157287597656,58.735572814941406,63.466331481933594,65.66500091552734,68.12146759033203,71.98348999023438,72.4390640258789,75.24153137207031,77.10568237304688,79.58556365966797,80.07695770263672,80.884521484375,82.57832336425781,85.69615936279297,87.28119659423828,89.74193572998047
7,mlp,down_proj,0,1,5.7917561531066895,3.948312282562256,82.75611877441406,89.57586669921875,69.89537048339844,69.89537048339844,73.32597351074219,74.66255950927734,77.73597717285156,80.62327575683594,82.57300567626953,83.21217346191406,83.63187408447266,83.83557891845703,85.67729187011719,86.49566650390625,86.92179870605469,88.19026947021484,88.51006317138672,89.23113250732422,89.57586669921875
7,mlp,down_proj,0,2,5.755514621734619,3.9422342777252197,82.22196960449219,89.66578674316406,68.82113647460938,68.82113647460938,71.96278381347656,75.26597595214844,77.55438232421875,79.43696594238281,80.53866577148438,82.42967224121094,83.05352783203125,84.55612182617188,84.8451919555664,85.6172103881836,86.90900421142578,87.77799224853516,88.33980560302734,88.77719116210938,89.66578674316406
7,mlp,down_proj,0,3,5.755526065826416,3.9482312202453613,82.28097534179688,89.4752197265625,71.0354995727539,71.0354995727539,75.76020812988281,77.00144958496094,77.40864562988281,78.3156509399414,80.62691497802734,81.29959106445312,82.48754119873047,83.23455810546875,83.64961242675781,85.77557373046875,86.64623260498047,87.02227020263672,87.5899429321289,89.16670227050781,89.4752197265625
7,mlp,down_proj,0,4,5.789847373962402,3.9522922039031982,82.76899719238281,89.4064712524414,70.79193878173828,70.79193878173828,73.5474624633789,76.84228515625,78.95816040039062,81.45594024658203,82.38269805908203,82.79878234863281,82.88721466064453,83.93401336669922,84.73259735107422,86.2927474975586,86.4466323852539,87.46578216552734,87.90050506591797,88.46063995361328,89.4064712524414
7,mlp,down_proj,1,2,5.788804054260254,3.9473493099212646,82.70755004882812,89.28886413574219,70.20557403564453,70.20557403564453,70.83123016357422,76.82339477539062,77.48430633544922,79.98866271972656,81.91287231445312,83.3969497680664,83.81364440917969,85.02531433105469,85.68629455566406,86.23346710205078,87.39640808105469,88.09463500976562,88.15522003173828,88.9840316772461,89.28886413574219
7,mlp,down_proj,1,3,5.724085807800293,3.9390225410461426,81.78279876708984,89.93645477294922,70.62407684326172,70.62407684326172,72.91822814941406,74.02398681640625,75.8839111328125,77.3724365234375,80.00006866455078,81.18257904052734,82.60763549804688,83.45906066894531,84.76598358154297,86.10579681396484,86.57049560546875,87.19367980957031,87.64789581298828,88.23249053955078,89.93645477294922
7,mlp,down_proj,1,4,5.753344535827637,3.9406399726867676,82.177978515625,89.86927032470703,69.473876953125,69.473876953125,70.3490219116211,74.31570434570312,76.27427673339844,81.0903091430664,81.87626647949219,82.64142608642578,83.50304412841797,83.66825866699219,85.15608215332031,85.84968566894531,86.05821228027344,87.21038818359375,88.17635345458984,89.33544158935547,89.86927032470703
7,mlp,down_proj,2,3,5.810107231140137,3.9542813301086426,83.05580139160156,89.88220977783203,71.3879165649414,71.3879165649414,74.20028686523438,76.81231689453125,80.32389068603516,80.75015258789062,81.55311584472656,82.33456420898438,83.31676483154297,84.3210678100586,84.56292724609375,85.26105499267578,87.7918472290039,88.15887451171875,88.92168426513672,89.31425476074219,89.88220977783203
7,mlp,down_proj,2,4,5.809118747711182,3.9498798847198486,82.99969482421875,89.76648712158203,69.2818832397461,69.2818832397461,72.91429138183594,75.84416198730469,79.5122299194336,80.37068176269531,82.28763580322266,82.96420288085938,84.17345428466797,84.63260650634766,85.16859436035156,86.19415283203125,88.0434799194336,88.28227996826172,88.90089416503906,89.65808868408203,89.76648712158203
7,mlp,down_proj,3,4,5.749373912811279,3.9442880153656006,82.16254425048828,89.25257110595703,70.90454864501953,70.90454864501953,72.61540985107422,75.2989273071289,77.58879852294922,78.70232391357422,80.94795227050781,81.45548248291016,82.40556335449219,83.26396179199219,85.36052703857422,85.71356201171875,86.54316711425781,87.46968841552734,88.16287994384766,88.91532135009766,89.25257110595703
7,mlp,gate_proj,0,1,5.854837417602539,3.9567713737487793,83.67024230957031,89.7212905883789,68.08390808105469,68.08390808105469,74.71605682373047,78.18949127197266,79.78838348388672,82.47782135009766,83.77094268798828,84.21153259277344,84.82025146484375,86.24717712402344,86.5424575805664,87.1445541381836,87.61834716796875,87.72019958496094,88.56689453125,89.1045913696289,89.7212905883789
7,mlp,gate_proj,0,2,5.866707801818848,3.9577524662017822,83.83659362792969,89.63296508789062,66.76676177978516,66.76676177978516,76.5216064453125,78.78785705566406,80.40644073486328,82.60602569580078,83.64588928222656,84.29264068603516,85.13980102539062,85.92811584472656,86.33059692382812,87.13691711425781,87.5030517578125,88.4510726928711,88.92839813232422,89.30743408203125,89.63296508789062
7,mlp,gate_proj,0,3,5.906768798828125,3.964348316192627,84.43753051757812,89.82496643066406,69.2972412109375,69.2972412109375,75.48554992675781,79.93568420410156,82.38361358642578,83.13753509521484,84.40946197509766,85.26115417480469,85.49762725830078,86.2216567993164,86.92300415039062,87.4864501953125,88.1050796508789,88.51148986816406,89.02037811279297,89.49957275390625,89.82496643066406
7,mlp,gate_proj,0,4,5.883697986602783,3.9599497318267822,84.08525085449219,89.71696472167969,67.81116485595703,67.81116485595703,74.97142028808594,78.97574615478516,81.65756225585938,82.78313446044922,83.83480834960938,85.3922119140625,85.91873168945312,86.4345474243164,87.01554107666016,87.21636199951172,87.75025939941406,88.17724609375,88.32734680175781,89.38099670410156,89.71696472167969
7,mlp,gate_proj,1,2,5.855309963226318,3.952713966369629,83.63480377197266,89.72590637207031,65.16239166259766,65.16239166259766,74.2244644165039,78.93669891357422,80.13687896728516,81.87499237060547,83.97906494140625,84.81951904296875,85.16544342041016,86.12715148925781,86.8544921875,87.10716247558594,87.5800552368164,88.38298797607422,88.87176513671875,89.20789337158203,89.72590637207031
7,mlp,gate_proj,1,3,5.8457489013671875,3.9522368907928467,83.5037612915039,89.33323669433594,65.78258514404297,65.78258514404297,73.66232299804688,78.21249389648438,80.49823760986328,81.43990325927734,83.90754699707031,84.84638977050781,85.36566162109375,85.678955078125,86.43267822265625,87.17654418945312,87.61237335205078,88.5018539428711,88.57592010498047,89.03350067138672,89.33323669433594
7,mlp,gate_proj,1,4,5.828710556030273,3.947516441345215,83.23135375976562,89.5569839477539,64.66499328613281,64.66499328613281,73.12177276611328,77.14737701416016,79.20695495605469,81.12667083740234,83.39613342285156,84.6545639038086,85.91619873046875,86.28346252441406,86.35314178466797,87.3741455078125,87.75981140136719,88.09719848632812,88.32080078125,88.72151184082031,89.5569839477539
7,mlp,gate_proj,2,3,5.886505603790283,3.960129737854004,84.12430572509766,89.63032531738281,67.25096130371094,67.25096130371094,77.20782470703125,78.10883331298828,81.65670013427734,82.63447570800781,84.0625,84.4255142211914,85.2430191040039,86.05416107177734,86.5721206665039,87.66883087158203,88.0842514038086,88.85338592529297,89.2132339477539,89.32282257080078,89.63032531738281
7,mlp,gate_proj,2,4,5.868162155151367,3.9540984630584717,83.81982421875,89.76000213623047,65.45245361328125,65.45245361328125,75.88011169433594,76.25890350341797,80.93362426757812,82.65287780761719,83.92351531982422,84.80021667480469,85.85130310058594,86.63195037841797,87.00199890136719,87.67249298095703,87.96733093261719,88.21990203857422,88.61851501464844,89.49197387695312,89.76000213623047
7,mlp,gate_proj,3,4,5.880303859710693,3.9557912349700928,83.99967956542969,89.76639556884766,66.91651153564453,66.91651153564453,73.9201431274414,76.6539077758789,81.65571594238281,82.83483123779297,84.45824432373047,85.29914093017578,86.01229095458984,86.19961547851562,87.3345947265625,87.43280792236328,88.09982299804688,88.59634399414062,89.29801177978516,89.5164794921875,89.76639556884766
7,mlp,up_proj,0,1,5.885293483734131,3.9619743824005127,84.12773132324219,89.7914047241211,70.36940002441406,70.36940002441406,74.58844757080078,77.85875701904297,82.01045989990234,82.80696868896484,84.12251281738281,84.61060333251953,84.79576873779297,86.095947265625,86.90127563476562,86.99633026123047,88.22356414794922,88.31983947753906,89.00161743164062,89.55078125,89.7914047241211
7,mlp,up_proj,0,2,5.8809967041015625,3.9613661766052246,84.06465911865234,89.76610565185547,71.09284973144531,71.09284973144531,73.83232879638672,77.01891326904297,81.80609893798828,82.39341735839844,83.85074615478516,85.16218566894531,85.78959655761719,86.29989624023438,87.0706558227539,87.2573471069336,87.577880859375,88.01071166992188,88.54872131347656,89.55713653564453,89.76610565185547
7,mlp,up_proj,0,3,5.846749782562256,3.9567599296569824,83.56385803222656,89.8651351928711,69.81641387939453,69.81641387939453,74.00779724121094,78.40381622314453,78.73017120361328,81.18627166748047,82.99044799804688,84.78443145751953,85.1841812133789,85.77156066894531,86.30106353759766,86.98779296875,87.1841049194336,87.95513153076172,88.59026336669922,89.26314544677734,89.8651351928711
7,mlp,up_proj,0,4,5.843084335327148,3.957122802734375,83.5182113647461,89.41932678222656,69.74690246582031,69.74690246582031,73.40910339355469,78.78089904785156,80.52667999267578,82.02848815917969,82.53292083740234,83.86177062988281,84.41153717041016,85.57318115234375,86.30252838134766,86.9371566772461,87.29961395263672,87.6643295288086,88.41699981689453,89.37999725341797,89.41932678222656
7,mlp,up_proj,1,2,5.904894828796387,3.968989610671997,84.45752716064453,89.72782135009766,71.61167907714844,71.61167907714844,78.0799331665039,81.20040893554688,81.76062774658203,82.78520965576172,83.88326263427734,84.30333709716797,84.37702941894531,86.0643081665039,86.17095947265625,87.39497375488281,87.85137176513672,88.07565307617188,88.7364730834961,89.29733276367188,89.72782135009766
7,mlp,up_proj,1,3,5.8782854080200195,3.9628171920776367,84.04169464111328,89.63341522216797,69.91461181640625,69.91461181640625,75.98291778564453,79.18001556396484,81.19363403320312,82.91926574707031,83.6585464477539,84.44633483886719,84.93600463867188,85.58887481689453,86.0257797241211,87.27657318115234,87.66869354248047,88.2540512084961,88.77536010742188,89.21310424804688,89.63341522216797
7,mlp,up_proj,1,4,5.866791725158691,3.9594171047210693,83.85589599609375,89.99479675292969,69.20353698730469,69.20353698730469,75.55784606933594,79.4222183227539,80.32405853271484,81.77688598632812,82.15335083007812,84.04627990722656,84.930908203125,85.28368377685547,86.50164794921875,87.14324188232422,88.16394805908203,88.33500671386719,89.00525665283203,89.85173034667969,89.99479675292969
7,mlp,up_proj,2,3,5.8976359367370605,3.966749906539917,84.33882141113281,89.7812271118164,70.97029876708984,70.97029876708984,78.34516143798828,79.36739349365234,81.53411102294922,82.59159851074219,83.39812469482422,83.820068359375,85.02421569824219,86.21167755126953,86.71631622314453,87.06475067138672,87.55825805664062,88.70504760742188,88.84041595458984,89.4923324584961,89.7812271118164
7,mlp,up_proj,2,4,5.867984294891357,3.96492600440979,83.9249038696289,89.9144515991211,71.41214752197266,71.41214752197266,77.77664947509766,80.43262481689453,80.95547485351562,82.29548645019531,82.83223724365234,83.43340301513672,83.70946502685547,85.14375305175781,85.4144287109375,86.31853485107422,87.31531524658203,87.97744750976562,88.43692779541016,89.43009185791016,89.9144515991211
7,mlp,up_proj,3,4,5.8424530029296875,3.9538798332214355,83.47911834716797,89.9644775390625,69.29241180419922,69.29241180419922,74.07257843017578,74.7894515991211,80.59394836425781,81.47660827636719,83.32740783691406,83.99969482421875,84.50481414794922,85.63232421875,86.2462158203125,87.09568786621094,87.59717559814453,88.5858154296875,89.07772064208984,89.40957641601562,89.9644775390625
7,self_attn,k_proj,0,1,5.275191307067871,3.8106980323791504,74.91398620605469,88.73808288574219,55.36625671386719,55.36625671386719,61.764305114746094,62.932777404785156,65.51884460449219,67.99253845214844,71.71387481689453,72.84895324707031,73.3896713256836,77.57931518554688,78.66808319091797,79.70561981201172,83.078857421875,84.32328033447266,87.25440979003906,87.74898529052734,88.73808288574219
7,self_attn,k_proj,0,2,5.289475917816162,3.815844774246216,75.13706970214844,88.56468200683594,55.8707275390625,55.8707275390625,60.745361328125,65.34818267822266,65.83802032470703,68.51048278808594,71.35248565673828,71.66183471679688,76.2166976928711,77.33564758300781,78.01422882080078,78.92858123779297,83.77230072021484,84.9578628540039,87.06526184082031,88.0107192993164,88.56468200683594
7,self_attn,k_proj,0,3,5.316901683807373,3.8259694576263428,75.55859375,89.57550048828125,54.21446228027344,54.21446228027344,61.670997619628906,64.70215606689453,68.4756088256836,69.55638122558594,73.51890563964844,74.31352996826172,75.68048858642578,77.98033905029297,78.89176177978516,80.58570098876953,83.1424789428711,84.14319610595703,85.52713012695312,86.95883178710938,89.57550048828125
7,self_attn,k_proj,0,4,5.283651828765869,3.816253900527954,75.07554626464844,89.50018310546875,57.46881103515625,57.46881103515625,59.688297271728516,64.9474868774414,67.6727066040039,68.50320434570312,70.78488159179688,72.76033782958984,73.87371063232422,74.95625305175781,79.06144714355469,80.38350677490234,83.03064727783203,84.47320556640625,86.206787109375,87.8973388671875,89.50018310546875
7,self_attn,k_proj,1,2,5.308877944946289,3.822514772415161,75.42655181884766,89.26884460449219,53.55492401123047,53.55492401123047,61.08302688598633,66.58775329589844,68.10543060302734,69.23406219482422,71.4837417602539,73.8077392578125,75.97435760498047,78.04125213623047,79.6142349243164,80.44705963134766,81.8286361694336,83.6072998046875,85.948974609375,88.23745727539062,89.26884460449219
7,self_attn,k_proj,1,3,5.332771301269531,3.8300840854644775,75.80348205566406,89.04663848876953,58.30891799926758,58.30891799926758,63.20787048339844,63.66432571411133,65.49964904785156,69.93053436279297,71.46112823486328,73.78115844726562,74.89810180664062,77.9593276977539,80.37178802490234,81.81637573242188,83.91643524169922,84.52652740478516,86.1185302734375,88.34833526611328,89.04663848876953
7,self_attn,k_proj,1,4,5.310945510864258,3.8321633338928223,75.56724548339844,89.42784881591797,59.67727279663086,59.67727279663086,63.02388000488281,66.21101379394531,67.36944580078125,69.1360855102539,69.90902709960938,73.3210678100586,74.95010375976562,77.3692626953125,78.96610260009766,80.90201568603516,81.5928726196289,84.41602325439453,85.84925842285156,86.95466613769531,89.42784881591797
7,self_attn,k_proj,2,3,5.300455570220947,3.8126466274261475,75.22950744628906,89.50639343261719,54.35874557495117,54.35874557495117,60.73342514038086,63.82520294189453,65.1771240234375,68.62256622314453,70.99593353271484,72.5542221069336,74.8476333618164,77.4769515991211,81.40795135498047,82.28651428222656,83.14501953125,84.19881439208984,86.1087417602539,88.42697143554688,89.50639343261719
7,self_attn,k_proj,2,4,5.35537576675415,3.8464767932891846,76.24205017089844,89.31419372558594,60.28361511230469,60.28361511230469,62.37275314331055,66.60836791992188,68.34012603759766,71.2868881225586,73.60567474365234,73.82976531982422,77.00678253173828,77.33755493164062,79.6261978149414,81.86140441894531,82.66316223144531,83.33843994140625,85.82415008544922,86.57363891601562,89.31419372558594
7,self_attn,k_proj,3,4,5.274611949920654,3.8133411407470703,74.94168090820312,89.71745300292969,57.61458206176758,57.61458206176758,60.38214111328125,64.67914581298828,67.07653045654297,68.35892486572266,68.99654388427734,73.42265319824219,75.46693420410156,75.98934173583984,77.46253204345703,78.23711395263672,81.86138153076172,83.09468841552734,87.58322143554688,89.12377166748047,89.71745300292969
7,self_attn,o_proj,0,1,5.732154846191406,3.9412782192230225,81.90860748291016,88.9427261352539,69.83220672607422,69.83220672607422,72.3641128540039,75.5431137084961,76.66816711425781,78.85069274902344,80.44059753417969,80.86292266845703,82.97884368896484,83.91422271728516,84.58728790283203,85.03617858886719,86.99665069580078,87.5157470703125,87.80073547363281,88.20355987548828,88.9427261352539
7,self_attn,o_proj,0,2,5.705491542816162,3.928229808807373,81.43427276611328,89.78108978271484,65.75554656982422,65.75554656982422,70.07521057128906,73.27180480957031,77.2281494140625,77.92921447753906,79.1120376586914,81.36530303955078,82.45489501953125,83.46614837646484,84.34620666503906,86.2586669921875,86.5611572265625,87.58098602294922,88.20480346679688,89.55711364746094,89.78108978271484
7,self_attn,o_proj,0,3,5.743507385253906,3.943037748336792,82.07417297363281,89.92671203613281,71.7387466430664,71.7387466430664,72.19745635986328,74.4637222290039,76.3440933227539,79.31441497802734,80.1768569946289,81.60006713867188,83.14815521240234,83.83447265625,84.56685638427734,86.13102722167969,86.37853240966797,86.88874053955078,87.46017456054688,89.01681518554688,89.92671203613281
7,self_attn,o_proj,0,4,5.717194080352783,3.9347219467163086,81.65072631835938,89.90386199951172,68.93392944335938,68.93392944335938,70.39408111572266,74.66735076904297,75.97303771972656,77.24744415283203,81.024658203125,81.64383697509766,82.25269317626953,83.85302734375,84.401123046875,85.62611389160156,86.10309600830078,87.12154388427734,88.30986022949219,88.95589447021484,89.90386199951172
7,self_attn,o_proj,1,2,5.754313945770264,3.9408364295959473,82.18986511230469,89.93009185791016,65.1458969116211,65.1458969116211,74.60794067382812,76.87767028808594,78.37297058105469,78.93153381347656,80.84122467041016,81.13959503173828,83.19529724121094,83.71836853027344,85.30989837646484,86.0926284790039,86.63843536376953,87.19353485107422,88.09228515625,88.95047760009766,89.93009185791016
7,self_attn,o_proj,1,3,5.761929512023926,3.9450273513793945,82.33287048339844,89.38113403320312,68.69085693359375,68.69085693359375,74.39071655273438,76.70301818847656,77.13835906982422,78.3665542602539,79.64046478271484,82.68888854980469,83.28467559814453,84.36412048339844,85.45919799804688,86.17586517333984,87.04849243164062,87.52923583984375,87.84265899658203,88.6217269897461,89.38113403320312
7,self_attn,o_proj,1,4,5.765555381774902,3.9453670978546143,82.38327026367188,89.97509765625,68.38529968261719,68.38529968261719,73.78668212890625,76.62037658691406,77.8150863647461,79.92285919189453,80.13847351074219,81.39109802246094,84.0230712890625,84.6645278930664,85.54151153564453,85.71268463134766,86.25953674316406,86.70123291015625,88.21601104736328,88.97867584228516,89.97509765625
7,self_attn,o_proj,2,3,5.766597747802734,3.945483684539795,82.39732360839844,89.89159393310547,68.012451171875,68.012451171875,72.80929565429688,76.46234893798828,79.63106536865234,80.34050750732422,81.0172348022461,82.25437927246094,83.48334503173828,83.65965270996094,84.40345001220703,85.84626770019531,86.32178497314453,87.16458892822266,88.32870483398438,88.73054504394531,89.89159393310547
7,self_attn,o_proj,2,4,5.748516082763672,3.941446542739868,82.12157440185547,89.99346160888672,66.80638885498047,66.80638885498047,73.19654083251953,75.73870849609375,79.61096954345703,79.8224868774414,80.9630355834961,81.5196304321289,82.6126937866211,82.94070434570312,83.84349060058594,86.00740051269531,86.10319519042969,87.95014953613281,88.09574890136719,88.74053955078125,89.99346160888672
7,self_attn,o_proj,3,4,5.731936454772949,3.938307046890259,81.87748718261719,89.96077728271484,69.71453094482422,69.71453094482422,71.57573699951172,74.45122528076172,75.61251068115234,79.23114776611328,80.9941635131836,81.35012817382812,81.8493423461914,83.21236419677734,84.9127197265625,85.86563873291016,86.45442962646484,87.49838256835938,88.28262329101562,89.07418823242188,89.96077728271484
7,self_attn,q_proj,0,1,5.549767017364502,3.902672290802002,79.20105743408203,89.4089584350586,66.00960540771484,66.00960540771484,68.99090576171875,72.13374328613281,72.97576141357422,74.53036499023438,76.5630111694336,76.74051666259766,79.26936340332031,80.87226104736328,81.59061431884766,82.61197662353516,84.07927703857422,85.455322265625,87.10275268554688,88.88250732421875,89.4089584350586
7,self_attn,q_proj,0,2,5.673550605773926,3.924438238143921,80.98563385009766,89.86298370361328,65.55093383789062,65.55093383789062,70.59756469726562,74.10713958740234,76.37062072753906,76.79816436767578,78.48506927490234,79.7461166381836,80.81388854980469,83.9250717163086,84.0577163696289,84.70604705810547,86.86384582519531,87.30423736572266,88.16390991210938,88.41677856445312,89.86298370361328
7,self_attn,q_proj,0,3,5.619022369384766,3.9142720699310303,80.18843078613281,89.85617065429688,64.34535217285156,64.34535217285156,71.21044158935547,72.90083312988281,74.89915466308594,75.53744506835938,77.26333618164062,79.20761108398438,79.82996368408203,82.26710510253906,83.15338897705078,84.299560546875,84.71339416503906,86.71369171142578,87.78014373779297,89.03733825683594,89.85617065429688
7,self_attn,q_proj,0,4,5.616958141326904,3.918266773223877,80.20370483398438,89.7425537109375,67.54244232177734,67.54244232177734,70.73051452636719,73.32160186767578,75.46477508544922,76.00193786621094,77.75462341308594,78.25008392333984,79.29780578613281,81.5616226196289,81.86988067626953,83.37081909179688,85.11946868896484,86.48683166503906,88.06552124023438,88.67887878417969,89.7425537109375
7,self_attn,q_proj,1,2,5.566340446472168,3.9086673259735107,79.47001647949219,89.85259246826172,68.54193115234375,68.54193115234375,69.85691833496094,71.68345642089844,73.93358612060547,75.05105590820312,76.46149444580078,77.83695220947266,78.48643493652344,79.91983795166016,81.0514907836914,83.01639556884766,83.93416595458984,85.62821960449219,87.4803466796875,88.78541564941406,89.85259246826172
7,self_attn,q_proj,1,3,5.575581073760986,3.909115791320801,79.58737182617188,89.33158111572266,66.28633117675781,66.28633117675781,68.16915130615234,72.11878204345703,73.1893539428711,76.29042053222656,77.71341705322266,79.67129516601562,80.41062927246094,80.94275665283203,82.75470733642578,83.01653289794922,83.66986083984375,85.46045684814453,86.1312484741211,88.2414779663086,89.33158111572266
7,self_attn,q_proj,1,4,5.573112964630127,3.905014753341675,79.516845703125,89.53955078125,64.022705078125,64.022705078125,70.471923828125,73.14114379882812,73.70014190673828,75.58807373046875,75.94300079345703,77.71581268310547,77.91656494140625,80.04615020751953,81.73329162597656,83.3584213256836,85.73709106445312,86.93226623535156,88.00553894042969,88.4178695678711,89.53955078125
7,self_attn,q_proj,2,3,5.550299167633057,3.9044547080993652,79.222900390625,89.24734497070312,64.02210235595703,64.02210235595703,70.78164672851562,72.6827163696289,73.46420288085938,75.5451889038086,76.85224914550781,77.8392562866211,79.01100158691406,79.97892761230469,81.44485473632812,82.45548248291016,84.74066925048828,85.18094635009766,86.29092407226562,88.02885437011719,89.24734497070312
7,self_attn,q_proj,2,4,5.6081671714782715,3.9119150638580322,80.02967071533203,89.8635025024414,67.51445007324219,67.51445007324219,68.87738037109375,71.43058013916016,73.97732543945312,74.6571044921875,76.36873626708984,78.64480590820312,80.73612213134766,82.3355484008789,83.48086547851562,84.70441436767578,84.86598205566406,86.57391357421875,87.57807922363281,88.86593627929688,89.8635025024414
7,self_attn,q_proj,3,4,5.559018135070801,3.8996243476867676,79.28617858886719,89.03438568115234,65.12177276611328,65.12177276611328,67.90011596679688,70.73516082763672,72.50582885742188,73.51689147949219,75.51073455810547,79.27278900146484,80.23970794677734,80.6976547241211,82.16580200195312,84.5872573852539,85.0382080078125,85.79244995117188,87.9968032836914,88.46331787109375,89.03438568115234
7,self_attn,v_proj,0,1,5.381580829620361,3.8432483673095703,76.52257537841797,89.92369079589844,57.98508071899414,57.98508071899414,61.64473342895508,66.146240234375,68.2636947631836,71.09932708740234,72.17984008789062,76.05896759033203,76.94196319580078,77.39530944824219,81.18839263916016,81.69512176513672,84.1241683959961,84.99610900878906,86.81988525390625,87.89866638183594,89.92369079589844
7,self_attn,v_proj,0,2,5.453055381774902,3.8616247177124023,77.58158874511719,89.7146987915039,59.04511642456055,59.04511642456055,64.34365844726562,65.5121841430664,68.74906158447266,72.37419128417969,73.9075698852539,77.68289947509766,78.15476989746094,80.96802520751953,81.85709381103516,82.79361724853516,85.00191497802734,86.1388168334961,86.99748229980469,88.06441497802734,89.7146987915039
7,self_attn,v_proj,0,3,5.440237998962402,3.866192579269409,77.47264099121094,88.74510192871094,61.7993278503418,61.7993278503418,64.53377532958984,64.91755676269531,69.0919418334961,73.14314270019531,75.53456115722656,76.34318542480469,78.749755859375,79.26610565185547,81.45048522949219,83.07454681396484,83.73868560791016,84.76902770996094,86.59913635253906,87.80584716796875,88.74510192871094
7,self_attn,v_proj,0,4,5.448247909545898,3.8677759170532227,77.58529663085938,89.64479064941406,58.79435348510742,58.79435348510742,66.18415069580078,67.9249267578125,71.45145416259766,72.90171813964844,74.20245361328125,75.8518295288086,77.0093765258789,79.9813461303711,80.31588745117188,82.90825653076172,84.31380462646484,84.86776733398438,87.09780883789062,87.91483306884766,89.64479064941406
7,self_attn,v_proj,1,2,5.455921173095703,3.872774124145508,77.73590087890625,89.80227661132812,62.80887222290039,62.80887222290039,65.62525939941406,68.59078216552734,70.14491271972656,71.05938720703125,74.79948425292969,76.2589111328125,77.2755126953125,80.05268096923828,80.72257232666016,82.86383056640625,83.89131164550781,85.09976959228516,86.24429321289062,88.53446197509766,89.80227661132812
7,self_attn,v_proj,1,3,5.456896781921387,3.870927572250366,77.73176574707031,89.61454772949219,64.13802337646484,64.13802337646484,65.06767272949219,68.01842498779297,69.30085754394531,72.53887939453125,72.78826141357422,75.00202941894531,77.58692932128906,79.55852508544922,81.22010803222656,82.79798889160156,84.09004974365234,84.7253646850586,88.40758514404297,88.85302734375,89.61454772949219
7,self_attn,v_proj,1,4,5.415496349334717,3.8608055114746094,77.11044311523438,89.32918548583984,57.955142974853516,57.955142974853516,63.90507507324219,69.05076599121094,70.3320083618164,72.00733184814453,75.43172454833984,76.38928985595703,77.86276245117188,78.88819885253906,80.50575256347656,81.18724060058594,82.95439147949219,83.9342041015625,86.42139434814453,87.61270141601562,89.32918548583984
7,self_attn,v_proj,2,3,5.4837727546691895,3.872850179672241,78.0718994140625,89.89966583251953,59.755435943603516,59.755435943603516,62.62839889526367,69.47333526611328,70.20573425292969,73.65763854980469,76.17668151855469,77.76527404785156,78.8127212524414,80.48621368408203,81.78449249267578,83.69502258300781,84.50731658935547,85.28894805908203,87.3665771484375,87.64692687988281,89.89966583251953
7,self_attn,v_proj,2,4,5.474006652832031,3.8681187629699707,77.90411376953125,89.82820129394531,59.296836853027344,59.296836853027344,62.75032424926758,67.24866485595703,71.30473327636719,73.32138061523438,76.02580261230469,77.4426040649414,78.24087524414062,79.67837524414062,81.22998809814453,83.2883071899414,84.17436218261719,86.8132553100586,87.0518798828125,88.7702865600586,89.82820129394531
7,self_attn,v_proj,3,4,5.454835414886475,3.868662118911743,77.6796646118164,89.83493041992188,61.472503662109375,61.472503662109375,65.70044708251953,66.7801513671875,69.53533935546875,71.70572662353516,74.96218872070312,76.29305267333984,77.2030258178711,79.70329284667969,82.1954574584961,83.22476196289062,83.93370056152344,84.59956359863281,87.3288803100586,88.40155792236328,89.83493041992188
8,mlp,down_proj,0,1,5.743704319000244,3.931570529937744,81.96055603027344,89.86412811279297,64.30364227294922,64.30364227294922,69.6428451538086,74.25881958007812,76.16801452636719,80.38340759277344,81.97883605957031,82.5909423828125,83.08015441894531,84.6247329711914,85.30614471435547,86.12725830078125,87.20677185058594,87.97711181640625,88.54673767089844,89.30923461914062,89.86412811279297
8,mlp,down_proj,0,2,5.716285705566406,3.929154396057129,81.58090209960938,89.77304077148438,66.31375885009766,66.31375885009766,66.92700958251953,73.40101623535156,78.57144165039062,79.5672836303711,80.46316528320312,82.52071380615234,83.1434555053711,83.95528411865234,84.60073852539062,85.23925018310547,86.15827941894531,87.53996276855469,88.36006164550781,88.75991821289062,89.77304077148438
8,mlp,down_proj,0,3,5.764337062835693,3.937426805496216,82.2857666015625,89.8548355102539,64.03263854980469,64.03263854980469,70.37271881103516,76.5352554321289,79.31399536132812,80.93604278564453,82.26927185058594,82.49848937988281,82.94682312011719,84.2223892211914,84.74967193603516,86.0262680053711,86.69768524169922,88.17003631591797,88.41604614257812,89.53004455566406,89.8548355102539
8,mlp,down_proj,0,4,5.775064945220947,3.9440462589263916,82.4935531616211,89.84367370605469,68.05083465576172,68.05083465576172,69.8180160522461,77.48263549804688,79.30590057373047,80.68829345703125,81.40605926513672,82.85545349121094,83.28762817382812,84.43238067626953,85.61408996582031,85.9185791015625,86.81682586669922,87.7936782836914,88.06307983398438,88.51978302001953,89.84367370605469
8,mlp,down_proj,1,2,5.761559963226318,3.9395148754119873,82.27305603027344,89.7157211303711,67.82299041748047,67.82299041748047,68.832763671875,76.27582550048828,79.14151000976562,79.3465347290039,81.27867889404297,82.10398864746094,83.65473937988281,84.47991180419922,84.70793151855469,85.90919494628906,86.96613311767578,88.38752746582031,88.5049819946289,89.24052429199219,89.7157211303711
8,mlp,down_proj,1,3,5.717302322387695,3.93344783782959,81.63850402832031,89.68602752685547,66.7724609375,66.7724609375,70.99693298339844,74.84369659423828,76.61199951171875,78.02403259277344,80.57365417480469,80.88021850585938,82.41509246826172,83.8524398803711,85.01948547363281,85.8543930053711,86.34393310546875,87.19447326660156,88.24847412109375,88.89878845214844,89.68602752685547
8,mlp,down_proj,1,4,5.750630855560303,3.93729829788208,82.10873413085938,89.94934844970703,66.87346649169922,66.87346649169922,69.36042022705078,77.0667953491211,77.72283935546875,78.78401947021484,81.65829467773438,82.4003677368164,82.72173309326172,83.78229522705078,84.61087036132812,85.3482894897461,87.04788208007812,88.0506591796875,88.7869644165039,89.5754623413086,89.94934844970703
8,mlp,down_proj,2,3,5.799410343170166,3.947117567062378,82.84402465820312,89.45922088623047,68.91108703613281,68.91108703613281,70.43698120117188,77.13197326660156,78.61077117919922,79.7800521850586,81.55424499511719,84.25397491455078,84.98028564453125,85.78030395507812,86.17718505859375,86.37403106689453,86.97042083740234,87.96199035644531,88.19327545166016,88.92859649658203,89.45922088623047
8,mlp,down_proj,2,4,5.767199993133545,3.9411325454711914,82.36177825927734,89.3936538696289,66.4357681274414,66.4357681274414,70.73902130126953,76.55925750732422,78.46559143066406,80.45101928710938,81.37684631347656,82.44014739990234,83.72557067871094,84.39481353759766,85.71688079833984,86.01436614990234,86.81029510498047,88.02664947509766,88.2799072265625,88.95872497558594,89.3936538696289
8,mlp,down_proj,3,4,5.7723212242126465,3.9436025619506836,82.45364379882812,89.428955078125,68.56560516357422,68.56560516357422,69.57845306396484,77.2340316772461,78.4508056640625,80.046142578125,82.11429595947266,82.75188446044922,83.68064880371094,84.78263092041016,84.83851623535156,86.00126647949219,86.99327850341797,87.57001495361328,88.47499084472656,88.74687194824219,89.428955078125
8,mlp,gate_proj,0,1,5.881907939910889,3.9592771530151367,84.05470275878906,89.94547271728516,67.63050842285156,67.63050842285156,74.25086212158203,80.11096954345703,81.3436279296875,83.29896545410156,84.20897674560547,84.80223846435547,85.23129272460938,85.32548522949219,86.69939422607422,87.10481262207031,88.34197235107422,88.66805267333984,88.90910339355469,89.00348663330078,89.94547271728516
8,mlp,gate_proj,0,2,5.903311729431152,3.9653525352478027,84.40090942382812,89.89911651611328,69.450439453125,69.450439453125,77.61119842529297,80.34449005126953,81.51083374023438,82.79907989501953,83.93770599365234,84.41567993164062,85.0853500366211,85.64978790283203,86.68424987792969,87.64823913574219,87.84939575195312,88.3564682006836,89.41377258300781,89.7586669921875,89.89911651611328
8,mlp,gate_proj,0,3,5.863473892211914,3.9558064937591553,83.77588653564453,89.59008026123047,67.94188690185547,67.94188690185547,73.39077758789062,77.125244140625,81.82308197021484,82.21534729003906,83.89051818847656,84.22469329833984,84.78331756591797,86.31846618652344,87.26776123046875,87.60945129394531,87.96757507324219,88.49182891845703,88.71585083007812,89.058349609375,89.59008026123047
8,mlp,gate_proj,0,4,5.8960113525390625,3.9618849754333496,84.26911163330078,89.96778869628906,68.33956146240234,68.33956146240234,75.19266510009766,80.00642395019531,82.09740447998047,83.10014343261719,83.62613677978516,84.6972885131836,85.81150817871094,86.05585479736328,86.81226348876953,87.39039611816406,87.82190704345703,88.57038116455078,89.0341567993164,89.781982421875,89.96778869628906
8,mlp,gate_proj,1,2,5.916905879974365,3.967660903930664,84.60533905029297,89.89891815185547,69.57525634765625,69.57525634765625,77.86543273925781,80.64800262451172,82.86058807373047,83.77832794189453,84.15924072265625,84.76092529296875,85.31443786621094,86.22283172607422,86.78298950195312,87.0735855102539,87.79029846191406,88.34083557128906,89.15067291259766,89.463134765625,89.89891815185547
8,mlp,gate_proj,1,3,5.8449506759643555,3.949427843093872,83.4669418334961,89.90963745117188,66.53858947753906,66.53858947753906,71.26513671875,76.7098617553711,79.29082489013672,83.17735290527344,84.14656066894531,84.58990478515625,85.0792236328125,86.1820297241211,86.92943572998047,87.49494171142578,87.79256439208984,88.17886352539062,89.04344177246094,89.14274597167969,89.90963745117188
8,mlp,gate_proj,1,4,5.866583347320557,3.957583427429199,83.8342056274414,89.86979675292969,67.93714141845703,67.93714141845703,73.98982238769531,78.5009536743164,81.67115783691406,82.82096862792969,83.37191772460938,84.5289306640625,85.12303161621094,85.96661376953125,86.6196060180664,87.17403411865234,87.59490203857422,88.11099243164062,88.60594177246094,89.46148681640625,89.86979675292969
8,mlp,gate_proj,2,3,5.919013977050781,3.966383695602417,84.62213134765625,89.66606903076172,69.88761901855469,69.88761901855469,76.92919158935547,80.29629516601562,81.32752227783203,81.8384017944336,84.97430419921875,85.2516860961914,86.37738800048828,87.07685852050781,87.21786499023438,87.56529235839844,88.18294525146484,88.78448486328125,89.04622650146484,89.5318603515625,89.66606903076172
8,mlp,gate_proj,2,4,5.92238712310791,3.96870756149292,84.68914794921875,89.75530242919922,69.86190032958984,69.86190032958984,77.54288482666016,81.9754409790039,82.55473327636719,83.82308959960938,84.58372497558594,84.95414733886719,85.38429260253906,85.47998046875,87.2916030883789,87.41148376464844,87.91674041748047,88.12786865234375,88.9826889038086,89.38043212890625,89.75530242919922
8,mlp,gate_proj,3,4,5.861548900604248,3.9557783603668213,83.74955749511719,89.96315002441406,67.64363861083984,67.64363861083984,72.96665954589844,78.68031311035156,81.89356231689453,82.68038177490234,83.1748046875,84.02009582519531,85.08067321777344,85.8560791015625,86.5442123413086,87.34825897216797,87.65008544921875,88.11332702636719,88.61975860595703,89.75804138183594,89.96315002441406
8,mlp,up_proj,0,1,5.8642897605896,3.957775831222534,83.80690002441406,89.88771057128906,69.8929214477539,69.8929214477539,72.9501953125,78.42698669433594,79.84843444824219,82.45526123046875,83.42671203613281,84.36534118652344,85.30859375,85.75811004638672,86.62006378173828,87.12376403808594,87.85951232910156,88.58114624023438,89.06841278076172,89.3372802734375,89.88771057128906
8,mlp,up_proj,0,2,5.848145484924316,3.9564709663391113,83.57818603515625,89.58455657958984,67.91397094726562,67.91397094726562,74.60376739501953,78.95072937011719,81.13346099853516,81.76953887939453,82.89470672607422,83.97673034667969,84.77661895751953,85.36479949951172,86.08173370361328,86.35935974121094,87.26545715332031,88.29344177246094,89.11573028564453,89.16629791259766,89.58455657958984
8,mlp,up_proj,0,3,5.871652126312256,3.9569857120513916,83.8959732055664,89.808837890625,67.6316909790039,67.6316909790039,73.50775909423828,79.2491683959961,81.07901000976562,82.43494415283203,83.55709838867188,84.79570007324219,85.03099060058594,85.87642669677734,86.88176727294922,87.47034454345703,88.0034408569336,88.6072006225586,88.86770629882812,89.53348541259766,89.808837890625
8,mlp,up_proj,0,4,5.87532901763916,3.9594287872314453,83.9688491821289,89.8239974975586,68.16731262207031,68.16731262207031,75.4142837524414,78.20153045654297,80.6741943359375,83.27548217773438,83.9083251953125,84.42778778076172,85.55390930175781,86.33548736572266,86.89692687988281,87.34842681884766,87.80103302001953,88.01261138916016,88.55284118652344,89.1073989868164,89.8239974975586
8,mlp,up_proj,1,2,5.885458469390869,3.9656155109405518,84.16458129882812,89.73648834228516,70.61373901367188,70.61373901367188,77.69226837158203,80.07416534423828,81.09732818603516,83.08287048339844,83.50260925292969,84.2428207397461,84.46050262451172,85.68060302734375,86.09022521972656,86.67891693115234,87.12901306152344,87.81396484375,89.1990966796875,89.53861999511719,89.73648834228516
8,mlp,up_proj,1,3,5.830893516540527,3.952944040298462,83.31585693359375,89.93626403808594,68.00479888916016,68.00479888916016,73.73326873779297,77.20323944091797,81.07220458984375,81.6729507446289,82.23725128173828,83.5974349975586,84.16294860839844,84.93377685546875,85.63536834716797,86.4807357788086,87.62455749511719,88.41339874267578,88.76768493652344,89.57787322998047,89.93626403808594
8,mlp,up_proj,1,4,5.876213550567627,3.959181785583496,83.97894287109375,89.92086791992188,69.5016860961914,69.5016860961914,72.69004821777344,79.53606414794922,81.97651672363281,82.54813385009766,83.37393951416016,83.87128448486328,85.37964630126953,85.7811050415039,87.07137298583984,87.14904022216797,87.62311553955078,88.39202880859375,89.2137680053711,89.63461303710938,89.92086791992188
8,mlp,up_proj,2,3,5.898262023925781,3.964677572250366,84.32577514648438,89.87740325927734,68.44979858398438,68.44979858398438,78.3777084350586,79.96936798095703,81.61430358886719,83.04035949707031,84.01551818847656,85.1417007446289,85.39501190185547,85.97762298583984,86.34907531738281,86.7954330444336,87.79219818115234,88.27315521240234,88.85894775390625,89.28479766845703,89.87740325927734
8,mlp,up_proj,2,4,5.893674850463867,3.9639415740966797,84.2568588256836,89.91014862060547,68.01399230957031,68.01399230957031,78.71031188964844,79.65159606933594,82.04878234863281,82.18951416015625,84.08744812011719,85.18540954589844,85.62805938720703,85.774658203125,86.53450012207031,87.19412994384766,87.48709106445312,88.24481964111328,88.59085845947266,88.85848236083984,89.91014862060547
8,mlp,up_proj,3,4,5.858031272888184,3.954332113265991,83.68746948242188,89.69734191894531,65.95652770996094,65.95652770996094,74.70440673828125,78.29863739013672,80.46770477294922,82.38385009765625,83.7197036743164,84.6888198852539,84.99579620361328,85.9052963256836,86.82817077636719,87.45841979980469,87.8239974975586,88.0666275024414,88.68280792236328,89.32145690917969,89.69734191894531
8,self_attn,k_proj,0,1,5.453492164611816,3.8763949871063232,77.74000549316406,89.4954605102539,62.68765640258789,62.68765640258789,65.22061920166016,68.6597900390625,71.45790100097656,73.16272735595703,75.66693878173828,77.02595520019531,77.60516357421875,78.75756072998047,80.7190933227539,81.8161849975586,83.25337982177734,85.5976791381836,86.1842041015625,86.52973175048828,89.4954605102539
8,self_attn,k_proj,0,2,5.353489398956299,3.843255043029785,76.19330596923828,89.803955078125,62.93523025512695,62.93523025512695,63.1502799987793,65.57450103759766,67.4527587890625,68.38611602783203,72.13932037353516,74.29962158203125,75.85933685302734,77.8349838256836,79.02995300292969,80.41715240478516,82.25591278076172,85.26146697998047,86.97123718261719,87.72103118896484,89.803955078125
8,self_attn,k_proj,0,3,5.380247116088867,3.8584718704223633,76.67098236083984,88.7918701171875,65.24600219726562,65.24600219726562,65.89326477050781,66.863037109375,68.23662567138672,69.35901641845703,72.10128784179688,73.52992248535156,77.11695098876953,78.56195068359375,79.50599670410156,81.23820495605469,83.16716766357422,83.72186279296875,85.80702209472656,87.59549713134766,88.7918701171875
8,self_attn,k_proj,0,4,5.441641807556152,3.87195086479187,77.54936981201172,88.6628189086914,62.34365463256836,62.34365463256836,64.45043182373047,67.64305877685547,71.77730560302734,73.80755615234375,74.81708526611328,75.9844741821289,77.38829040527344,79.20298767089844,79.83734893798828,81.79693603515625,84.28535461425781,84.81928253173828,85.95026397705078,88.02310943603516,88.6628189086914
8,self_attn,k_proj,1,2,5.4178361892700195,3.857295036315918,77.11302185058594,89.93913269042969,60.68513488769531,60.68513488769531,65.4423599243164,67.3451919555664,67.89563751220703,69.85778045654297,72.33943939208984,76.1915054321289,77.7213134765625,79.12865447998047,80.34929656982422,81.37251281738281,84.31924438476562,84.84852600097656,88.02692413330078,88.34571075439453,89.93913269042969
8,self_attn,k_proj,1,3,5.332393169403076,3.841801166534424,75.92448425292969,88.73821258544922,61.82231903076172,61.82231903076172,64.44725036621094,66.88487243652344,67.66106414794922,68.32443237304688,71.57569122314453,72.28622436523438,76.3161849975586,77.410888671875,78.6119384765625,81.10623168945312,82.29399108886719,83.55182647705078,85.80371856689453,87.95680236816406,88.73821258544922
8,self_attn,k_proj,1,4,5.429819107055664,3.865117073059082,77.33684539794922,89.99329376220703,60.743709564208984,60.743709564208984,65.17279052734375,68.459228515625,69.65618896484375,72.65734100341797,74.32101440429688,75.8331527709961,76.511962890625,78.72718048095703,80.0412368774414,81.4115219116211,83.35389709472656,85.67588806152344,86.72071838378906,88.11039733886719,89.99329376220703
8,self_attn,k_proj,2,3,5.396369457244873,3.8526108264923096,76.80196380615234,89.71751403808594,60.71390151977539,60.71390151977539,62.616966247558594,66.22378540039062,69.553955078125,71.4638671875,73.75260162353516,74.48241424560547,76.03811645507812,77.76895141601562,80.19342803955078,82.91305541992188,84.30034637451172,84.7283935546875,86.20146942138672,88.16260528564453,89.71751403808594
8,self_attn,k_proj,2,4,5.381847858428955,3.845093011856079,76.54521179199219,89.11820983886719,59.14244842529297,59.14244842529297,62.90666580200195,63.72078323364258,67.40071105957031,71.02432250976562,74.56566619873047,75.16067504882812,76.04462432861328,80.34732055664062,80.88150787353516,81.87054443359375,82.85911560058594,85.35472106933594,86.37540435791016,87.95074462890625,89.11820983886719
8,self_attn,k_proj,3,4,5.415597438812256,3.8580703735351562,77.09242248535156,88.96202850341797,61.85444259643555,61.85444259643555,63.78859329223633,65.8971939086914,68.49181365966797,71.8029556274414,73.50270080566406,73.65225982666016,78.6116943359375,80.04798889160156,80.40460968017578,81.57685852050781,83.87271881103516,86.00141143798828,86.47154235839844,88.5399398803711,88.96202850341797
8,self_attn,o_proj,0,1,5.735491752624512,3.942195177078247,81.96183013916016,89.8697738647461,70.51132202148438,70.51132202148438,74.14388275146484,74.3775405883789,77.32576751708984,78.75816345214844,80.24598693847656,80.68085479736328,81.5595474243164,83.15387725830078,84.63705444335938,85.48976135253906,85.73041534423828,87.16324615478516,88.4565658569336,89.28550720214844,89.8697738647461
8,self_attn,o_proj,0,2,5.737825870513916,3.9415786266326904,81.98597717285156,89.88700866699219,69.47459411621094,69.47459411621094,74.44570922851562,75.1865005493164,76.9454574584961,78.30858612060547,79.48943328857422,80.79389190673828,81.70484161376953,84.33662414550781,84.73611450195312,85.25312042236328,86.3665542602539,87.59288024902344,88.36341857910156,88.8909683227539,89.88700866699219
8,self_attn,o_proj,0,3,5.741823673248291,3.9436113834381104,82.05667114257812,89.7271728515625,68.68289184570312,68.68289184570312,75.196044921875,76.03783416748047,77.4091567993164,78.69694519042969,80.00276947021484,81.2979736328125,82.89905548095703,83.6051025390625,84.75750732421875,84.9737319946289,86.24756622314453,86.61893463134766,87.78783416748047,88.96630859375,89.7271728515625
8,self_attn,o_proj,0,4,5.758703708648682,3.949047803878784,82.3306884765625,89.90901184082031,71.7272720336914,71.7272720336914,75.66483306884766,76.74413299560547,78.36851501464844,79.02674865722656,79.22825622558594,81.10857391357422,82.39212799072266,82.76384735107422,84.40619659423828,85.29166412353516,86.6128921508789,87.35832977294922,87.75558471679688,88.9330062866211,89.90901184082031
8,self_attn,o_proj,1,2,5.727041244506836,3.937185049057007,81.80241394042969,89.99317932128906,69.44989776611328,69.44989776611328,70.14531707763672,75.15424346923828,77.04612731933594,78.54615020751953,79.41056060791016,81.98896789550781,82.68423461914062,83.72589874267578,84.7222900390625,85.43109130859375,86.42440795898438,86.69800567626953,88.01983642578125,89.39838409423828,89.99317932128906
8,self_attn,o_proj,1,3,5.665917873382568,3.9276719093322754,80.91957092285156,88.93270874023438,67.59005737304688,67.59005737304688,71.46432495117188,72.44506072998047,75.18057250976562,79.10626220703125,79.65249633789062,79.86924743652344,82.01214599609375,83.1063461303711,83.49612426757812,83.53176879882812,85.28034210205078,87.10010528564453,87.30792999267578,88.63761901855469,88.93270874023438
8,self_attn,o_proj,1,4,5.728006362915039,3.935060977935791,81.7943344116211,89.82405853271484,68.65138244628906,68.65138244628906,70.41332244873047,73.4444351196289,76.61843872070312,78.75520324707031,80.22965240478516,81.87158203125,82.5543212890625,84.0872573852539,84.8223648071289,85.57969665527344,85.81118774414062,88.05697631835938,88.39480590820312,89.59467315673828,89.82405853271484
8,self_attn,o_proj,2,3,5.745543479919434,3.9422991275787354,82.09237670898438,89.6104736328125,68.67786407470703,68.67786407470703,73.06783294677734,75.42681121826172,77.04023742675781,79.4866943359375,81.16124725341797,81.96302032470703,82.76913452148438,83.58075714111328,84.84412384033203,85.49449157714844,86.04847717285156,87.252197265625,87.978271484375,89.07644653320312,89.6104736328125
8,self_attn,o_proj,2,4,5.772562026977539,3.9478635787963867,82.50079345703125,89.99283599853516,72.3526840209961,72.3526840209961,72.4539566040039,76.55278778076172,77.0806884765625,78.7508773803711,80.83470153808594,81.57857513427734,82.79839324951172,84.82621765136719,85.61254119873047,85.76830291748047,86.24658203125,87.2995834350586,88.23067474365234,89.63329315185547,89.99283599853516
8,self_attn,o_proj,3,4,5.698077201843262,3.9330813884735107,81.38738250732422,89.92703247070312,68.6592788696289,68.6592788696289,71.51154327392578,74.12763214111328,74.73102569580078,79.77762603759766,80.16402435302734,81.1158447265625,81.76167297363281,82.2590103149414,83.56475067138672,85.27462768554688,85.33586883544922,86.59921264648438,88.64826965332031,88.74066925048828,89.92703247070312
8,self_attn,q_proj,0,1,5.69419002532959,3.9365580081939697,81.37286376953125,89.5356216430664,71.5443115234375,71.5443115234375,74.20651245117188,74.82227325439453,76.07891845703125,77.65321350097656,78.55802917480469,79.15203857421875,80.24850463867188,81.38378143310547,83.490234375,84.20440673828125,85.63455963134766,88.1137466430664,88.28594207763672,89.05371856689453,89.5356216430664
8,self_attn,q_proj,0,2,5.654715538024902,3.9265975952148438,80.76580810546875,89.02420043945312,67.46466064453125,67.46466064453125,71.36320495605469,74.23880004882812,76.07060241699219,77.71119689941406,78.73897552490234,79.08734130859375,79.92131042480469,82.35728454589844,83.18116760253906,85.4456787109375,86.01774597167969,86.2228012084961,86.850830078125,88.55718994140625,89.02420043945312
8,self_attn,q_proj,0,3,5.659762859344482,3.923206329345703,80.79715728759766,89.91675567626953,66.11029052734375,66.11029052734375,70.32831573486328,74.21818542480469,76.37910461425781,77.32157897949219,77.909423828125,79.24712371826172,80.1898422241211,82.59123992919922,83.82996368408203,84.81370544433594,85.65262603759766,87.4851303100586,87.81978607177734,88.94136810302734,89.91675567626953
8,self_attn,q_proj,0,4,5.651284217834473,3.9247944355010986,80.70588684082031,89.97003936767578,68.51567840576172,68.51567840576172,71.32421112060547,74.25460052490234,75.48157501220703,76.29623413085938,76.83834075927734,79.33899688720703,80.39557647705078,82.23069763183594,83.16435241699219,84.206787109375,85.6365966796875,87.1334457397461,88.05044555664062,88.45658111572266,89.97003936767578
8,self_attn,q_proj,1,2,5.678969860076904,3.9309303760528564,81.11981964111328,89.89643096923828,68.02449798583984,68.02449798583984,71.41305541992188,75.35505676269531,76.25414276123047,77.37537384033203,79.47901916503906,80.19048309326172,81.33172607421875,82.25833892822266,83.46369934082031,84.3392105102539,85.318115234375,86.50576782226562,88.03955841064453,88.67264556884766,89.89643096923828
8,self_attn,q_proj,1,3,5.655418395996094,3.92497181892395,80.75881958007812,88.89073944091797,67.06912231445312,67.06912231445312,71.46820068359375,73.46673583984375,74.47930908203125,76.64097595214844,79.78430938720703,80.58541107177734,81.31692504882812,81.55487060546875,83.74386596679688,84.45271301269531,85.39393615722656,86.66614532470703,87.95648956298828,88.67130279541016,88.89073944091797
8,self_attn,q_proj,1,4,5.625107765197754,3.9170920848846436,80.29378509521484,89.24839782714844,66.4450454711914,66.4450454711914,69.10380554199219,73.04058837890625,73.61807250976562,75.80486297607422,78.36632537841797,80.19666290283203,81.92830657958984,82.68660736083984,83.41038513183594,83.9634017944336,85.12207794189453,86.22525024414062,87.2987060546875,88.24201965332031,89.24839782714844
8,self_attn,q_proj,2,3,5.668840408325195,3.9240612983703613,80.9205551147461,89.58379364013672,65.96992492675781,65.96992492675781,70.2079849243164,71.57199096679688,75.36627197265625,78.65994262695312,80.21780395507812,80.64473724365234,82.135498046875,83.41265869140625,83.6631088256836,84.5706558227539,85.894287109375,87.12869262695312,87.6070785522461,88.09443664550781,89.58379364013672
8,self_attn,q_proj,2,4,5.663402557373047,3.9283969402313232,80.89551544189453,89.73027038574219,68.2568359375,68.2568359375,71.82676696777344,74.33101654052734,75.77164459228516,77.5344009399414,78.17807006835938,80.2293930053711,80.53240966796875,81.23582458496094,83.81253051757812,84.21504211425781,86.18451690673828,86.91255950927734,87.39646911621094,88.1805419921875,89.73027038574219
8,self_attn,q_proj,3,4,5.637938976287842,3.921509027481079,80.50179290771484,89.7536849975586,67.74211120605469,67.74211120605469,69.83277893066406,72.93728637695312,74.5151596069336,77.36235046386719,78.73822784423828,79.45722961425781,81.44096374511719,82.01038360595703,82.7649154663086,84.1971664428711,84.42633819580078,86.83757019042969,87.58428955078125,88.4282455444336,89.7536849975586
8,self_attn,v_proj,0,1,5.453817367553711,3.873506784439087,77.71687316894531,89.25923156738281,62.66972732543945,62.66972732543945,66.04794311523438,68.35826110839844,69.53549194335938,72.43658447265625,75.04493713378906,76.27742767333984,77.6651611328125,79.17395782470703,81.34163665771484,82.08507537841797,83.66035461425781,84.24871063232422,87.06575012207031,88.5997543334961,89.25923156738281
8,self_attn,v_proj,0,2,5.442060470581055,3.869347095489502,77.53298950195312,89.6753158569336,62.80957794189453,62.80957794189453,66.78132629394531,67.7330093383789,69.66850280761719,71.875732421875,73.44879913330078,75.181396484375,77.09503173828125,78.59788513183594,80.28509521484375,82.45912170410156,83.20697784423828,86.06391906738281,87.74423217773438,87.90185546875,89.6753158569336
8,self_attn,v_proj,0,3,5.48214864730835,3.875351667404175,78.08594512939453,89.50562286376953,63.08118438720703,63.08118438720703,65.39443969726562,69.16520690917969,69.98114776611328,70.64347839355469,73.82698822021484,75.87410736083984,78.22901916503906,80.17168426513672,82.81488037109375,84.38874816894531,84.87294006347656,85.99612426757812,86.75901794433594,88.6705093383789,89.50562286376953
8,self_attn,v_proj,0,4,5.433180332183838,3.8709566593170166,77.43856048583984,89.84489440917969,62.555294036865234,62.555294036865234,66.85664367675781,68.74297332763672,70.37019348144531,71.33235168457031,73.43627166748047,74.87097930908203,78.33538055419922,79.72615814208984,80.49554443359375,81.87039947509766,82.93263244628906,84.43011474609375,85.23503112792969,87.98212432861328,89.84489440917969
8,self_attn,v_proj,1,2,5.393614768981934,3.839629650115967,76.62627410888672,89.89591979980469,57.16152572631836,57.16152572631836,59.71465301513672,64.31220245361328,67.25377655029297,73.4693603515625,73.94363403320312,75.7234878540039,77.0506820678711,78.29046630859375,80.24020385742188,82.66226196289062,84.34403228759766,86.56884765625,87.10216522216797,88.28714752197266,89.89591979980469
8,self_attn,v_proj,1,3,5.349960803985596,3.835514783859253,76.06128692626953,88.70536041259766,57.39426803588867,57.39426803588867,62.98093032836914,64.87470245361328,65.8347396850586,69.72644805908203,73.10160827636719,74.7269287109375,76.29946899414062,78.57203674316406,79.40577697753906,83.01567077636719,83.67001342773438,85.27830505371094,86.05769348144531,87.33662414550781,88.70536041259766
8,self_attn,v_proj,1,4,5.373305797576904,3.835347890853882,76.32965087890625,89.59690856933594,53.883792877197266,53.883792877197266,61.212181091308594,66.13961029052734,68.79678344726562,70.16645812988281,72.3563232421875,76.00572967529297,77.46707153320312,78.81596374511719,81.3648681640625,81.73992156982422,83.70986938476562,85.72374725341797,86.31684112548828,87.97840881347656,89.59690856933594
8,self_attn,v_proj,2,3,5.4552106857299805,3.8718957901000977,77.71672058105469,89.59432220458984,62.36058044433594,62.36058044433594,64.1299819946289,68.49691772460938,70.82582092285156,72.89958953857422,74.74266052246094,75.5867919921875,78.29057312011719,79.44780731201172,80.84693145751953,82.01960754394531,83.0489730834961,85.67554473876953,87.2410888671875,88.2603759765625,89.59432220458984
8,self_attn,v_proj,2,4,5.396417617797852,3.8477649688720703,76.74408721923828,88.62226867675781,56.72739028930664,56.72739028930664,62.66746139526367,66.81012725830078,68.36319732666016,71.08338928222656,72.31159210205078,76.71530151367188,78.04102325439453,80.0029067993164,81.0244140625,81.9912338256836,83.2807846069336,85.43153381347656,86.91400146484375,87.91873931884766,88.62226867675781
8,self_attn,v_proj,3,4,5.458094596862793,3.8658785820007324,77.67681884765625,89.63673400878906,56.36475372314453,56.36475372314453,62.62968826293945,69.48880004882812,72.3296127319336,73.55845642089844,76.30084991455078,76.9201889038086,78.17398071289062,79.22036743164062,82.15917205810547,82.86681365966797,84.19483947753906,85.20662689208984,86.14530181884766,87.63285064697266,89.63673400878906
9,mlp,down_proj,0,1,5.801898956298828,3.953248977661133,82.9374771118164,89.66902923583984,70.7811279296875,70.7811279296875,75.53919982910156,76.56462860107422,77.963134765625,81.01864624023438,81.54823303222656,82.21161651611328,83.6326904296875,84.23954010009766,85.13692474365234,85.98283386230469,86.94886779785156,88.21678924560547,88.42726135253906,89.11911010742188,89.66902923583984
9,mlp,down_proj,0,2,5.838663578033447,3.9602887630462646,83.49104309082031,89.61578369140625,71.895751953125,71.895751953125,76.26622772216797,77.87837219238281,80.62516021728516,81.07288360595703,81.7282943725586,83.44781494140625,84.0829849243164,84.66407012939453,85.56192016601562,86.00798034667969,87.01458740234375,88.01231384277344,88.6597900390625,89.32273864746094,89.61578369140625
9,mlp,down_proj,0,3,5.868256092071533,3.965632677078247,83.93600463867188,89.9190444946289,74.3250503540039,74.3250503540039,75.38897705078125,79.62237548828125,81.04488372802734,81.77803802490234,81.98629760742188,83.68527221679688,84.32145690917969,85.96906280517578,86.14517211914062,86.47795104980469,86.99806213378906,87.60149383544922,88.3656234741211,89.34745025634766,89.9190444946289
9,mlp,down_proj,0,4,5.827444076538086,3.957876205444336,83.3195571899414,89.27738952636719,73.27230834960938,73.27230834960938,74.0135269165039,77.05189514160156,78.93476104736328,80.52703857421875,82.21136474609375,83.2619400024414,84.43492889404297,85.00214385986328,86.1385269165039,86.5189208984375,87.21057891845703,87.7723159790039,88.4730224609375,89.01223754882812,89.27738952636719
9,mlp,down_proj,1,2,5.895142078399658,3.9683022499084473,84.32057189941406,89.80915832519531,72.25452423095703,72.25452423095703,78.9914779663086,80.1562271118164,80.80709838867188,82.14205932617188,83.49755096435547,84.11279296875,84.38044738769531,85.31594848632812,86.3016586303711,86.86485290527344,87.57305908203125,88.25819396972656,89.15172576904297,89.51234436035156,89.80915832519531
9,mlp,down_proj,1,3,5.8607072830200195,3.965935707092285,83.83827209472656,89.60751342773438,74.36257934570312,74.36257934570312,77.08240509033203,78.8519058227539,80.40867614746094,82.01419067382812,82.9732437133789,83.4207534790039,83.5159683227539,84.85891723632812,85.64507293701172,86.2303466796875,87.21459197998047,87.37659454345703,88.50419616699219,89.34549713134766,89.60751342773438
9,mlp,down_proj,1,4,5.826871871948242,3.9555797576904297,83.28923797607422,89.69406127929688,71.06414794921875,71.06414794921875,72.9070053100586,77.92913818359375,79.4421615600586,81.26861572265625,82.29476928710938,83.3766098022461,84.88076782226562,85.151123046875,85.8242416381836,86.10720825195312,86.7342758178711,88.2235107421875,88.65988159179688,89.0702896118164,89.69406127929688
9,mlp,down_proj,2,3,5.844922065734863,3.9634218215942383,83.60417175292969,89.42891693115234,73.65839385986328,73.65839385986328,76.26109313964844,79.25079345703125,79.9688720703125,80.84858703613281,82.51571655273438,83.50511932373047,83.84558868408203,84.98130798339844,85.75941467285156,85.84818267822266,87.09017181396484,87.8038330078125,88.1061782836914,88.79460906982422,89.42891693115234
9,mlp,down_proj,2,4,5.8275275230407715,3.958235263824463,83.3237075805664,89.69811248779297,71.72100067138672,71.72100067138672,75.08401489257812,77.99993133544922,79.42178344726562,81.75861358642578,82.07707214355469,82.97174072265625,83.99517059326172,84.43050384521484,85.76170349121094,86.04196166992188,87.02479553222656,87.53229522705078,88.12993621826172,89.53068542480469,89.69811248779297
9,mlp,down_proj,3,4,5.830808639526367,3.9601025581359863,83.38574981689453,89.84317779541016,73.51773071289062,73.51773071289062,76.77395629882812,77.33667755126953,79.09873962402344,80.57234954833984,82.0711441040039,82.56103515625,83.66045379638672,84.2640609741211,85.13872528076172,86.40371704101562,87.17562866210938,87.49565887451172,88.5632095336914,89.6957015991211,89.84317779541016
9,mlp,gate_proj,0,1,5.896822929382324,3.9605960845947266,84.26762390136719,89.85596466064453,68.25035095214844,68.25035095214844,73.98670196533203,79.83806610107422,81.49832153320312,83.48318481445312,84.3566665649414,84.54214477539062,85.96513366699219,86.31483459472656,87.0051498413086,87.57559204101562,87.7107162475586,89.07154083251953,89.260986328125,89.56660461425781,89.85596466064453
9,mlp,gate_proj,0,2,5.907103538513184,3.966303825378418,84.46185302734375,89.52103424072266,71.28549194335938,71.28549194335938,76.33959197998047,78.93807220458984,81.50695037841797,81.86582946777344,84.95280456542969,85.10285949707031,86.02239227294922,86.32608795166016,86.7917251586914,87.38532257080078,88.25764465332031,88.75523376464844,88.97913360595703,89.35945129394531,89.52103424072266
9,mlp,gate_proj,0,3,5.907669544219971,3.9635043144226074,84.44084167480469,89.87641143798828,68.3365707397461,68.3365707397461,75.4415283203125,81.28504943847656,81.60005187988281,82.80879974365234,84.44896697998047,85.11798858642578,85.99845886230469,86.67768096923828,87.17561340332031,87.81798553466797,88.02873992919922,88.62890625,88.7794189453125,89.03136444091797,89.87641143798828
9,mlp,gate_proj,0,4,5.921578884124756,3.964595317840576,84.63880920410156,89.9380874633789,69.1442642211914,69.1442642211914,74.21524047851562,81.18749237060547,82.21311950683594,83.1214370727539,85.85121154785156,85.8610610961914,86.1213607788086,86.32776641845703,87.05789947509766,87.88677215576172,88.33814239501953,88.44036865234375,89.02053833007812,89.49618530273438,89.9380874633789
9,mlp,gate_proj,1,2,5.907825469970703,3.9659500122070312,84.4671630859375,89.8971176147461,69.70030212402344,69.70030212402344,76.90679931640625,79.45844268798828,82.09807586669922,83.91189575195312,84.51444244384766,84.83296966552734,85.35456848144531,86.2052001953125,87.0625991821289,87.41707611083984,87.8607177734375,88.17858123779297,88.58157348632812,89.49425506591797,89.8971176147461
9,mlp,gate_proj,1,3,5.88697624206543,3.9623706340789795,84.15331268310547,89.98897552490234,69.31774139404297,69.31774139404297,75.07682037353516,80.29113006591797,81.38636016845703,82.53059387207031,83.46627807617188,84.69469451904297,85.09701538085938,86.42060852050781,86.93902587890625,87.3415756225586,87.8768539428711,88.2159652709961,88.74278259277344,89.06657409667969,89.98897552490234
9,mlp,gate_proj,1,4,5.900314807891846,3.961827039718628,84.32640838623047,89.79943084716797,68.8836669921875,68.8836669921875,73.56568145751953,80.39472961425781,81.74104309082031,83.85313415527344,84.00328826904297,84.99089050292969,85.77571105957031,86.72753143310547,87.04483795166016,87.61341094970703,88.04724884033203,88.23860168457031,88.87042236328125,89.67286682128906,89.79943084716797
9,mlp,gate_proj,2,3,5.946800708770752,3.9701311588287354,85.03298950195312,89.7597885131836,70.83667755126953,70.83667755126953,76.53843688964844,80.61473083496094,82.83346557617188,84.2369384765625,85.08711242675781,85.65843963623047,86.36701202392578,87.17735290527344,87.72569274902344,88.16920471191406,88.26992797851562,88.6838150024414,89.23641967773438,89.33282470703125,89.7597885131836
9,mlp,gate_proj,2,4,5.9445624351501465,3.970585584640503,85.00666809082031,89.71624755859375,70.51008605957031,70.51008605957031,76.81124114990234,82.16063690185547,83.1932373046875,84.15327453613281,84.73370361328125,85.48371124267578,86.26351165771484,86.68721008300781,87.15594482421875,87.73004913330078,88.33512878417969,88.69043731689453,88.91671752929688,89.56548309326172,89.71624755859375
9,mlp,gate_proj,3,4,5.911108016967773,3.963641405105591,84.48863220214844,89.70887756347656,68.91426086425781,68.91426086425781,74.17803955078125,81.02466583251953,82.37151336669922,83.40194702148438,84.57088470458984,85.44649505615234,86.05207824707031,86.38208770751953,87.0650863647461,87.4989242553711,88.02711486816406,88.66253662109375,89.07830047607422,89.43531036376953,89.70887756347656
9,mlp,up_proj,0,1,5.844289779663086,3.9550161361694336,83.51210021972656,89.6470718383789,66.59707641601562,66.59707641601562,76.40721130371094,78.928955078125,79.97042083740234,81.11058044433594,82.78060150146484,83.72830963134766,84.71419525146484,85.17781829833984,86.07640075683594,87.09432220458984,87.69759368896484,88.3758773803711,88.53791809082031,89.34929656982422,89.6470718383789
9,mlp,up_proj,0,2,5.864436149597168,3.961186408996582,83.83924865722656,89.2404556274414,67.58769989013672,67.58769989013672,78.54154968261719,79.06291198730469,81.66565704345703,82.41624450683594,83.24221801757812,84.88141632080078,85.08421325683594,85.67222595214844,85.82310485839844,86.52778625488281,87.25582885742188,87.34687042236328,88.35887908935547,88.72095489501953,89.2404556274414
9,mlp,up_proj,0,3,5.887470722198486,3.962001323699951,84.1541748046875,89.89340209960938,66.78874206542969,66.78874206542969,79.18827819824219,80.4288101196289,80.53045654296875,83.195556640625,83.88208770751953,84.92437744140625,85.33723449707031,85.78230285644531,86.1432113647461,86.73440551757812,87.09776306152344,87.83067321777344,89.07537078857422,89.63410186767578,89.89340209960938
9,mlp,up_proj,0,4,5.888433456420898,3.9635233879089355,84.18244934082031,89.80086517333984,67.79052734375,67.79052734375,79.17249298095703,80.33814239501953,81.20079803466797,82.33052825927734,83.36508178710938,84.97046661376953,85.33759307861328,86.05030059814453,86.61975860595703,87.2112045288086,87.3327865600586,87.80440521240234,88.25839233398438,89.33586120605469,89.80086517333984
9,mlp,up_proj,1,2,5.886167526245117,3.963254928588867,84.1505126953125,89.96473693847656,68.61772918701172,68.61772918701172,77.84590911865234,80.79936218261719,81.29806518554688,82.02828979492188,82.97986602783203,84.35529327392578,85.00434875488281,85.60529327392578,86.12813568115234,86.95513153076172,88.11437225341797,88.7085952758789,88.80424499511719,89.19873809814453,89.96473693847656
9,mlp,up_proj,1,3,5.879606246948242,3.9626519680023193,84.0562973022461,89.90203857421875,67.94852447509766,67.94852447509766,79.16195678710938,79.81029510498047,81.58236694335938,81.9668197631836,83.15471649169922,83.97589111328125,85.12651062011719,85.94808197021484,86.35675811767578,87.13188171386719,87.36432647705078,87.69001770019531,88.12133026123047,89.65923309326172,89.90203857421875
9,mlp,up_proj,1,4,5.873065948486328,3.960639476776123,83.95049285888672,89.78315734863281,68.30032348632812,68.30032348632812,77.76133728027344,79.61002349853516,80.21564483642578,81.51058197021484,83.31442260742188,83.8731918334961,84.89118957519531,85.41645812988281,86.35672760009766,87.30974578857422,87.58732604980469,88.10114288330078,89.5344009399414,89.64215850830078,89.78315734863281
9,mlp,up_proj,2,3,5.888887882232666,3.9641714096069336,84.19656372070312,89.71868133544922,70.07884979248047,70.07884979248047,76.72956085205078,78.72427368164062,81.63367462158203,83.23333740234375,83.7376480102539,84.52835083007812,85.0249252319336,85.94828033447266,86.3255844116211,86.94266510009766,87.96719360351562,88.20701599121094,88.6982192993164,89.6468276977539,89.71868133544922
9,mlp,up_proj,2,4,5.905694007873535,3.9684336185455322,84.46270751953125,89.58497619628906,71.01026916503906,71.01026916503906,78.65725708007812,80.00440216064453,81.31975555419922,83.24332427978516,83.78861999511719,84.75369262695312,85.47592163085938,85.90216827392578,87.0683364868164,87.25440979003906,87.39869689941406,88.2411117553711,88.54440307617188,89.15603637695312,89.58497619628906
9,mlp,up_proj,3,4,5.886505126953125,3.9650354385375977,84.17298126220703,89.8525619506836,70.248046875,70.248046875,77.9006118774414,80.05323791503906,80.74471282958984,82.25768280029297,83.39588928222656,84.47303771972656,85.054443359375,85.60771179199219,86.25550842285156,86.7019271850586,87.79560089111328,88.1668701171875,88.63231658935547,89.6275405883789,89.8525619506836
9,self_attn,k_proj,0,1,5.143139362335205,3.779533624649048,73.05712890625,89.1831283569336,55.99531936645508,55.99531936645508,59.07762145996094,62.727813720703125,65.23159790039062,67.44044494628906,68.39002227783203,69.3310546875,72.07268524169922,74.01445770263672,75.70327758789062,77.84036254882812,80.27783966064453,81.118408203125,82.9408950805664,87.56905364990234,89.1831283569336
9,self_attn,k_proj,0,2,5.206270217895508,3.7935876846313477,73.93061828613281,89.53512573242188,55.908573150634766,55.908573150634766,58.389461517333984,64.12772369384766,66.04757690429688,68.80451965332031,69.78606414794922,70.38722229003906,70.7998275756836,75.323974609375,77.50001525878906,78.07022857666016,82.64824676513672,83.51042938232422,84.71277618408203,87.33821868896484,89.53512573242188
9,self_attn,k_proj,0,3,5.291418075561523,3.8229072093963623,75.2306900024414,88.86044311523438,55.14506530761719,55.14506530761719,63.373374938964844,64.81690979003906,67.98123168945312,70.46809387207031,70.88455963134766,73.24602508544922,74.78414916992188,77.07940673828125,78.79157257080078,79.2493896484375,80.82548522949219,83.65615844726562,86.78910064697266,87.7400894165039,88.86044311523438
9,self_attn,k_proj,0,4,5.313667297363281,3.8249685764312744,75.51925659179688,89.67188262939453,57.41874694824219,57.41874694824219,62.12130355834961,63.39321517944336,65.09029388427734,70.12152099609375,71.25239562988281,74.9234848022461,75.46687316894531,78.08201599121094,79.494384765625,81.27421569824219,82.36833953857422,84.3299331665039,85.95455932617188,87.34490203857422,89.67188262939453
9,self_attn,k_proj,1,2,5.160802364349365,3.785585641860962,73.32009887695312,87.40971374511719,57.16679382324219,57.16679382324219,57.72554397583008,63.385189056396484,64.26897430419922,67.63084411621094,69.32597351074219,70.56407165527344,72.31695556640625,73.8758773803711,75.93565368652344,79.6383285522461,80.49576568603516,82.11186981201172,84.8951644897461,86.37499237060547,87.40971374511719
9,self_attn,k_proj,1,3,5.136335372924805,3.7670862674713135,72.84518432617188,87.77420043945312,55.180625915527344,55.180625915527344,59.6368293762207,60.64086151123047,61.51667022705078,64.05072021484375,68.25496673583984,68.46355438232422,70.90692901611328,74.64937591552734,77.8687744140625,80.8127212524414,81.81964874267578,82.88400268554688,84.88297271728516,86.18018341064453,87.77420043945312
9,self_attn,k_proj,1,4,5.21654748916626,3.8015429973602295,74.14450073242188,89.64812469482422,59.50358200073242,59.50358200073242,61.759033203125,63.55329513549805,65.2154312133789,68.01526641845703,68.84039306640625,70.73653411865234,72.0773696899414,73.42752075195312,75.65090942382812,79.14978790283203,81.7785415649414,83.24285888671875,86.27130889892578,87.44215393066406,89.64812469482422
9,self_attn,k_proj,2,3,5.243201732635498,3.8097000122070312,74.53054809570312,89.60247802734375,57.47798538208008,57.47798538208008,61.10103988647461,62.5226936340332,66.89369201660156,68.11881256103516,70.09384155273438,74.32921600341797,75.06352996826172,75.9615478515625,76.43556213378906,78.99440002441406,80.26937103271484,83.36902618408203,84.7616195678711,87.49395751953125,89.60247802734375
9,self_attn,k_proj,2,4,5.28714656829834,3.8278708457946777,75.2359848022461,87.79430389404297,59.153751373291016,59.153751373291016,61.14921951293945,66.00648498535156,67.55585479736328,68.87295532226562,71.37834167480469,73.8818130493164,75.2616195678711,77.2655029296875,78.21766662597656,80.10111999511719,81.50166320800781,83.28304290771484,84.79369354248047,87.55867004394531,87.79430389404297
9,self_attn,k_proj,3,4,5.197608470916748,3.7968032360076904,73.86380004882812,89.75183868408203,56.27873229980469,56.27873229980469,61.711669921875,62.35498046875,64.37274932861328,67.83771514892578,70.49126434326172,71.64166259765625,73.57472229003906,75.134521484375,76.8167953491211,77.86786651611328,81.06171417236328,83.64111328125,83.94242858886719,85.34105682373047,89.75183868408203
9,self_attn,o_proj,0,1,5.789858341217041,3.9490480422973633,82.73870849609375,89.71568298339844,71.20037078857422,71.20037078857422,72.02783966064453,76.26368713378906,79.03324127197266,79.75565338134766,80.91809844970703,81.36514282226562,84.07988739013672,84.66057586669922,85.57117462158203,86.34758758544922,87.01898956298828,87.58647155761719,88.92945861816406,89.34553527832031,89.71568298339844
9,self_attn,o_proj,0,2,5.777056694030762,3.9467692375183105,82.5480728149414,89.13005065917969,69.67412567138672,69.67412567138672,72.96028137207031,76.3175048828125,76.8122787475586,79.37489318847656,81.5670166015625,82.52898406982422,83.6972427368164,84.8249740600586,85.48518371582031,86.55323791503906,87.02552032470703,87.37519836425781,88.41038513183594,89.03227233886719,89.13005065917969
9,self_attn,o_proj,0,3,5.728880405426025,3.9356374740600586,81.81009674072266,89.9672622680664,67.235107421875,67.235107421875,70.29640197753906,75.61140441894531,77.75232696533203,78.58582305908203,80.89291381835938,81.41532135009766,82.1225814819336,82.77017974853516,84.4774398803711,86.49288177490234,86.91995239257812,87.4686279296875,87.86914825439453,89.08424377441406,89.9672622680664
9,self_attn,o_proj,0,4,5.696730136871338,3.9320266246795654,81.35909271240234,89.69677734375,66.98237609863281,66.98237609863281,72.51068115234375,74.17730712890625,76.6800537109375,78.64836883544922,79.39881896972656,79.89737701416016,80.95303344726562,83.42420196533203,84.05186462402344,85.2843017578125,85.58365631103516,87.27620697021484,87.76493835449219,89.41552734375,89.69677734375
9,self_attn,o_proj,1,2,5.738133907318115,3.937819004058838,81.95172882080078,89.69032287597656,67.13142395019531,67.13142395019531,72.65744018554688,73.81901550292969,77.05667877197266,79.735107421875,80.43506622314453,81.20098876953125,83.5322494506836,84.4194564819336,85.01861572265625,85.66736602783203,86.2569351196289,87.29541778564453,88.25101470947266,89.06056213378906,89.69032287597656
9,self_attn,o_proj,1,3,5.72222375869751,3.937692165374756,81.74411010742188,89.81636810302734,67.34748840332031,67.34748840332031,73.53533935546875,75.92302703857422,77.1717758178711,78.19124603271484,79.28905487060547,80.89270782470703,81.61566925048828,83.88504028320312,84.89588928222656,85.18394470214844,86.14119720458984,87.3390121459961,88.08087921142578,88.59711456298828,89.81636810302734
9,self_attn,o_proj,1,4,5.731225490570068,3.9393584728240967,81.87896728515625,89.92897033691406,70.19966888427734,70.19966888427734,72.69852447509766,75.21221160888672,75.6131591796875,77.93230438232422,79.6938705444336,80.71048736572266,81.7686538696289,84.00000762939453,85.63864135742188,86.18408966064453,86.70471954345703,87.08341979980469,87.52674102783203,89.16800689697266,89.92897033691406
9,self_attn,o_proj,2,3,5.774775981903076,3.9472177028656006,82.5223388671875,89.0428237915039,70.40943908691406,70.40943908691406,72.23402404785156,75.29366302490234,77.69610595703125,79.93399047851562,82.50224304199219,82.81044006347656,83.4768295288086,84.30973052978516,85.27281951904297,85.82249450683594,87.19387817382812,87.71200561523438,88.0966567993164,88.55030059814453,89.0428237915039
9,self_attn,o_proj,2,4,5.780808448791504,3.9500491619110107,82.62911987304688,89.69647216796875,70.55455017089844,70.55455017089844,74.5185546875,75.6561279296875,78.4887466430664,79.72926330566406,81.65282440185547,82.7513427734375,83.21490478515625,84.49787139892578,84.56560516357422,85.46714782714844,86.58392333984375,87.63943481445312,88.16378021240234,88.8853988647461,89.69647216796875
9,self_attn,o_proj,3,4,5.745949745178223,3.9399404525756836,82.07398986816406,89.73966217041016,67.75074005126953,67.75074005126953,70.72360229492188,77.03740692138672,78.2042007446289,79.40922546386719,79.75384521484375,81.91402435302734,83.04185485839844,83.19799041748047,85.41688537597656,85.84803771972656,86.505126953125,87.50955963134766,88.53231811523438,88.59933471679688,89.73966217041016
9,self_attn,q_proj,0,1,5.530231952667236,3.898658275604248,78.9166259765625,89.50200653076172,66.61311340332031,66.61311340332031,68.54750061035156,69.7766342163086,72.7339096069336,74.81206512451172,76.0611572265625,77.7353744506836,78.35095977783203,78.8695068359375,82.68285369873047,83.42745971679688,84.82870483398438,85.09626770019531,85.72001647949219,87.9084701538086,89.50200653076172
9,self_attn,q_proj,0,2,5.623385906219482,3.913607358932495,80.23670959472656,89.31784057617188,64.72733306884766,64.72733306884766,69.26019287109375,71.10128784179688,74.93144989013672,76.4755630493164,78.75022888183594,79.8480224609375,80.5610580444336,82.56925201416016,83.1107406616211,84.29914855957031,85.48908996582031,86.34541320800781,88.189697265625,88.81089782714844,89.31784057617188
9,self_attn,q_proj,0,3,5.603830337524414,3.9099738597869873,79.95326232910156,89.81424713134766,65.00333404541016,65.00333404541016,68.52658081054688,71.57952117919922,73.76918029785156,77.25221252441406,77.86883544921875,79.28189086914062,80.26261901855469,81.24311828613281,82.61874389648438,83.63127899169922,85.19474029541016,85.74422454833984,88.58309173583984,88.87847900390625,89.81424713134766
9,self_attn,q_proj,0,4,5.664333343505859,3.9245166778564453,80.86997985839844,89.94229125976562,68.55683135986328,68.55683135986328,70.77223205566406,72.10089874267578,74.21880340576172,75.96815490722656,78.53665924072266,81.20418548583984,81.6845474243164,82.68156433105469,83.86604309082031,85.11864471435547,85.7432632446289,86.89326477050781,88.28857421875,88.3436279296875,89.94229125976562
9,self_attn,q_proj,1,2,5.585840225219727,3.9042611122131348,79.67163848876953,89.88459777832031,66.47032165527344,66.47032165527344,68.763427734375,69.48265838623047,72.93815612792969,73.90086364746094,77.31836700439453,78.24447631835938,79.9040756225586,81.39972686767578,82.51410675048828,84.18135833740234,85.62106323242188,86.92568969726562,87.8023910522461,89.39491271972656,89.88459777832031
9,self_attn,q_proj,1,3,5.573457717895508,3.906857490539551,79.53692626953125,89.53741455078125,63.212623596191406,63.212623596191406,70.56407165527344,72.60723876953125,74.98716735839844,75.56865692138672,76.95957946777344,77.93059539794922,80.71649932861328,81.09423828125,81.73509979248047,81.98075866699219,84.5592041015625,85.38601684570312,86.56683349609375,89.18480682373047,89.53741455078125
9,self_attn,q_proj,1,4,5.598221778869629,3.9140684604644775,79.92581939697266,89.61175537109375,68.85252380371094,68.85252380371094,70.35982513427734,72.04286193847656,73.7870864868164,75.09408569335938,76.72207641601562,78.86063385009766,79.57650756835938,80.80690002441406,81.83822631835938,82.98790740966797,84.90582275390625,85.80278778076172,88.23161315917969,89.3324203491211,89.61175537109375
9,self_attn,q_proj,2,3,5.6217827796936035,3.920145034790039,80.2831802368164,89.69542694091797,68.29029083251953,68.29029083251953,70.599609375,73.49637603759766,73.8978042602539,76.58634185791016,78.16312408447266,78.73278045654297,79.57917785644531,82.11426544189453,82.83663177490234,84.6073989868164,84.83670043945312,85.80230712890625,86.4774398803711,88.81521606445312,89.69542694091797
9,self_attn,q_proj,2,4,5.612793922424316,3.9174423217773438,80.14158630371094,88.79059600830078,67.1825180053711,67.1825180053711,70.90361785888672,72.04119873046875,74.609375,75.44264221191406,77.96928405761719,79.05514526367188,80.16032409667969,81.91169738769531,83.54338073730469,84.07811737060547,85.39776611328125,86.01421356201172,86.68531036376953,88.48025512695312,88.79059600830078
9,self_attn,q_proj,3,4,5.562803268432617,3.904350757598877,79.38357543945312,89.26178741455078,67.29467010498047,67.29467010498047,69.22252655029297,72.42546081542969,73.97284698486328,74.36672973632812,75.69843292236328,77.07107543945312,77.8231201171875,78.32494354248047,81.40270233154297,83.90675354003906,85.70712280273438,86.38928985595703,88.07927703857422,89.19039154052734,89.26178741455078
9,self_attn,v_proj,0,1,5.417700290679932,3.8548226356506348,77.07207489013672,89.80670928955078,56.26969909667969,56.26969909667969,62.097774505615234,67.95849609375,71.68404388427734,72.99960327148438,73.9266357421875,75.81969451904297,77.9234619140625,79.90193939208984,80.21223449707031,80.88785552978516,84.11508178710938,85.01689910888672,86.757568359375,87.77555847167969,89.80670928955078
9,self_attn,v_proj,0,2,5.392059803009033,3.845244884490967,76.65696716308594,89.3644027709961,53.89970397949219,53.89970397949219,64.3482894897461,64.49329376220703,70.72926330566406,72.86458587646484,73.83765411376953,75.51414489746094,77.37739562988281,79.3495101928711,79.6944580078125,82.13723754882812,83.57379150390625,84.94794464111328,86.30445098876953,88.07525634765625,89.3644027709961
9,self_attn,v_proj,0,3,5.446882724761963,3.8603837490081787,77.49040222167969,89.95209503173828,58.014583587646484,58.014583587646484,62.322509765625,67.76286315917969,70.79945373535156,72.09126281738281,74.222412109375,77.73035430908203,77.9730453491211,78.96272277832031,81.54251861572266,83.00647735595703,84.28630828857422,85.83282470703125,86.35587310791016,88.99112701416016,89.95209503173828
9,self_attn,v_proj,0,4,5.355112075805664,3.8272862434387207,76.02181243896484,89.36674499511719,52.50753402709961,52.50753402709961,62.158653259277344,62.5785026550293,67.49191284179688,70.14716339111328,74.16568756103516,76.84780883789062,77.35926818847656,78.25176239013672,79.53987121582031,82.41106414794922,83.59571838378906,85.88619232177734,86.37986755371094,87.66121673583984,89.36674499511719
9,self_attn,v_proj,1,2,5.347988128662109,3.836113691329956,76.04446411132812,89.16326904296875,58.68807601928711,58.68807601928711,60.7524528503418,64.3940658569336,68.73917388916016,70.17264556884766,72.12347412109375,74.06681823730469,76.54728698730469,78.02875518798828,80.34848022460938,82.48213195800781,83.34215545654297,84.70828247070312,85.37995910644531,87.77445983886719,89.16326904296875
9,self_attn,v_proj,1,3,5.4481072425842285,3.8666157722473145,77.57548522949219,89.11077880859375,61.149532318115234,61.149532318115234,65.56278991699219,67.36965942382812,68.01057434082031,71.64804077148438,73.73513793945312,77.18270874023438,78.71429443359375,79.19428253173828,80.89350891113281,83.77237701416016,84.26681518554688,85.6383056640625,87.03645324707031,87.9224624633789,89.11077880859375
9,self_attn,v_proj,1,4,5.41032075881958,3.852940797805786,76.9692153930664,89.66551208496094,58.35845947265625,58.35845947265625,61.909976959228516,66.49698638916016,70.29995727539062,72.63481903076172,74.11299133300781,74.85102844238281,77.66989135742188,79.24838256835938,80.3880386352539,82.12005615234375,82.78943634033203,85.12239837646484,87.31857299804688,88.52095794677734,89.66551208496094
9,self_attn,v_proj,2,3,5.392458438873291,3.8541042804718018,76.7685546875,89.09696197509766,58.825172424316406,58.825172424316406,66.22564697265625,68.0359878540039,68.5416259765625,69.97916412353516,73.51127624511719,75.00265502929688,75.95368957519531,78.6679916381836,80.21245574951172,80.6336441040039,84.10247802734375,84.75867462158203,86.3037109375,88.4457778930664,89.09696197509766
9,self_attn,v_proj,2,4,5.372490882873535,3.846789598464966,76.44990539550781,89.20899963378906,57.90080642700195,57.90080642700195,63.27371597290039,67.66606140136719,69.19562530517578,71.13218688964844,73.7645034790039,74.67411041259766,75.9709701538086,76.68441009521484,79.46339416503906,81.89082336425781,83.362060546875,84.78162384033203,85.13178253173828,89.09735107421875,89.20899963378906
9,self_attn,v_proj,3,4,5.418093204498291,3.8584542274475098,77.12384033203125,88.88236999511719,60.459327697753906,60.459327697753906,62.47460174560547,68.15718078613281,69.50432586669922,71.02967071533203,73.74766540527344,76.14884185791016,76.77583312988281,79.22530364990234,80.40234375,82.28433227539062,83.87862396240234,86.25950622558594,87.18695831298828,87.56456756591797,88.88236999511719
10,mlp,down_proj,0,1,5.872107982635498,3.969320058822632,84.02212524414062,89.90204620361328,74.14506530761719,74.14506530761719,79.71659088134766,80.08930206298828,80.9775619506836,82.45464324951172,82.7401123046875,83.7206802368164,84.00971221923828,84.40576934814453,85.22229766845703,86.2141342163086,86.86009216308594,87.5073013305664,87.97776794433594,88.41093444824219,89.90204620361328
10,mlp,down_proj,0,2,5.869692325592041,3.96608829498291,83.95947265625,89.2944564819336,73.96663665771484,73.96663665771484,76.47135925292969,79.35889434814453,80.09569549560547,81.63945007324219,82.96656036376953,84.0246353149414,84.3055191040039,85.66704559326172,85.96182250976562,86.47269439697266,87.47954559326172,88.04647827148438,88.49478912353516,89.10591888427734,89.2944564819336
10,mlp,down_proj,0,3,5.865917682647705,3.965446710586548,83.90338134765625,89.86186218261719,74.77892303466797,74.77892303466797,76.96863555908203,77.5412368774414,80.57048797607422,81.71009826660156,82.39741516113281,83.35840606689453,84.31700897216797,84.9542465209961,85.92491912841797,86.35284423828125,87.2353515625,88.27368927001953,88.84481811523438,89.36408996582031,89.86186218261719
10,mlp,down_proj,0,4,5.864012718200684,3.964210033416748,83.86544799804688,89.74421691894531,72.32029724121094,72.32029724121094,75.87986755371094,79.96092224121094,81.76760864257812,81.95331573486328,82.42312622070312,83.57661437988281,84.27249145507812,84.71680450439453,85.44322967529297,86.25907135009766,87.24956512451172,88.1753921508789,88.89389038085938,89.21060943603516,89.74421691894531
10,mlp,down_proj,1,2,5.868527889251709,3.9648659229278564,83.93183898925781,89.34647369384766,72.02021026611328,72.02021026611328,77.22360229492188,79.6921157836914,80.57752990722656,81.63159942626953,82.49642181396484,84.12911224365234,84.5880355834961,85.16788482666016,85.9005355834961,86.68904113769531,87.91361236572266,88.08554077148438,88.26248168945312,89.18521881103516,89.34647369384766
10,mlp,down_proj,1,3,5.812063694000244,3.9570462703704834,83.10830688476562,89.58463287353516,73.17436981201172,73.17436981201172,74.70356750488281,77.34036254882812,79.66352844238281,80.14053344726562,81.32636260986328,82.12185668945312,83.82955169677734,84.49012756347656,85.21453857421875,86.4113998413086,87.16229248046875,87.72574615478516,88.0565185546875,88.78750610351562,89.58463287353516
10,mlp,down_proj,1,4,5.823031425476074,3.958073139190674,83.26217651367188,89.66487121582031,71.0687026977539,71.0687026977539,75.0293960571289,78.15807342529297,81.41596984863281,81.83135223388672,82.15739440917969,82.52845764160156,83.45674133300781,84.19515991210938,85.38743591308594,85.74761199951172,86.79105377197266,87.29788970947266,88.58942413330078,88.87525939941406,89.66487121582031
10,mlp,down_proj,2,3,5.839714527130127,3.9615540504455566,83.51707458496094,89.78556823730469,73.11558532714844,73.11558532714844,75.18387603759766,78.18058776855469,80.72026824951172,81.37601470947266,82.24639892578125,83.55262756347656,83.94995880126953,84.77835845947266,85.88847351074219,86.13011169433594,87.04073333740234,87.77417755126953,88.20026397705078,88.35017395019531,89.78556823730469
10,mlp,down_proj,2,4,5.862382411956787,3.9643609523773193,83.84561920166016,89.55245971679688,73.8917236328125,73.8917236328125,75.74939727783203,78.81282806396484,79.67877960205078,81.5090560913086,82.81127166748047,83.7254638671875,85.22734069824219,85.4000015258789,85.80640411376953,86.146240234375,87.47477722167969,88.30056762695312,88.53752899169922,88.90597534179688,89.55245971679688
10,mlp,down_proj,3,4,5.837190628051758,3.959106206893921,83.4603271484375,89.76707458496094,72.74347686767578,72.74347686767578,74.2160873413086,77.059814453125,80.40035247802734,81.71244812011719,82.21166229248047,83.52845764160156,83.9747543334961,84.91902160644531,85.72815704345703,86.40628051757812,86.71800231933594,88.01126861572266,88.38211059570312,89.58636474609375,89.76707458496094
10,mlp,gate_proj,0,1,5.9273152351379395,3.971165657043457,84.77947998046875,89.77262115478516,71.125,71.125,78.56086730957031,81.90758514404297,82.56312561035156,83.46519470214844,84.30767822265625,84.94349670410156,85.7392578125,86.12249755859375,86.61742401123047,87.28257751464844,87.93182373046875,88.34281921386719,88.78297424316406,89.00672149658203,89.77262115478516
10,mlp,gate_proj,0,2,5.972780227661133,3.9755656719207764,85.4366683959961,89.82484436035156,71.35017395019531,71.35017395019531,79.92655181884766,82.97444152832031,83.396728515625,84.89907836914062,85.07852935791016,85.63420867919922,86.3351058959961,86.58715057373047,87.4893569946289,87.92086791992188,88.07606506347656,88.66854095458984,89.19892883300781,89.62615966796875,89.82484436035156
10,mlp,gate_proj,0,3,5.952284336090088,3.973461151123047,85.13916015625,89.72126770019531,71.97793579101562,71.97793579101562,78.5796127319336,81.52729797363281,82.94194793701172,83.79927825927734,85.28668212890625,85.65850067138672,85.71741485595703,86.18660736083984,87.15824890136719,87.74567413330078,88.0096435546875,88.99800109863281,89.34712219238281,89.57128143310547,89.72126770019531
10,mlp,gate_proj,0,4,5.933089256286621,3.9674232006073,84.82093811035156,89.72120666503906,69.43440246582031,69.43440246582031,75.31037139892578,81.82295227050781,83.32586669921875,84.34525299072266,84.92417907714844,85.39873504638672,86.25652313232422,86.89547729492188,87.04239654541016,87.30741882324219,88.13385009765625,88.40078735351562,89.37965393066406,89.43601989746094,89.72120666503906
10,mlp,gate_proj,1,2,5.9649529457092285,3.9753966331481934,85.32919311523438,89.96672821044922,72.08708190917969,72.08708190917969,80.14697265625,81.9482650756836,83.57987976074219,84.06928253173828,84.78350830078125,85.22599792480469,85.61125183105469,86.49151611328125,87.638427734375,87.938720703125,88.01342010498047,88.99334716796875,89.21910095214844,89.55347442626953,89.96672821044922
10,mlp,gate_proj,1,3,5.929775714874268,3.9728989601135254,84.82962036132812,89.56983184814453,72.55123901367188,72.55123901367188,78.8896484375,81.28588104248047,82.61002349853516,83.46760559082031,84.18028259277344,85.2103042602539,85.75968933105469,86.06837463378906,86.71737670898438,86.96651458740234,87.81082153320312,88.33674621582031,88.71578979492188,89.13385009765625,89.56983184814453
10,mlp,gate_proj,1,4,5.923971176147461,3.9674201011657715,84.69892883300781,89.59660339355469,70.63348388671875,70.63348388671875,75.80007934570312,80.10591888427734,81.83317565917969,83.69197082519531,84.66840362548828,85.90725708007812,86.24874877929688,86.50922393798828,87.27543640136719,87.54973602294922,88.34346008300781,88.66226196289062,89.01446533203125,89.34259796142578,89.59660339355469
10,mlp,gate_proj,2,3,5.9508161544799805,3.973945379257202,85.12383270263672,89.80213165283203,71.97796630859375,71.97796630859375,80.60340118408203,80.87648010253906,82.5166244506836,83.49461364746094,84.36186981201172,85.49862670898438,85.7950210571289,86.75460052490234,87.12815856933594,87.59297943115234,88.35272216796875,88.56646728515625,89.0782699584961,89.58136749267578,89.80213165283203
10,mlp,gate_proj,2,4,5.955655097961426,3.9732165336608887,85.1816635131836,89.84828186035156,70.51904296875,70.51904296875,79.98451232910156,81.88951873779297,83.20376586914062,84.40029907226562,84.95553588867188,85.51473999023438,86.06629180908203,86.3676528930664,87.1248550415039,87.86700439453125,88.13587188720703,88.3690414428711,89.07325744628906,89.5869140625,89.84828186035156
10,mlp,gate_proj,3,4,5.944019317626953,3.970041513442993,84.994873046875,89.85214233398438,71.24983978271484,71.24983978271484,77.07050323486328,79.3981704711914,83.15641021728516,84.10935974121094,84.18172454833984,85.88615417480469,86.87588500976562,86.89576721191406,87.24064636230469,87.4317626953125,88.56855773925781,88.84658813476562,89.52154541015625,89.63279724121094,89.85214233398438
10,mlp,up_proj,0,1,5.919885158538818,3.971052408218384,84.67971801757812,89.8127212524414,74.6730728149414,74.6730728149414,76.62548065185547,79.92955017089844,81.66825103759766,82.31724548339844,83.65036010742188,84.75788116455078,85.28731536865234,86.22303009033203,86.9924087524414,87.84043884277344,88.13866424560547,88.61797332763672,89.0111083984375,89.33008575439453,89.8127212524414
10,mlp,up_proj,0,2,5.961082935333252,3.9782016277313232,85.30364227294922,89.6156997680664,74.70269775390625,74.70269775390625,79.8434829711914,81.91334533691406,83.18411254882812,84.3189926147461,84.6410903930664,85.96229553222656,86.46710968017578,86.57881927490234,87.0795669555664,87.33966827392578,87.7222671508789,88.16181945800781,88.5395736694336,88.78767395019531,89.6156997680664
10,mlp,up_proj,0,3,5.889517307281494,3.9680492877960205,84.2427978515625,89.35519409179688,72.9543228149414,72.9543228149414,76.98407745361328,79.48147583007812,81.76151275634766,82.85518646240234,83.52090454101562,84.22312927246094,84.34854125976562,86.16826629638672,86.43624114990234,86.71092987060547,87.36736297607422,87.76874542236328,88.75631713867188,89.19245910644531,89.35519409179688
10,mlp,up_proj,0,4,5.919802188873291,3.9714903831481934,84.68246459960938,89.57508087158203,73.64813995361328,73.64813995361328,78.9372787475586,79.0770263671875,80.93942260742188,83.49110412597656,83.96373748779297,84.72069549560547,85.52758026123047,86.17942810058594,86.86618041992188,87.41120147705078,87.86820220947266,88.76907348632812,88.83850860595703,89.10668182373047,89.57508087158203
10,mlp,up_proj,1,2,5.912084579467773,3.9706122875213623,84.57049560546875,89.86927795410156,74.2787094116211,74.2787094116211,77.58734893798828,79.24992370605469,81.39146423339844,82.94365692138672,83.12031555175781,84.6419448852539,85.44359588623047,86.0141372680664,86.39139556884766,87.69100952148438,87.93589782714844,88.62552642822266,88.84388732910156,89.09982299804688,89.86927795410156
10,mlp,up_proj,1,3,5.8597259521484375,3.9628920555114746,83.79600524902344,89.93734741210938,72.83529663085938,72.83529663085938,74.83384704589844,79.74222564697266,81.03227233886719,81.52955627441406,81.87975311279297,83.12928771972656,84.70271301269531,85.29690551757812,85.70049285888672,86.80120086669922,87.55525207519531,87.78919219970703,88.66754913330078,89.30320739746094,89.93734741210938
10,mlp,up_proj,1,4,5.872854709625244,3.9641199111938477,83.9822998046875,89.91899108886719,72.64594268798828,72.64594268798828,73.73934936523438,80.76014709472656,81.21080780029297,82.7788314819336,83.16587829589844,84.1735610961914,84.59701538085938,85.36180114746094,85.8446273803711,86.65558624267578,86.89375305175781,88.01602935791016,88.47512817382812,89.47938537597656,89.91899108886719
10,mlp,up_proj,2,3,5.924473285675049,3.973123788833618,84.76070404052734,89.93328857421875,74.1092529296875,74.1092529296875,77.48326873779297,81.80209350585938,82.6005630493164,83.35617065429688,84.05486297607422,84.55118560791016,84.87117767333984,85.990966796875,86.62134552001953,87.09119415283203,87.83890533447266,87.98663330078125,88.7158432006836,89.16446685791016,89.93328857421875
10,mlp,up_proj,2,4,5.924524307250977,3.9726102352142334,84.75670623779297,89.4991455078125,74.641357421875,74.641357421875,76.68396759033203,80.84225463867188,82.66227722167969,82.93639373779297,84.30646514892578,84.98922729492188,85.5278549194336,85.70649719238281,86.40982818603516,86.92618560791016,87.81209564208984,88.59378814697266,89.19574737548828,89.37420654296875,89.4991455078125
10,mlp,up_proj,3,4,5.8896636962890625,3.9674041271209717,84.2386703491211,89.96551513671875,73.43984985351562,73.43984985351562,75.06038665771484,81.01171875,81.37859344482422,82.80796813964844,83.83285522460938,84.32166290283203,84.79349517822266,85.33686065673828,85.84054565429688,86.44667053222656,87.29156494140625,87.79328918457031,88.81358337402344,89.68424224853516,89.96551513671875
10,self_attn,k_proj,0,1,5.233353614807129,3.7896039485931396,74.20594787597656,89.36358642578125,56.876434326171875,56.876434326171875,58.15265655517578,60.34749221801758,64.22691345214844,65.82279205322266,69.54299926757812,70.89241790771484,73.32076263427734,74.84232330322266,80.10919189453125,81.98401641845703,82.36592102050781,84.87525177001953,85.95564270019531,88.61675262451172,89.36358642578125
10,self_attn,k_proj,0,2,5.2863287925720215,3.8198344707489014,75.14663696289062,89.39302825927734,59.394039154052734,59.394039154052734,61.197288513183594,63.28700637817383,66.81639099121094,68.60334777832031,69.4439468383789,71.6641616821289,75.33290100097656,77.99623107910156,79.65742492675781,81.23535919189453,81.60198211669922,83.67181396484375,85.01985931396484,88.03143310546875,89.39302825927734
10,self_attn,k_proj,0,3,5.319571495056152,3.81400203704834,75.46530151367188,89.0881576538086,52.66011428833008,52.66011428833008,61.849510192871094,62.234619140625,66.66728210449219,68.61795043945312,70.96088409423828,73.40070343017578,76.31531524658203,78.34239196777344,79.28333282470703,82.12617492675781,84.66764068603516,85.58062744140625,87.22286987304688,88.42720794677734,89.0881576538086
10,self_attn,k_proj,0,4,5.30745267868042,3.815001964569092,75.34059143066406,89.64378356933594,57.380287170410156,57.380287170410156,59.59659194946289,61.68560791015625,64.42192077636719,68.98692321777344,70.63005828857422,74.03883361816406,75.71534729003906,79.38754272460938,80.39627075195312,81.9132080078125,81.9393539428711,85.68379211425781,86.3398666381836,87.69011688232422,89.64378356933594
10,self_attn,k_proj,1,2,5.291250705718994,3.822516918182373,75.22599029541016,89.29722595214844,56.87120819091797,56.87120819091797,62.07042694091797,63.80326461791992,65.94275665283203,69.5520248413086,71.48011779785156,74.52293395996094,76.1831283569336,77.65108489990234,77.89276885986328,80.70709991455078,81.510986328125,84.08264923095703,85.72500610351562,86.32319641113281,89.29722595214844
10,self_attn,k_proj,1,3,5.322267055511475,3.828185558319092,75.6517562866211,89.90771484375,55.53030014038086,55.53030014038086,62.53879165649414,65.08805847167969,67.18215942382812,69.68064880371094,73.53804016113281,75.0336685180664,75.12244415283203,76.43099975585938,79.53411865234375,80.32844543457031,82.31622314453125,84.16425323486328,85.87577819824219,88.15642547607422,89.90771484375
10,self_attn,k_proj,1,4,5.292606353759766,3.810124397277832,75.11421966552734,89.56991577148438,56.928794860839844,56.928794860839844,58.55738830566406,63.273555755615234,64.81062316894531,67.61507415771484,69.93795013427734,71.9576187133789,77.7896957397461,78.56028747558594,79.60050201416016,81.202392578125,82.08985900878906,84.76653289794922,87.13748168945312,88.02982330322266,89.56991577148438
10,self_attn,k_proj,2,3,5.25543737411499,3.8121747970581055,74.7015380859375,89.55845642089844,57.9694938659668,57.9694938659668,60.96721267700195,63.82981491088867,65.14879608154297,69.32888793945312,70.56682586669922,72.13876342773438,74.81008911132812,75.56098937988281,78.92919921875,79.70719909667969,81.05517578125,82.13890838623047,85.45723724365234,88.05760955810547,89.55845642089844
10,self_attn,k_proj,2,4,5.167336463928223,3.7748258113861084,73.27745056152344,89.16033172607422,54.83082962036133,54.83082962036133,57.15524673461914,60.22224044799805,63.423431396484375,65.47187042236328,69.8834457397461,71.11795043945312,73.25558471679688,76.06405639648438,78.11554718017578,78.57613372802734,79.14391326904297,83.64056396484375,83.90194702148438,88.47608184814453,89.16033172607422
10,self_attn,k_proj,3,4,5.253399848937988,3.8066117763519287,74.61424255371094,88.98973846435547,55.14979934692383,55.14979934692383,60.345619201660156,62.92933654785156,67.52672576904297,68.82636260986328,71.19120788574219,72.86280059814453,74.37753295898438,75.15711212158203,76.0037612915039,78.98916625976562,83.0487060546875,84.32323455810547,85.92338562011719,88.18333435058594,88.98973846435547
10,self_attn,o_proj,0,1,5.841541767120361,3.962536573410034,83.55143737792969,89.91776275634766,75.23483276367188,75.23483276367188,76.60128021240234,77.68560791015625,78.29418182373047,81.2147445678711,82.29076385498047,83.07562255859375,83.4249038696289,84.69913482666016,85.41168212890625,86.35792541503906,87.22392272949219,87.64250183105469,88.22650146484375,89.5216293334961,89.91776275634766
10,self_attn,o_proj,0,2,5.795958995819092,3.9553513526916504,82.87974548339844,89.40129089355469,72.89498901367188,72.89498901367188,75.41189575195312,77.26679992675781,78.2988052368164,80.62683868408203,81.0543441772461,81.66670989990234,83.04344177246094,84.42542266845703,84.70259094238281,86.13485717773438,86.93730163574219,87.47367095947266,87.9117202758789,88.82518768310547,89.40129089355469
10,self_attn,o_proj,0,3,5.860968589782715,3.9648072719573975,83.83125305175781,89.70451354980469,74.48316955566406,74.48316955566406,76.20452880859375,79.19367218017578,80.01820373535156,80.93913269042969,82.3202896118164,83.25423431396484,84.40538024902344,84.6323013305664,86.29569244384766,86.66944885253906,87.17420196533203,87.83788299560547,88.88719177246094,89.2801284790039,89.70451354980469
10,self_attn,o_proj,0,4,5.8227128982543945,3.9593963623046875,83.2717514038086,89.98822021484375,74.2735595703125,74.2735595703125,76.27192687988281,76.45660400390625,78.99462890625,79.92122650146484,81.82111358642578,83.29200744628906,83.64066314697266,84.49720001220703,85.82178497314453,86.45895385742188,86.67926788330078,87.37198638916016,88.12551879882812,88.73338317871094,89.98822021484375
10,self_attn,o_proj,1,2,5.795206546783447,3.9551444053649902,82.86746215820312,89.62615966796875,71.92921447753906,71.92921447753906,74.98395538330078,78.32778930664062,79.39485168457031,80.34590148925781,81.13297271728516,81.50361633300781,83.66454315185547,84.08360290527344,84.37605285644531,85.93441772460938,86.7096939086914,87.04546356201172,88.28401184082031,88.5371322631836,89.62615966796875
10,self_attn,o_proj,1,3,5.84735107421875,3.966891050338745,83.66961669921875,89.70867156982422,76.0195541381836,76.0195541381836,78.18775939941406,79.10506439208984,80.3808822631836,81.67288208007812,82.03133392333984,82.69056701660156,83.26376342773438,84.3414077758789,85.0841293334961,85.7906265258789,87.02362823486328,87.30359649658203,87.83724212646484,88.27268981933594,89.70867156982422
10,self_attn,o_proj,1,4,5.811948776245117,3.957104444503784,83.10777282714844,89.98919677734375,73.34934997558594,73.34934997558594,75.63274383544922,77.94993591308594,79.24186706542969,79.90164184570312,80.91609954833984,81.42557525634766,83.37418365478516,83.96646881103516,85.23184204101562,85.83888244628906,87.05743408203125,87.9367446899414,88.3939437866211,89.51842498779297,89.98919677734375
10,self_attn,o_proj,2,3,5.849879264831543,3.964067220687866,83.67667388916016,89.89984893798828,74.76205444335938,74.76205444335938,76.59832763671875,78.93927001953125,80.01802062988281,80.89952850341797,81.77942657470703,83.0271224975586,83.58769989013672,84.24149322509766,85.87300872802734,86.48269653320312,86.8648910522461,88.3171615600586,88.46134185791016,89.07490539550781,89.89984893798828
10,self_attn,o_proj,2,4,5.792562961578369,3.9547526836395264,82.82929992675781,89.9368896484375,73.27306365966797,73.27306365966797,74.91515350341797,76.29932403564453,78.69561004638672,79.93684387207031,81.5106201171875,81.87019348144531,84.12349700927734,84.39054107666016,84.94647979736328,85.31268310546875,86.62484741210938,87.43341827392578,87.5231704711914,88.47635650634766,89.9368896484375
10,self_attn,o_proj,3,4,5.83292293548584,3.960017204284668,83.41285705566406,89.90045928955078,74.62708282470703,74.62708282470703,75.31011199951172,75.81475830078125,79.755859375,80.95524597167969,82.240234375,83.30448150634766,83.66111755371094,85.1334228515625,85.48220825195312,86.07807159423828,87.2322769165039,87.50064849853516,88.43266296386719,89.1771011352539,89.90045928955078
10,self_attn,q_proj,0,1,5.608408451080322,3.9142587184906006,80.05413818359375,89.58050537109375,65.64251708984375,65.64251708984375,70.19548797607422,73.01521301269531,74.53080749511719,76.3543472290039,76.75141906738281,78.40714263916016,80.09207153320312,82.41986846923828,82.72660827636719,83.75516510009766,85.30096435546875,86.42219543457031,87.16293334960938,88.50895690917969,89.58050537109375
10,self_attn,q_proj,0,2,5.604940414428711,3.9157235622406006,80.02377319335938,89.24007415771484,64.98387145996094,64.98387145996094,72.53511047363281,72.865234375,75.18702697753906,76.00405883789062,77.3433609008789,78.76763153076172,79.78604125976562,81.06038665771484,82.07069396972656,83.55030822753906,85.14317321777344,86.54009246826172,87.46802520751953,87.8353042602539,89.24007415771484
10,self_attn,q_proj,0,3,5.623191833496094,3.920579195022583,80.30616760253906,89.98382568359375,69.71458435058594,69.71458435058594,70.28473663330078,73.0452880859375,74.14057922363281,76.57862854003906,77.05311584472656,78.66371154785156,79.76612854003906,81.95598602294922,83.1014633178711,84.09599304199219,84.80784606933594,85.86569213867188,87.057861328125,88.78315734863281,89.98382568359375
10,self_attn,q_proj,0,4,5.588726043701172,3.912151575088501,79.78502655029297,89.82450103759766,67.88707733154297,67.88707733154297,68.84590911865234,72.2782974243164,73.62712860107422,75.4658203125,77.11100006103516,78.38823699951172,80.44803619384766,81.40514373779297,81.94820404052734,83.75586700439453,85.36890411376953,86.18504333496094,86.70954895019531,87.3116455078125,89.82450103759766
10,self_attn,q_proj,1,2,5.619952201843262,3.91591215133667,80.21776580810547,89.96023559570312,65.66207885742188,65.66207885742188,71.05397033691406,73.08789825439453,74.69613647460938,76.43209075927734,76.70531463623047,79.21602630615234,79.78541564941406,82.29707336425781,82.71454620361328,83.06663513183594,85.10352325439453,86.15946197509766,87.95930480957031,89.58451843261719,89.96023559570312
10,self_attn,q_proj,1,3,5.558635234832764,3.897813558578491,79.25753021240234,89.7000503540039,61.75161361694336,61.75161361694336,66.2443618774414,71.70138549804688,74.65414428710938,74.99983215332031,77.45307159423828,79.39950561523438,79.44719696044922,80.53897857666016,82.62591552734375,84.5877456665039,84.94422912597656,86.07701110839844,86.37187957763672,87.62361907958984,89.7000503540039
10,self_attn,q_proj,1,4,5.582873344421387,3.904064178466797,79.63094329833984,89.91707611083984,63.765987396240234,63.765987396240234,71.21141052246094,71.99779510498047,73.37360382080078,74.66403198242188,74.86479187011719,76.3720932006836,80.55657958984375,81.30809783935547,82.58934783935547,83.56993103027344,86.1739501953125,86.69965362548828,88.14242553710938,88.88829040527344,89.91707611083984
10,self_attn,q_proj,2,3,5.616061210632324,3.9207141399383545,80.2164535522461,89.48487854003906,69.24253845214844,69.24253845214844,70.318359375,73.82679748535156,75.02366638183594,76.61109161376953,78.31171417236328,78.81249237060547,79.58497619628906,79.82453918457031,82.07559204101562,82.95762634277344,85.2347412109375,86.07621002197266,87.27389526367188,88.80413818359375,89.48487854003906
10,self_attn,q_proj,2,4,5.6093010902404785,3.9159352779388428,80.08363342285156,89.89810943603516,66.8830795288086,66.8830795288086,71.61132049560547,73.2914810180664,74.70572662353516,75.34249114990234,76.18801879882812,78.1865234375,80.17910766601562,80.76716613769531,82.64691925048828,83.84717559814453,85.002197265625,86.1883773803711,87.81396484375,88.78653717041016,89.89810943603516
10,self_attn,q_proj,3,4,5.585240840911865,3.911654472351074,79.73401641845703,89.44306182861328,64.8585433959961,64.8585433959961,70.63693237304688,73.15943908691406,74.96460723876953,75.92683410644531,76.38089752197266,78.18315124511719,79.82921600341797,82.1610107421875,82.3331298828125,83.77488708496094,84.1941146850586,85.52283477783203,86.5897216796875,87.78592681884766,89.44306182861328
10,self_attn,v_proj,0,1,5.344213485717773,3.8421239852905273,76.06561279296875,89.51766967773438,60.91427993774414,60.91427993774414,62.5575065612793,65.30998229980469,68.45489501953125,69.1912612915039,73.18782043457031,74.24232482910156,76.1721420288086,78.39729309082031,79.07264709472656,80.25716400146484,82.48551940917969,84.57814025878906,85.93914031982422,86.7721176147461,89.51766967773438
10,self_attn,v_proj,0,2,5.338686466217041,3.837961435317993,75.95184326171875,89.8394546508789,57.277469635009766,57.277469635009766,63.260990142822266,65.4577407836914,68.8091812133789,71.3691177368164,72.59696960449219,74.48871612548828,76.01089477539062,78.09488677978516,78.3079605102539,79.39301300048828,83.1662368774414,84.0267333984375,85.2434310913086,87.88673400878906,89.8394546508789
10,self_attn,v_proj,0,3,5.357059478759766,3.8467118740081787,76.26610565185547,89.50166320800781,59.32630157470703,59.32630157470703,65.5367431640625,65.79139709472656,68.7176284790039,70.77664184570312,71.59751892089844,74.30693817138672,76.96406555175781,78.22715759277344,79.34129333496094,80.40234375,82.22669982910156,84.5239028930664,85.56287384033203,87.45453643798828,89.50166320800781
10,self_attn,v_proj,0,4,5.414981365203857,3.8587539196014404,77.09315490722656,89.01859283447266,62.2798957824707,62.2798957824707,63.95198059082031,67.46150970458984,67.98332214355469,70.06417083740234,73.32615661621094,75.3452377319336,77.32337951660156,79.32420349121094,80.19309997558594,81.94483184814453,84.16275024414062,85.74066162109375,87.0572280883789,88.3133544921875,89.01859283447266
10,self_attn,v_proj,1,2,5.449613571166992,3.859004259109497,77.50511932373047,89.71514129638672,55.859615325927734,55.859615325927734,63.683868408203125,67.72045135498047,69.44015502929688,72.60140991210938,76.2653579711914,76.9869613647461,77.94410705566406,79.8232650756836,80.90164947509766,82.09954071044922,85.22999572753906,86.21772003173828,87.54314422607422,88.049560546875,89.71514129638672
10,self_attn,v_proj,1,3,5.344145774841309,3.8358614444732666,75.9968490600586,88.99010467529297,58.600608825683594,58.600608825683594,62.310813903808594,63.47160720825195,67.43800354003906,70.08192443847656,73.57731628417969,75.56593322753906,75.84960174560547,77.66236114501953,80.15702819824219,80.25130462646484,82.27690124511719,84.79695892333984,86.98229217529297,87.93687438964844,88.99010467529297
10,self_attn,v_proj,1,4,5.329209804534912,3.825166940689087,75.71034240722656,88.2520980834961,59.29767608642578,59.29767608642578,59.843109130859375,62.93119430541992,67.77645874023438,68.23391723632812,71.47071838378906,73.56716918945312,74.94806671142578,76.87300872802734,79.6181411743164,82.09822082519531,85.34188079833984,86.10670471191406,87.20586395263672,87.80130767822266,88.2520980834961
10,self_attn,v_proj,2,3,5.465852737426758,3.87677264213562,77.89443969726562,89.13069915771484,61.17808151245117,61.17808151245117,67.1138687133789,67.91773986816406,70.5845947265625,72.47004699707031,75.71711730957031,77.45746612548828,78.35317993164062,79.68031311035156,80.6368179321289,83.4014892578125,84.58435821533203,85.15279388427734,86.3504638671875,86.58209228515625,89.13069915771484
10,self_attn,v_proj,2,4,5.472200393676758,3.872468948364258,77.92510223388672,89.3597183227539,59.384063720703125,59.384063720703125,63.38165283203125,69.60590362548828,71.03850555419922,73.46817016601562,75.4893798828125,78.27310943603516,79.10912322998047,79.3253173828125,81.42236328125,81.95177459716797,84.11764526367188,85.72673797607422,87.0291748046875,88.11897277832031,89.3597183227539
10,self_attn,v_proj,3,4,5.379960536956787,3.8493998050689697,76.56848907470703,89.56355285644531,59.596553802490234,59.596553802490234,62.6240119934082,65.69991302490234,70.07220458984375,72.08341979980469,74.43452453613281,74.96298217773438,76.03285217285156,77.3873062133789,78.89115905761719,80.7724838256836,83.64932250976562,84.9422607421875,85.64582824707031,88.73749542236328,89.56355285644531
11,mlp,down_proj,0,1,5.845028400421143,3.9590437412261963,83.5640640258789,89.98588562011719,72.17669677734375,72.17669677734375,75.14766693115234,77.66605377197266,78.7662582397461,81.190185546875,82.4123764038086,82.76010131835938,84.35270690917969,85.46251678466797,86.3973617553711,86.95829010009766,87.38011932373047,88.35318756103516,88.90062713623047,89.11495208740234,89.98588562011719
11,mlp,down_proj,0,2,5.8241190910339355,3.958307981491089,83.27928161621094,89.29017639160156,72.27820587158203,72.27820587158203,75.26222229003906,76.89216613769531,78.97093200683594,80.9641342163086,83.03337097167969,83.8752212524414,84.05377197265625,84.82870483398438,86.01210021972656,86.13166046142578,86.93016052246094,87.01821899414062,87.85633850097656,89.07107543945312,89.29017639160156
11,mlp,down_proj,0,3,5.863862991333008,3.9642817974090576,83.86451721191406,89.54450225830078,73.11845397949219,73.11845397949219,76.18277740478516,78.6788558959961,81.47419738769531,81.7274169921875,82.43831634521484,83.27655792236328,84.48126983642578,84.92571258544922,85.63450622558594,86.29747772216797,87.23741912841797,88.00298309326172,89.27740478515625,89.53436279296875,89.54450225830078
11,mlp,down_proj,0,4,5.852887153625488,3.963186264038086,83.70732879638672,89.45045471191406,72.02413940429688,72.02413940429688,76.26628875732422,79.16533660888672,80.95237731933594,81.7962646484375,82.97211456298828,83.7765884399414,84.17713165283203,84.65184020996094,85.6096420288086,86.6901626586914,86.90087890625,87.23722076416016,88.55204010009766,89.09485626220703,89.45045471191406
11,mlp,down_proj,1,2,5.8404741287231445,3.962036371231079,83.53160095214844,89.16622924804688,73.04718780517578,73.04718780517578,75.33301544189453,77.96614837646484,80.58338928222656,82.16795349121094,83.0842056274414,83.44190216064453,84.2779312133789,84.51560974121094,85.17559814453125,86.27970886230469,86.77872467041016,87.78385925292969,88.0364761352539,88.86769104003906,89.16622924804688
11,mlp,down_proj,1,3,5.83474588394165,3.962010622024536,83.4556655883789,89.8992691040039,73.27116394042969,73.27116394042969,76.01244354248047,79.50321960449219,80.58769989013672,81.11812591552734,82.30084228515625,82.7691421508789,83.5064697265625,84.22197723388672,84.40216064453125,86.06170654296875,86.64911651611328,87.36184692382812,88.45891571044922,89.1665267944336,89.8992691040039
11,mlp,down_proj,1,4,5.798638343811035,3.955840587615967,82.91941833496094,89.75779724121094,72.72393798828125,72.72393798828125,74.51939392089844,76.93374633789062,80.1125259399414,81.19905090332031,82.16299438476562,82.62351989746094,83.34475708007812,83.59231567382812,84.37410736083984,84.89793395996094,85.97208404541016,86.4466552734375,88.80937957763672,89.24042510986328,89.75779724121094
11,mlp,down_proj,2,3,5.858972549438477,3.963688373565674,83.79426574707031,89.90625,74.82717895507812,74.82717895507812,76.31155395507812,77.70614624023438,79.69889068603516,81.06781005859375,81.87530517578125,82.32343292236328,84.47323608398438,85.69481658935547,86.19374084472656,86.98931121826172,87.9102783203125,88.07608032226562,88.51429748535156,89.13993072509766,89.90625
11,mlp,down_proj,2,4,5.865696430206299,3.961453914642334,83.86222839355469,89.81969451904297,72.72187042236328,72.72187042236328,75.06470489501953,76.81310272216797,81.08549499511719,81.25837707519531,82.27078247070312,83.8978500366211,84.839599609375,85.65888977050781,85.9580307006836,87.24253845214844,87.43592071533203,88.98030090332031,89.13055419921875,89.61790466308594,89.81969451904297
11,mlp,down_proj,3,4,5.806781768798828,3.9579124450683594,83.04684448242188,89.90264892578125,73.46708679199219,73.46708679199219,75.37934112548828,78.38837432861328,79.314453125,80.30091857910156,81.32471466064453,82.45227813720703,83.1671371459961,83.60295867919922,84.72598266601562,86.09137725830078,86.87155151367188,87.2607192993164,87.73249053955078,88.76750946044922,89.90264892578125
11,mlp,gate_proj,0,1,5.921274662017822,3.9706969261169434,84.69462585449219,89.9113998413086,74.47183990478516,74.47183990478516,74.68199920654297,81.80168914794922,81.8862075805664,83.25210571289062,84.0420913696289,84.28834533691406,85.38114929199219,86.66950988769531,86.92240905761719,87.40226745605469,88.03414916992188,88.51498413085938,88.74832916259766,89.1055908203125,89.9113998413086
11,mlp,gate_proj,0,2,5.914422512054443,3.9715683460235596,84.61067199707031,89.35472106933594,74.2792739868164,74.2792739868164,76.80018615722656,80.02200317382812,82.42662048339844,82.72687530517578,84.75299835205078,84.80196380615234,85.38887023925781,85.89885711669922,86.40052795410156,87.67961883544922,87.85401916503906,87.95770263671875,88.24825286865234,89.17826080322266,89.35472106933594
11,mlp,gate_proj,0,3,5.926964282989502,3.9713759422302246,84.7781982421875,89.79410552978516,75.29749298095703,75.29749298095703,75.73448944091797,79.58352661132812,81.21831512451172,83.00074768066406,84.31167602539062,85.0406265258789,86.06737518310547,86.78752136230469,86.86083221435547,87.39329528808594,88.01236724853516,88.78213500976562,89.23401641845703,89.33262634277344,89.79410552978516
11,mlp,gate_proj,0,4,5.9234538078308105,3.9725265502929688,84.74148559570312,89.98780822753906,74.78052520751953,74.78052520751953,76.47013092041016,81.26338195800781,82.2973403930664,82.60389709472656,84.20027923583984,84.9620361328125,85.6377944946289,86.368408203125,86.71664428710938,86.85018157958984,87.47956848144531,87.84651947021484,89.01256561279297,89.38668060302734,89.98780822753906
11,mlp,gate_proj,1,2,5.951320171356201,3.9737017154693604,85.12884521484375,89.96356201171875,73.9150619506836,73.9150619506836,75.95832824707031,81.31914520263672,83.48759460449219,84.41312408447266,84.85916137695312,85.3884048461914,85.75942993164062,86.47933959960938,87.63471221923828,87.80682373046875,88.27185821533203,88.5481948852539,88.91915130615234,89.33761596679688,89.96356201171875
11,mlp,gate_proj,1,3,5.920210361480713,3.9687185287475586,84.66109466552734,89.86192321777344,72.18511962890625,72.18511962890625,75.18109130859375,80.75220489501953,82.71143341064453,83.54263305664062,84.08065032958984,84.8629379272461,85.39781188964844,86.14258575439453,87.32160186767578,87.6900634765625,88.15495300292969,88.46168518066406,88.92223358154297,89.30858612060547,89.86192321777344
11,mlp,gate_proj,1,4,5.932801723480225,3.9735183715820312,84.87701416015625,89.62665557861328,75.3985366821289,75.3985366821289,76.2562484741211,80.39695739746094,82.72249603271484,84.01954650878906,84.19210052490234,84.7130355834961,85.91619110107422,86.22500610351562,86.78591918945312,87.09793853759766,87.98583984375,88.27710723876953,89.03591918945312,89.38265228271484,89.62665557861328
11,mlp,gate_proj,2,3,5.9214863777160645,3.970731735229492,84.69795227050781,89.85761260986328,74.3359375,74.3359375,75.55537414550781,79.60071563720703,82.11216735839844,83.7990951538086,84.626708984375,85.15023803710938,85.43930053710938,86.10315704345703,86.61691284179688,87.27326965332031,87.94113159179688,88.44558715820312,88.99938201904297,89.3105697631836,89.85761260986328
11,mlp,gate_proj,2,4,5.947997093200684,3.9766061305999756,85.11183166503906,89.8465347290039,76.78083801269531,76.78083801269531,77.91519165039062,81.28478240966797,82.51757049560547,83.17605590820312,83.40557098388672,85.23043060302734,86.1066665649414,86.32766723632812,86.62220764160156,87.5414047241211,88.07061004638672,88.33478546142578,89.03715515136719,89.59173583984375,89.8465347290039
11,mlp,gate_proj,3,4,5.932833671569824,3.9720728397369385,84.8636703491211,89.91937255859375,74.06592559814453,74.06592559814453,76.60809326171875,79.46720886230469,82.84957885742188,83.03821563720703,84.31873321533203,85.66378784179688,86.1446304321289,87.09281158447266,87.2444839477539,87.49955749511719,87.62046813964844,88.42131805419922,88.73885345458984,89.12568664550781,89.91937255859375
11,mlp,up_proj,0,1,5.916868209838867,3.969527006149292,84.62377166748047,89.79701232910156,72.50465393066406,72.50465393066406,75.58931732177734,80.93305206298828,82.88262939453125,83.55499267578125,84.36447143554688,84.85518646240234,85.55108642578125,85.9560775756836,86.38642883300781,87.4094467163086,87.75211334228516,88.31927490234375,88.61913299560547,89.50543975830078,89.79701232910156
11,mlp,up_proj,0,2,5.900678634643555,3.9694395065307617,84.40596008300781,89.44245910644531,74.55856323242188,74.55856323242188,75.80171203613281,80.01972198486328,81.39691162109375,82.34324645996094,84.23858642578125,84.46125030517578,84.68665313720703,85.9393081665039,86.64326477050781,87.18565368652344,87.50558471679688,88.36353302001953,88.6988296508789,89.21015167236328,89.44245910644531
11,mlp,up_proj,0,3,5.891659259796143,3.967315196990967,84.2646713256836,89.76710510253906,73.45892333984375,73.45892333984375,75.10950469970703,80.88455963134766,81.61717224121094,82.80883026123047,83.21829986572266,83.83189392089844,84.61370086669922,85.3381118774414,86.0925521850586,87.25894927978516,87.31236267089844,88.20494079589844,89.20918273925781,89.50868225097656,89.76710510253906
11,mlp,up_proj,0,4,5.908336162567139,3.9684207439422607,84.49842834472656,89.75497436523438,71.55944061279297,71.55944061279297,77.26641845703125,80.9281234741211,81.46113586425781,82.50967407226562,83.9592056274414,84.73844909667969,85.64848327636719,85.98670196533203,86.49581909179688,87.41390991210938,87.60551452636719,88.12469482421875,89.10686492919922,89.41544342041016,89.75497436523438
11,mlp,up_proj,1,2,5.921660900115967,3.972447633743286,84.71656799316406,89.71315002441406,74.75069427490234,74.75069427490234,76.74046325683594,80.65478515625,82.108154296875,82.37352752685547,84.67241668701172,85.33605194091797,85.73263549804688,86.2698974609375,86.51219940185547,86.93528747558594,87.83522033691406,88.15018463134766,88.31951141357422,89.36092376708984,89.71315002441406
11,mlp,up_proj,1,3,5.901004314422607,3.967191219329834,84.38842010498047,89.77123260498047,72.06748962402344,72.06748962402344,75.72835540771484,79.98529052734375,81.4819564819336,82.96353149414062,84.37387084960938,84.86668395996094,85.44383239746094,86.08850860595703,86.3862075805664,86.81472778320312,87.85212707519531,88.15287780761719,88.80361938476562,89.43444061279297,89.77123260498047
11,mlp,up_proj,1,4,5.90704870223999,3.9672951698303223,84.47061920166016,89.75387573242188,72.45130920410156,72.45130920410156,74.51167297363281,80.66764068603516,82.42423248291016,83.43941497802734,83.87628173828125,84.53289794921875,85.26922607421875,85.77628326416016,86.08535766601562,87.57130432128906,87.72502899169922,88.52079010009766,89.21528625488281,89.709228515625,89.75387573242188
11,mlp,up_proj,2,3,5.941062927246094,3.9738998413085938,84.99237823486328,89.81781768798828,74.63801574707031,74.63801574707031,78.12956237792969,80.17155456542969,82.16355895996094,83.48817443847656,83.66878509521484,85.35664367675781,85.63164520263672,86.41542053222656,86.59220123291016,87.597900390625,88.43234252929688,88.90982055664062,89.32886505126953,89.53573608398438,89.81781768798828
11,mlp,up_proj,2,4,5.928117752075195,3.974238157272339,84.82054901123047,89.65205383300781,75.82410430908203,75.82410430908203,76.42849731445312,82.18196868896484,82.51290893554688,83.13665771484375,83.89759063720703,85.13241577148438,85.38297271728516,85.82188415527344,86.33888244628906,86.90575408935547,87.73172760009766,88.09056091308594,88.68460845947266,89.40618133544922,89.65205383300781
11,mlp,up_proj,3,4,5.907385349273682,3.969073534011841,84.49236297607422,89.90369415283203,73.4466552734375,73.4466552734375,75.7465591430664,79.9473876953125,82.38688659667969,83.05509948730469,83.50363159179688,84.67091369628906,85.26044464111328,86.14199829101562,86.5461654663086,86.89078521728516,87.85552978515625,88.54783630371094,88.95133209228516,89.02291870117188,89.90369415283203
11,self_attn,k_proj,0,1,5.323649883270264,3.8326759338378906,75.7242431640625,89.33696746826172,59.38566970825195,59.38566970825195,63.065975189208984,65.58472442626953,67.1020736694336,68.5762939453125,71.29131317138672,74.36797332763672,74.75074005126953,77.4312744140625,78.1066665649414,81.56426239013672,82.51570129394531,83.50892639160156,86.42028045654297,88.57908630371094,89.33696746826172
11,self_attn,k_proj,0,2,5.398393630981445,3.8507208824157715,76.80810546875,89.5044174194336,59.91912841796875,59.91912841796875,63.35688400268555,66.8252944946289,68.80175018310547,70.29104614257812,72.19770050048828,74.53289794921875,77.80707550048828,78.81825256347656,80.1114501953125,82.29303741455078,82.55818176269531,85.167724609375,87.52452850341797,89.22027587890625,89.5044174194336
11,self_attn,k_proj,0,3,5.332282066345215,3.8420233726501465,75.92807006835938,89.79007720947266,63.17831802368164,63.17831802368164,64.99020385742188,66.02892303466797,67.20709228515625,70.23394012451172,71.01922607421875,72.33104705810547,72.92471313476562,77.29808807373047,79.34122467041016,80.92231750488281,82.31385040283203,84.24586486816406,86.13465118408203,86.88958740234375,89.79007720947266
11,self_attn,k_proj,0,4,5.398759365081787,3.8521993160247803,76.8304443359375,89.94744873046875,61.60856246948242,61.60856246948242,63.53759765625,66.72405242919922,68.66132354736328,70.48406219482422,71.47850799560547,73.94285583496094,76.75968170166016,79.6078872680664,80.08050537109375,81.30748748779297,83.82617950439453,85.64827728271484,86.81239318847656,88.86027526855469,89.94744873046875
11,self_attn,k_proj,1,2,5.410669326782227,3.861215353012085,77.0590591430664,88.30989837646484,59.01554870605469,59.01554870605469,65.84262084960938,66.9688949584961,71.02259826660156,71.6162109375,73.96780395507812,74.73391723632812,77.09454345703125,79.30768585205078,81.80941772460938,82.21564483642578,82.92063903808594,84.77822875976562,85.67770385742188,87.66357421875,88.30989837646484
11,self_attn,k_proj,1,3,5.323526382446289,3.831240653991699,75.7047119140625,89.73966217041016,58.173851013183594,58.173851013183594,62.59954833984375,65.38340759277344,66.87091064453125,69.23052215576172,71.75080108642578,74.03453063964844,74.89337158203125,77.8789291381836,79.10163116455078,81.67292785644531,82.54338073730469,83.5152816772461,86.12396240234375,87.76273345947266,89.73966217041016
11,self_attn,k_proj,1,4,5.433963775634766,3.8594677448272705,77.3302001953125,89.9266586303711,60.364906311035156,60.364906311035156,63.82194137573242,66.33483123779297,70.27717590332031,70.90764617919922,74.69526672363281,75.16572570800781,76.70366668701172,78.70508575439453,81.64130401611328,82.05872344970703,84.4147720336914,85.90614318847656,87.75869750976562,88.60054779052734,89.9266586303711
11,self_attn,k_proj,2,3,5.349160194396973,3.8368074893951416,76.067626953125,89.13352966308594,57.488525390625,57.488525390625,63.17617416381836,66.47479248046875,67.08790588378906,69.65035247802734,71.74028015136719,74.88414001464844,76.58467102050781,77.4941635131836,78.12444305419922,82.37896728515625,83.48339080810547,84.15341186523438,86.45942687988281,88.76786041259766,89.13352966308594
11,self_attn,k_proj,2,4,5.381289005279541,3.848109245300293,76.57553100585938,89.4710922241211,61.13154220581055,61.13154220581055,64.10906219482422,64.68209075927734,68.18111419677734,69.92250061035156,72.55455780029297,74.78026580810547,76.6410140991211,78.46240234375,80.22674560546875,81.31111907958984,82.59840393066406,85.92527770996094,86.81587982177734,88.39547729492188,89.4710922241211
11,self_attn,k_proj,3,4,5.299147605895996,3.8226466178894043,75.32605743408203,89.26579284667969,59.87209701538086,59.87209701538086,60.46734619140625,63.577022552490234,65.87664794921875,67.16897583007812,71.06484985351562,75.12106323242188,76.01531219482422,77.18525695800781,79.2752685546875,81.479248046875,81.83450317382812,83.61373901367188,84.8343505859375,88.5654525756836,89.26579284667969
11,self_attn,o_proj,0,1,5.776832580566406,3.949629068374634,82.57403564453125,89.79314422607422,72.46967315673828,72.46967315673828,74.48085021972656,76.17559814453125,77.37026977539062,78.45100402832031,79.78679656982422,81.29718780517578,83.39994812011719,84.64142608642578,85.65647888183594,86.04563903808594,86.80795288085938,87.42080688476562,88.13196563720703,89.25579071044922,89.79314422607422
11,self_attn,o_proj,0,2,5.805217266082764,3.956906795501709,83.01670837402344,89.91254425048828,72.94064331054688,72.94064331054688,76.1263427734375,77.61018371582031,79.16033935546875,79.71292877197266,81.26949310302734,82.25846099853516,82.46871185302734,84.65812683105469,85.13929748535156,85.7926254272461,86.72789001464844,87.76819610595703,88.13385772705078,88.58776092529297,89.91254425048828
11,self_attn,o_proj,0,3,5.754770278930664,3.9465110301971436,82.25422668457031,89.4876480102539,70.9588851928711,70.9588851928711,72.45248413085938,77.3070297241211,78.33633422851562,79.63447570800781,80.67253112792969,81.24483489990234,82.53170013427734,83.24581146240234,84.02420806884766,84.8994140625,86.56229400634766,87.0277328491211,88.43502807617188,89.24711608886719,89.4876480102539
11,self_attn,o_proj,0,4,5.748341083526611,3.948376178741455,82.18867492675781,89.890380859375,73.17122650146484,73.17122650146484,73.75735473632812,76.93042755126953,77.33993530273438,77.92228698730469,80.68699645996094,80.91710662841797,82.86582946777344,83.92312622070312,84.95877075195312,85.3419189453125,85.79973602294922,86.25259399414062,87.04639434814453,88.21472930908203,89.890380859375
11,self_attn,o_proj,1,2,5.765291690826416,3.951547622680664,82.44007110595703,89.7822494506836,71.10990142822266,71.10990142822266,75.59349060058594,78.25909423828125,79.11540222167969,79.37640380859375,80.70564270019531,81.89892578125,82.89373016357422,83.3677749633789,83.8619384765625,84.45506286621094,85.61669921875,86.0694351196289,87.95043182373047,88.98497772216797,89.7822494506836
11,self_attn,o_proj,1,3,5.733003616333008,3.939483165740967,81.90011596679688,89.82488250732422,66.4411392211914,66.4411392211914,73.48213958740234,76.65756225585938,77.60692596435547,78.5544204711914,79.71721649169922,82.37915802001953,82.49102783203125,83.98882293701172,85.45691680908203,85.7082290649414,85.9022216796875,86.69293975830078,87.0532455444336,88.44501495361328,89.82488250732422
11,self_attn,o_proj,1,4,5.725408554077148,3.943131685256958,81.83927154541016,89.80667877197266,70.33758544921875,70.33758544921875,75.25321960449219,75.74298095703125,76.90787506103516,78.8144302368164,79.00411987304688,81.0168685913086,82.60749053955078,83.25208282470703,83.5645980834961,84.06484985351562,86.54663848876953,86.9888916015625,87.08538055419922,88.43470764160156,89.80667877197266
11,self_attn,o_proj,2,3,5.7619194984436035,3.949475049972534,82.37644958496094,89.67662048339844,71.27294921875,71.27294921875,74.69335174560547,77.34001922607422,78.07250213623047,79.93869018554688,81.17167663574219,81.6213150024414,82.4690933227539,82.91015625,83.23919677734375,84.78672790527344,86.00592803955078,87.15143585205078,88.38884735107422,89.28469848632812,89.67662048339844
11,self_attn,o_proj,2,4,5.7251105308532715,3.9422590732574463,81.82672119140625,88.80904388427734,70.9066162109375,70.9066162109375,72.32769012451172,76.40767669677734,77.11649322509766,78.51202392578125,79.15428161621094,81.70022583007812,82.038330078125,82.92111206054688,84.96298217773438,85.80220031738281,86.2386474609375,86.69850158691406,87.26278686523438,88.36898803710938,88.80904388427734
11,self_attn,o_proj,3,4,5.751810550689697,3.943570613861084,82.18656921386719,89.8124008178711,70.23896026611328,70.23896026611328,72.20270538330078,73.13951110839844,78.89765930175781,80.67514038085938,81.03546905517578,82.2674789428711,82.74108123779297,83.91941833496094,84.5655288696289,85.7472152709961,86.36689758300781,86.92520904541016,87.65132904052734,88.79908752441406,89.8124008178711
11,self_attn,q_proj,0,1,5.602630615234375,3.921614646911621,80.05425262451172,88.51476287841797,70.18782806396484,70.18782806396484,71.76712036132812,72.6933364868164,74.427001953125,77.20638275146484,77.48783874511719,78.80895233154297,79.3309555053711,81.26177215576172,82.38304901123047,82.89143371582031,83.51232147216797,85.62654876708984,86.68279266357422,88.08595275878906,88.51476287841797
11,self_attn,q_proj,0,2,5.692491054534912,3.9325881004333496,81.31155395507812,89.61211395263672,69.31755828857422,69.31755828857422,71.73005676269531,75.05931854248047,76.21995544433594,77.13148498535156,78.65884399414062,80.2452163696289,80.58770751953125,83.01599884033203,83.17228698730469,84.77632904052734,85.94462585449219,87.8709716796875,88.09902954101562,89.54339599609375,89.61211395263672
11,self_attn,q_proj,0,3,5.675971031188965,3.928422689437866,81.05689239501953,89.89127349853516,68.25223541259766,68.25223541259766,69.65857696533203,74.97400665283203,76.3716049194336,78.15113067626953,78.76006317138672,79.56303405761719,80.64785766601562,82.69341278076172,83.27750396728516,84.54574584960938,86.1412353515625,87.4544448852539,88.1310043334961,88.39720153808594,89.89127349853516
11,self_attn,q_proj,0,4,5.667716979980469,3.9287285804748535,80.95564270019531,89.88549041748047,70.44783782958984,70.44783782958984,71.68801879882812,73.71735382080078,74.79972839355469,76.33197021484375,78.30815124511719,79.79752349853516,80.70954895019531,82.63116455078125,82.98385620117188,83.8806381225586,85.33338928222656,87.27281951904297,88.32454681396484,89.17821502685547,89.88549041748047
11,self_attn,q_proj,1,2,5.673181056976318,3.9310805797576904,81.04812622070312,89.82697296142578,69.42205810546875,69.42205810546875,72.86810302734375,74.18775177001953,76.36663818359375,77.27483367919922,77.4145278930664,79.90058135986328,80.33351135253906,83.08965301513672,83.30790710449219,84.03462982177734,85.26663208007812,86.06446838378906,88.23173522949219,89.17999267578125,89.82697296142578
11,self_attn,q_proj,1,3,5.63198184967041,3.9282913208007812,80.49252319335938,89.25015258789062,70.36563110351562,70.36563110351562,72.42816925048828,73.5249252319336,76.81749725341797,77.34700012207031,77.85259246826172,79.49406433105469,80.38068389892578,80.86369323730469,82.15032196044922,83.24047088623047,84.23790740966797,85.77323913574219,86.9795150756836,87.17459106445312,89.25015258789062
11,self_attn,q_proj,1,4,5.661458969116211,3.9278392791748047,80.8648681640625,89.95934295654297,67.8487319946289,67.8487319946289,72.04766082763672,73.95404052734375,75.86788177490234,77.17858123779297,78.20455169677734,79.9640884399414,81.32769012451172,82.95347595214844,83.28907775878906,83.73751068115234,84.79521942138672,86.5296630859375,87.85198211669922,88.32839965820312,89.95934295654297
11,self_attn,q_proj,2,3,5.686341762542725,3.9292967319488525,81.19837951660156,89.57051849365234,67.75350952148438,67.75350952148438,70.53826141357422,72.79763793945312,75.79003143310547,78.10128021240234,80.29386138916016,81.24580383300781,81.76097106933594,83.14214324951172,83.68389892578125,85.28557586669922,85.71368408203125,86.67839813232422,87.7415771484375,89.0768051147461,89.57051849365234
11,self_attn,q_proj,2,4,5.705729961395264,3.9389591217041016,81.5436019897461,89.79006958007812,69.48750305175781,69.48750305175781,73.5604248046875,75.61898803710938,77.94416046142578,79.05757904052734,79.30777740478516,80.3362045288086,80.88525390625,82.73487091064453,83.16000366210938,84.0766830444336,85.15170288085938,86.88858795166016,87.95963287353516,88.73814392089844,89.79006958007812
11,self_attn,q_proj,3,4,5.619309425354004,3.909838914871216,80.1477279663086,89.75994110107422,64.15486907958984,64.15486907958984,69.32819366455078,71.18232727050781,72.20487213134766,75.7381820678711,77.27603149414062,81.34293365478516,81.65399169921875,83.04043579101562,83.59113311767578,84.5725326538086,85.1146469116211,86.97941589355469,87.94120025634766,88.48295593261719,89.75994110107422
11,self_attn,v_proj,0,1,5.445441246032715,3.869389772415161,77.561767578125,88.52761840820312,57.65362548828125,57.65362548828125,65.79855346679688,69.43891906738281,70.82389068603516,73.18974304199219,74.71266174316406,76.52445220947266,78.86974334716797,80.00942993164062,81.14776611328125,83.06340789794922,83.6906967163086,84.71057891845703,85.97750091552734,86.84976196289062,88.52761840820312
11,self_attn,v_proj,0,2,5.450517177581787,3.865638017654419,77.58926391601562,89.4521255493164,58.547142028808594,58.547142028808594,63.94988250732422,67.26862335205078,72.13947296142578,72.70183563232422,74.94215393066406,76.9339370727539,77.9310302734375,78.9343490600586,81.00428009033203,82.68363189697266,84.16419219970703,85.443359375,87.42254638671875,87.90963745117188,89.4521255493164
11,self_attn,v_proj,0,3,5.3989434242248535,3.849371910095215,76.79666900634766,89.47567749023438,58.587432861328125,58.587432861328125,63.09978485107422,64.97733306884766,69.66030883789062,71.66807556152344,72.52540588378906,75.1469497680664,77.11153411865234,79.85885620117188,80.67776489257812,82.55362701416016,82.76668548583984,84.58109283447266,87.16968536376953,88.88646697998047,89.47567749023438
11,self_attn,v_proj,0,4,5.482334136962891,3.875075101852417,78.0793685913086,89.29774475097656,59.726768493652344,59.726768493652344,65.26317596435547,69.77002716064453,70.33372497558594,74.0051498413086,75.08866119384766,76.58317565917969,77.88729095458984,79.8722152709961,81.6436538696289,83.26139831542969,85.11500549316406,85.6700439453125,87.59952545166016,88.15233612060547,89.29774475097656
11,self_attn,v_proj,1,2,5.404322147369385,3.853804111480713,76.90946960449219,89.77971649169922,58.88752365112305,58.88752365112305,63.9383544921875,68.396728515625,69.86554718017578,71.0657730102539,72.18981170654297,73.52513122558594,76.75226593017578,79.46054077148438,80.36883544921875,82.369873046875,83.09297943115234,86.43598175048828,86.6450424194336,87.77742004394531,89.77971649169922
11,self_attn,v_proj,1,3,5.350719928741455,3.8394150733947754,76.10836791992188,88.24958038330078,58.54558563232422,58.54558563232422,59.91978454589844,66.9081039428711,67.91082000732422,69.89328002929688,73.39600372314453,75.81945037841797,77.49227905273438,78.23445129394531,78.71051025390625,81.16918182373047,83.00485229492188,84.97020721435547,86.43363189697266,87.07620239257812,88.24958038330078
11,self_attn,v_proj,1,4,5.420977592468262,3.8565330505371094,77.13789367675781,89.56929779052734,58.335357666015625,58.335357666015625,64.86249542236328,65.84783172607422,70.5613021850586,72.16700744628906,72.86943817138672,75.73556518554688,76.74120330810547,79.07372283935547,79.86978149414062,83.32240295410156,84.4872055053711,85.83097076416016,86.82880401611328,88.1039047241211,89.56929779052734
11,self_attn,v_proj,2,3,5.291055679321289,3.820884943008423,75.212646484375,89.94540405273438,57.64677429199219,57.64677429199219,62.0230598449707,64.75009155273438,67.65845489501953,68.08122253417969,69.19076538085938,73.54698944091797,75.53128814697266,76.73882293701172,78.52936553955078,79.44173431396484,82.76146697998047,83.59154510498047,86.53137969970703,87.43389892578125,89.94540405273438
11,self_attn,v_proj,2,4,5.412118911743164,3.8523809909820557,76.98526000976562,89.96695709228516,57.877845764160156,57.877845764160156,63.63762664794922,65.59709167480469,68.31597900390625,71.78562927246094,74.52207946777344,75.89323425292969,78.22776794433594,79.44367218017578,80.25138092041016,82.45399475097656,84.27232360839844,85.31233215332031,85.91156768798828,88.29458618164062,89.96695709228516
11,self_attn,v_proj,3,4,5.398792266845703,3.843048572540283,76.72967529296875,89.2840805053711,58.412662506103516,58.412662506103516,60.32392501831055,66.3705062866211,67.3241958618164,71.76071166992188,73.23380279541016,74.82513427734375,76.45042419433594,77.86495208740234,81.14947509765625,82.22116088867188,85.63270568847656,87.0951156616211,87.38096618652344,88.3449478149414,89.2840805053711
12,mlp,down_proj,0,1,5.8099284172058105,3.952383518218994,83.03274536132812,89.634765625,67.57405090332031,67.57405090332031,75.46281433105469,77.87005615234375,79.76322937011719,81.01046752929688,81.81964874267578,82.88470458984375,84.21054077148438,84.41978454589844,85.87393188476562,86.55113983154297,87.22499084472656,87.46974182128906,88.19872283935547,88.55537414550781,89.634765625
12,mlp,down_proj,0,2,5.820855617523193,3.9585564136505127,83.23880004882812,89.75184631347656,73.2996826171875,73.2996826171875,74.50936126708984,78.3441162109375,78.76522827148438,80.96255493164062,82.04562377929688,83.04136657714844,84.22665405273438,84.40778350830078,85.10884094238281,85.64825439453125,87.03121185302734,87.41500091552734,88.18224334716797,89.08099365234375,89.75184631347656
12,mlp,down_proj,0,3,5.85257625579834,3.963364601135254,83.70491027832031,89.36402130126953,72.00639343261719,72.00639343261719,76.56031036376953,79.56349182128906,80.76775360107422,81.56015014648438,82.96055603027344,83.29393005371094,84.11775970458984,84.64478302001953,85.8697738647461,86.38705444335938,87.28085327148438,87.7880859375,88.30009460449219,88.8134536743164,89.36402130126953
12,mlp,down_proj,0,4,5.865532398223877,3.962529182434082,83.86901092529297,89.83534240722656,70.12667846679688,70.12667846679688,77.87079620361328,79.76692962646484,80.17022705078125,81.57079315185547,82.40504455566406,83.43050384521484,85.31974029541016,85.4774169921875,85.68687438964844,86.44397735595703,87.38446807861328,88.40547180175781,88.70963287353516,89.30024719238281,89.83534240722656
12,mlp,down_proj,1,2,5.8592071533203125,3.964265823364258,83.80260467529297,89.86402893066406,73.85059356689453,73.85059356689453,77.63530731201172,78.31230926513672,79.06883239746094,80.46783447265625,82.81568145751953,84.01889038085938,84.60468292236328,84.88581848144531,85.99066925048828,86.62286376953125,86.75689697265625,87.92467498779297,88.4333724975586,89.58917999267578,89.86402893066406
12,mlp,down_proj,1,3,5.845123767852783,3.9594147205352783,83.56791687011719,89.59366607666016,70.4031982421875,70.4031982421875,76.19635772705078,78.49702453613281,79.96058654785156,80.88531494140625,82.92166137695312,83.28392791748047,84.49881744384766,85.20098876953125,85.54644775390625,86.7550048828125,87.48933410644531,87.84857940673828,88.61030578613281,89.39546203613281,89.59366607666016
12,mlp,down_proj,1,4,5.803189277648926,3.954183340072632,82.96376037597656,89.77567291259766,71.22685241699219,71.22685241699219,76.3436279296875,77.06659698486328,78.65664672851562,79.56957244873047,80.9873046875,82.23178100585938,83.25174713134766,84.20032501220703,85.41190338134766,85.64887237548828,86.97764587402344,88.07311248779297,88.7275161743164,89.27096557617188,89.77567291259766
12,mlp,down_proj,2,3,5.886961936950684,3.971160888671875,84.23869323730469,89.48704528808594,77.38670349121094,77.38670349121094,77.69052124023438,79.90763854980469,80.83108520507812,81.60100555419922,82.16243743896484,83.79643249511719,84.57025146484375,85.39300537109375,85.76930236816406,86.63219451904297,87.1753921508789,88.02361297607422,88.58331298828125,88.80921936035156,89.48704528808594
12,mlp,down_proj,2,4,5.857066631317139,3.9675121307373047,83.80470275878906,89.00078582763672,75.41120910644531,75.41120910644531,78.17459106445312,79.76045227050781,80.23565673828125,80.7627944946289,82.34728240966797,83.61138153076172,84.15480041503906,84.78956604003906,85.15668487548828,85.97207641601562,86.81814575195312,87.61778259277344,88.23158264160156,88.83047485351562,89.00078582763672
12,mlp,down_proj,3,4,5.854342937469482,3.963038921356201,83.72503662109375,89.90508270263672,70.85356140136719,70.85356140136719,78.55542755126953,80.17748260498047,80.5499496459961,81.51029968261719,81.93092346191406,83.45903015136719,83.85704803466797,84.5497055053711,85.22052001953125,86.01298522949219,87.07989501953125,87.8917236328125,88.7024917602539,89.344482421875,89.90508270263672
12,mlp,gate_proj,0,1,5.93227481842041,3.9728050231933594,84.86299133300781,89.95552825927734,73.89849853515625,73.89849853515625,77.33345794677734,80.41946411132812,82.75785064697266,83.24551391601562,84.06505584716797,85.2436752319336,85.86318969726562,86.4014892578125,86.9761962890625,87.29722595214844,87.98100280761719,88.48336791992188,88.64073181152344,89.24565124511719,89.95552825927734
12,mlp,gate_proj,0,2,5.911462306976318,3.969820976257324,84.55406188964844,89.28812408447266,72.79873657226562,72.79873657226562,76.91413879394531,80.1412124633789,82.0241470336914,82.95083618164062,84.16272735595703,84.43647766113281,85.66561126708984,86.17375183105469,87.06929779052734,87.22254943847656,87.7009506225586,88.18912506103516,88.96024322509766,89.16706848144531,89.28812408447266
12,mlp,gate_proj,0,3,5.933833599090576,3.9729042053222656,84.88472747802734,89.7364501953125,74.22151947021484,74.22151947021484,75.53632354736328,82.00615692138672,83.48721313476562,83.84679412841797,84.23384094238281,84.90796661376953,85.4665756225586,86.74402618408203,86.8642349243164,87.25651550292969,87.61947631835938,88.31681060791016,88.80489349365234,89.1068344116211,89.7364501953125
12,mlp,gate_proj,0,4,5.939336776733398,3.973510503768921,84.96519470214844,89.88790893554688,74.1902084350586,74.1902084350586,77.50151824951172,81.46157836914062,82.07818603515625,82.7500991821289,84.47113037109375,84.73094940185547,85.7458724975586,86.30357360839844,87.1156997680664,87.68260955810547,88.5429916381836,88.60517883300781,89.14965057373047,89.22602081298828,89.88790893554688
12,mlp,gate_proj,1,2,5.948198318481445,3.97297739982605,85.07968139648438,89.93905639648438,72.76988983154297,72.76988983154297,77.63378143310547,81.58769989013672,82.5964584350586,83.61591339111328,84.49662017822266,84.7200927734375,86.07356262207031,86.67813873291016,86.8888168334961,87.78652954101562,88.39324188232422,88.77671813964844,89.5190200805664,89.7994155883789,89.93905639648438
12,mlp,gate_proj,1,3,5.909068584442139,3.9668829441070557,84.49247741699219,89.84463500976562,69.66758728027344,69.66758728027344,76.5772933959961,81.6357421875,82.94866943359375,83.56819152832031,83.9912109375,84.68622589111328,85.39098358154297,85.8587417602539,86.82282257080078,87.01600646972656,87.58374786376953,88.23250579833984,88.54466247558594,89.5106201171875,89.84463500976562
12,mlp,gate_proj,1,4,5.9225945472717285,3.9693756103515625,84.699462890625,89.98728942871094,71.7282943725586,71.7282943725586,77.26270294189453,79.52320861816406,82.33482360839844,84.1302261352539,84.55130004882812,84.98552703857422,85.01024627685547,86.32960510253906,86.64226531982422,87.61524963378906,87.84970092773438,88.5503158569336,89.08137512207031,89.60920715332031,89.98728942871094
12,mlp,gate_proj,2,3,5.931266784667969,3.969994306564331,84.8219985961914,89.86634063720703,71.63385772705078,71.63385772705078,75.8644027709961,82.31645202636719,82.94013214111328,83.38629150390625,84.18719482421875,85.12488555908203,85.5138168334961,86.38568878173828,86.96363830566406,87.66098022460938,88.10448455810547,88.80104064941406,89.10244750976562,89.30030822753906,89.86634063720703
12,mlp,gate_proj,2,4,5.9298858642578125,3.9697234630584717,84.80073547363281,89.85087585449219,71.81825256347656,71.81825256347656,75.20394134521484,81.54399871826172,83.04315185546875,83.76573181152344,85.06239318847656,85.22777557373047,85.65289306640625,86.59149932861328,87.22052764892578,87.37651062011719,87.9925308227539,88.54364013671875,88.7374038696289,89.18054962158203,89.85087585449219
12,mlp,gate_proj,3,4,5.912238597869873,3.9657421112060547,84.52468872070312,89.8915786743164,70.09056091308594,70.09056091308594,75.10488891601562,81.14453125,81.958740234375,83.6332015991211,84.15412902832031,85.48636627197266,85.63662719726562,85.95276641845703,86.41141510009766,87.64679718017578,87.7638168334961,88.65335083007812,89.08335876464844,89.78286743164062,89.8915786743164
12,mlp,up_proj,0,1,5.915853023529053,3.9699349403381348,84.6141357421875,89.78816223144531,72.36964416503906,72.36964416503906,77.07239532470703,81.30380249023438,81.87126159667969,83.34967803955078,83.7675552368164,84.48458862304688,85.22486114501953,86.08480072021484,86.24310302734375,87.25401306152344,87.99604797363281,88.4017105102539,88.99897003173828,89.61550903320312,89.78816223144531
12,mlp,up_proj,0,2,5.905975341796875,3.9706733226776123,84.48863220214844,89.8341293334961,73.48998260498047,73.48998260498047,78.52521514892578,80.27397918701172,81.26696014404297,82.3184585571289,83.35181427001953,84.71051025390625,85.54811096191406,85.97003936767578,86.24177551269531,87.02702331542969,87.35484313964844,87.95939636230469,88.66595458984375,89.27995300292969,89.8341293334961
12,mlp,up_proj,0,3,5.934093952178955,3.9734325408935547,84.89332580566406,89.54798126220703,73.30052185058594,73.30052185058594,79.1191177368164,80.87091827392578,81.95124053955078,83.71314239501953,84.1255111694336,84.91439056396484,85.48202514648438,85.9879379272461,87.06890869140625,87.30367279052734,87.8441390991211,88.28549194335938,89.36518859863281,89.41311645507812,89.54798126220703
12,mlp,up_proj,0,4,5.935201644897461,3.972278594970703,84.89775085449219,89.85441589355469,74.44229888916016,74.44229888916016,76.38387298583984,79.85905456542969,82.60424041748047,83.52252960205078,84.63888549804688,85.07291412353516,85.4006576538086,86.34890747070312,86.63084411621094,87.60099029541016,88.35807037353516,88.70309448242188,89.21197509765625,89.73120880126953,89.85441589355469
12,mlp,up_proj,1,2,5.91610860824585,3.9668009281158447,84.58694458007812,89.76892852783203,69.90316009521484,69.90316009521484,77.54438018798828,79.99028778076172,82.22935485839844,82.95230865478516,83.6496810913086,84.84381103515625,85.94690704345703,86.35336303710938,86.46454620361328,87.59646606445312,88.32910919189453,88.84648132324219,89.3436050415039,89.62870025634766,89.76892852783203
12,mlp,up_proj,1,3,5.9097442626953125,3.966336250305176,84.49627685546875,89.85486602783203,69.22313690185547,69.22313690185547,77.4426040649414,81.58094787597656,82.29600524902344,82.66986846923828,83.86534118652344,84.22355651855469,85.44660186767578,86.3503189086914,86.88541412353516,87.59432983398438,87.78539276123047,88.28843688964844,89.14070129394531,89.29298400878906,89.85486602783203
12,mlp,up_proj,1,4,5.8835248947143555,3.965660810470581,84.139404296875,89.98915100097656,71.27704620361328,71.27704620361328,76.49742889404297,81.02670288085938,81.41655731201172,82.39492797851562,83.22599029541016,83.97477722167969,84.6484146118164,85.30815124511719,86.18208312988281,86.68780517578125,87.21802520751953,88.37480163574219,88.89796447753906,89.1107406616211,89.98915100097656
12,mlp,up_proj,2,3,5.9253973960876465,3.9711430072784424,84.7535171508789,89.64250183105469,71.30439758300781,71.30439758300781,78.81170654296875,81.22501373291016,82.64952850341797,83.46774291992188,84.41919708251953,85.12808990478516,85.38324737548828,85.80587005615234,86.13607788085938,87.99089813232422,88.16211700439453,88.43862915039062,88.62079620361328,88.87053680419922,89.64250183105469
12,mlp,up_proj,2,4,5.906787395477295,3.967844009399414,84.47164916992188,89.9404296875,70.43623352050781,70.43623352050781,79.14179229736328,80.78421783447266,81.13439178466797,82.7175064086914,83.2873306274414,84.34989166259766,85.78701782226562,85.9544448852539,86.48957824707031,86.84597778320312,87.96214294433594,88.17472839355469,89.09615325927734,89.44461059570312,89.9404296875
12,mlp,up_proj,3,4,5.9246721267700195,3.9705543518066406,84.73849487304688,89.6689682006836,71.81143951416016,71.81143951416016,77.5071792602539,81.1956558227539,82.36809539794922,82.97333526611328,84.35914611816406,84.78621673583984,85.79660034179688,86.57466125488281,86.86080932617188,87.4777603149414,87.92586517333984,88.55039978027344,88.77244567871094,89.18730163574219,89.6689682006836
12,self_attn,k_proj,0,1,5.353280067443848,3.8419225215911865,76.1756591796875,89.5126724243164,59.18695831298828,59.18695831298828,65.4793472290039,66.89453125,68.10296630859375,69.28046417236328,72.55313110351562,73.25959777832031,75.2248306274414,76.04427337646484,79.43728637695312,79.60938262939453,83.20267486572266,85.1930160522461,86.76206970214844,89.06727600097656,89.5126724243164
12,self_attn,k_proj,0,2,5.3719401359558105,3.846388816833496,76.43772888183594,88.4137191772461,59.16456985473633,59.16456985473633,63.7882194519043,63.900970458984375,67.16390991210938,70.9573974609375,74.92256927490234,75.37755584716797,77.07331085205078,78.1068115234375,80.47711181640625,82.73125457763672,84.1169204711914,84.6978759765625,85.3477783203125,86.76361846923828,88.4137191772461
12,self_attn,k_proj,0,3,5.3564133644104,3.8413584232330322,76.20259094238281,89.15755462646484,59.582435607910156,59.582435607910156,62.1868896484375,65.11087799072266,68.16947937011719,70.20840454101562,73.51109313964844,74.21370697021484,75.9921646118164,77.81806182861328,79.75736999511719,81.1580810546875,83.12394714355469,85.20982360839844,86.93093872070312,87.11065673828125,89.15755462646484
12,self_attn,k_proj,0,4,5.371525764465332,3.8465232849121094,76.43609619140625,89.41773223876953,58.48186492919922,58.48186492919922,63.97110366821289,65.9466323852539,67.93688201904297,71.20072174072266,73.10839080810547,75.5225601196289,77.52685546875,78.39181518554688,78.75147247314453,80.59439849853516,83.56180572509766,84.41808319091797,85.68782806396484,88.4593276977539,89.41773223876953
12,self_attn,k_proj,1,2,5.293964862823486,3.8256142139434814,75.29596710205078,88.93230438232422,59.275779724121094,59.275779724121094,62.23324966430664,64.07599639892578,66.64883422851562,68.57257843017578,71.17792510986328,73.56028747558594,75.42879486083984,76.07086944580078,79.0923080444336,80.05592346191406,82.96427917480469,84.67984771728516,85.55970001220703,86.40682983398438,88.93230438232422
12,self_attn,k_proj,1,3,5.299719333648682,3.8174526691436768,75.27684020996094,89.36337280273438,57.950504302978516,57.950504302978516,60.01923370361328,61.891700744628906,66.56913757324219,69.53694915771484,71.37594604492188,73.24605560302734,73.98992919921875,76.77542114257812,80.25912475585938,80.9825668334961,83.20655822753906,84.9869384765625,86.9422378540039,87.3338623046875,89.36337280273438
12,self_attn,k_proj,1,4,5.289199352264404,3.8157458305358887,75.12633514404297,89.9322280883789,53.887001037597656,53.887001037597656,61.202144622802734,64.65728759765625,66.84465026855469,70.23711395263672,70.85478210449219,73.5782241821289,75.7480697631836,77.04815673828125,78.61153411865234,79.69156646728516,81.8249740600586,83.1962661743164,86.3306884765625,88.37665557861328,89.9322280883789
12,self_attn,k_proj,2,3,5.405555725097656,3.8515381813049316,76.90261840820312,89.63519287109375,61.2574348449707,61.2574348449707,62.248653411865234,65.59758758544922,68.51321411132812,69.32503509521484,73.02629852294922,74.90426635742188,78.64436340332031,79.85467529296875,81.2439193725586,82.19727325439453,83.514892578125,85.2472915649414,86.69493103027344,88.53690338134766,89.63519287109375
12,self_attn,k_proj,2,4,5.3650898933410645,3.8498570919036865,76.39576721191406,88.83635711669922,61.9543342590332,61.9543342590332,63.12008285522461,65.6756591796875,68.56880187988281,70.09589385986328,73.15625,74.8741455078125,77.09760284423828,78.96455383300781,79.51649475097656,80.09490203857422,82.7994384765625,84.46725463867188,86.03726196289062,87.07330322265625,88.83635711669922
12,self_attn,k_proj,3,4,5.324941635131836,3.8270585536956787,75.67074584960938,89.88330841064453,55.61520004272461,55.61520004272461,60.483070373535156,66.53546142578125,67.18937683105469,70.56813049316406,70.75321197509766,75.14696502685547,76.19808959960938,77.07574462890625,78.76228332519531,81.62904357910156,83.15335083007812,83.83209228515625,86.01988220214844,87.88660430908203,89.88330841064453
12,self_attn,o_proj,0,1,5.750240325927734,3.946571111679077,82.19622802734375,89.3389663696289,71.0392074584961,71.0392074584961,75.26122283935547,76.81446075439453,77.1258316040039,78.49867248535156,79.97697448730469,80.41812133789062,82.03776550292969,83.52252960205078,84.3301773071289,85.1712875366211,86.85431671142578,87.69650268554688,88.4792709350586,88.57440948486328,89.3389663696289
12,self_attn,o_proj,0,2,5.78139066696167,3.9509053230285645,82.64579010009766,89.68740844726562,71.5633316040039,71.5633316040039,75.71572875976562,76.63897705078125,77.39891815185547,78.83746337890625,81.05584716796875,81.45175170898438,82.83643341064453,83.81800842285156,85.37496185302734,85.98068237304688,86.53057861328125,87.6163101196289,88.7911148071289,89.03506469726562,89.68740844726562
12,self_attn,o_proj,0,3,5.752223491668701,3.947129011154175,82.22763061523438,89.88078308105469,72.47623443603516,72.47623443603516,73.42396545410156,76.46136474609375,77.36112976074219,78.7210464477539,80.1793441772461,81.37797546386719,82.63662719726562,83.54039001464844,84.2716293334961,85.20101928710938,85.66250610351562,86.92036437988281,88.51837921142578,89.0093002319336,89.88078308105469
12,self_attn,o_proj,0,4,5.79606819152832,3.9501700401306152,82.83078002929688,89.7311782836914,69.86443328857422,69.86443328857422,73.82907104492188,76.23999786376953,78.07697296142578,81.0261459350586,81.82459259033203,82.63214874267578,82.8790283203125,84.44877624511719,85.38090515136719,86.34513092041016,86.9835205078125,88.20073699951172,88.58880615234375,89.24097442626953,89.7311782836914
12,self_attn,o_proj,1,2,5.80579948425293,3.9548115730285645,83.0037841796875,89.47496795654297,71.36561584472656,71.36561584472656,74.54309844970703,77.36874389648438,79.3105239868164,80.7181396484375,81.68305969238281,82.94459533691406,83.6684341430664,83.90696716308594,84.79875946044922,86.08023071289062,86.5613021850586,88.0063705444336,88.63326263427734,88.9964599609375,89.47496795654297
12,self_attn,o_proj,1,3,5.720182418823242,3.93896746635437,81.73133850097656,89.53955078125,69.46604919433594,69.46604919433594,73.99386596679688,74.59272766113281,76.50873565673828,78.2733154296875,79.72196960449219,80.56018829345703,81.76215362548828,82.83621215820312,84.25711059570312,85.177490234375,86.86138916015625,87.1649398803711,87.7248306274414,89.26099395751953,89.53955078125
12,self_attn,o_proj,1,4,5.718303203582764,3.93839168548584,81.70137023925781,89.4598617553711,70.49384307861328,70.49384307861328,71.65398406982422,75.08937072753906,76.60215759277344,77.87201690673828,79.06756591796875,80.98785400390625,82.88052368164062,83.2173843383789,84.34545135498047,85.49310302734375,86.39522552490234,87.14875793457031,87.44219207763672,89.07256317138672,89.4598617553711
12,self_attn,o_proj,2,3,5.758329391479492,3.9495034217834473,82.32999420166016,89.78020477294922,72.63208770751953,72.63208770751953,74.49615478515625,76.21135711669922,77.70894622802734,78.99093627929688,80.97393798828125,81.5459213256836,82.02691650390625,83.57365417480469,84.51499938964844,85.94036102294922,86.26124572753906,86.71295166015625,87.72639465332031,88.1838150024414,89.78020477294922
12,self_attn,o_proj,2,4,5.76076602935791,3.950948476791382,82.37556457519531,89.80118560791016,72.71376037597656,72.71376037597656,74.99237823486328,76.21033477783203,78.29994201660156,79.83262634277344,80.65441131591797,81.51144409179688,83.06124877929688,83.6374282836914,83.9621810913086,84.71306610107422,85.57601928710938,87.32118225097656,87.61253356933594,88.10926818847656,89.80118560791016
12,self_attn,o_proj,3,4,5.729182243347168,3.9409358501434326,81.86534118652344,89.73177337646484,67.81719207763672,67.81719207763672,72.75930786132812,76.95629119873047,78.24002838134766,78.862548828125,80.70140838623047,81.86458587646484,82.33566284179688,83.34659576416016,84.31033325195312,84.52957916259766,85.70012664794922,86.06855010986328,87.41162109375,89.20982360839844,89.73177337646484
12,self_attn,q_proj,0,1,5.635034561157227,3.9245500564575195,80.49544525146484,89.6131362915039,69.87276458740234,69.87276458740234,71.14665985107422,71.98249053955078,76.13291931152344,77.13822937011719,78.80139923095703,78.89197540283203,80.86457061767578,81.0706558227539,82.42951965332031,83.24301147460938,83.97893524169922,86.46308135986328,87.67984008789062,88.61791229248047,89.6131362915039
12,self_attn,q_proj,0,2,5.622079372406006,3.9138598442077637,80.22257995605469,89.51699829101562,66.23370361328125,66.23370361328125,67.24613189697266,71.44441986083984,74.41705322265625,76.82763671875,78.05892181396484,80.010986328125,81.8996353149414,82.59867858886719,83.87615966796875,84.52031707763672,85.45509338378906,85.89208984375,87.65562438964844,87.90792083740234,89.51699829101562
12,self_attn,q_proj,0,3,5.6448774337768555,3.9200093746185303,80.57440185546875,89.48516082763672,66.39849853515625,66.39849853515625,69.80278015136719,70.67021942138672,75.85641479492188,77.4897232055664,78.99896240234375,80.5826187133789,81.1723861694336,82.5760269165039,83.43544006347656,84.41926574707031,85.96408081054688,86.1606674194336,87.62330627441406,88.55485534667969,89.48516082763672
12,self_attn,q_proj,0,4,5.659562110900879,3.926077127456665,80.8243179321289,89.90821075439453,68.71632385253906,68.71632385253906,71.7652587890625,72.51801300048828,74.91961669921875,77.3902587890625,78.3208236694336,80.72611999511719,81.15777587890625,81.53164672851562,82.98023986816406,83.51349639892578,85.5126953125,86.57443237304688,88.31316375732422,89.34098815917969,89.90821075439453
12,self_attn,q_proj,1,2,5.659186363220215,3.9304914474487305,80.86177062988281,89.95076751708984,69.30118560791016,69.30118560791016,71.87213134765625,74.75187683105469,75.72848510742188,78.34380340576172,78.9195556640625,80.2303466796875,80.81536865234375,81.13119506835938,83.19593048095703,83.76595306396484,84.3902816772461,86.35377502441406,86.53523254394531,88.5025405883789,89.95076751708984
12,self_attn,q_proj,1,3,5.647706985473633,3.9216063022613525,80.62762451171875,89.92411804199219,66.75213623046875,66.75213623046875,70.38745880126953,73.23147583007812,75.18592834472656,77.14755249023438,78.13895416259766,79.07257843017578,80.96839141845703,82.16688537597656,83.66600036621094,84.39323425292969,85.86293029785156,86.26211547851562,87.62969207763672,89.25251770019531,89.92411804199219
12,self_attn,q_proj,1,4,5.6058030128479,3.915987968444824,80.03823852539062,89.32229614257812,66.88265991210938,66.88265991210938,69.9881820678711,72.6021957397461,74.59269714355469,76.35880279541016,77.22627258300781,78.24000549316406,81.18154907226562,81.79841613769531,82.50054931640625,84.04065704345703,85.4128646850586,86.14786529541016,86.72261047363281,87.5941162109375,89.32229614257812
12,self_attn,q_proj,2,3,5.668340682983398,3.930034637451172,80.9741439819336,89.62242126464844,67.6415023803711,67.6415023803711,72.15727996826172,75.38849639892578,76.75535583496094,77.25847625732422,77.73503112792969,80.06737518310547,81.04155731201172,82.92292785644531,83.95387268066406,84.32515716552734,84.64098358154297,86.18428802490234,87.01676177978516,88.87482452392578,89.62242126464844
12,self_attn,q_proj,2,4,5.68666934967041,3.930730104446411,81.21710968017578,89.95156860351562,67.47669982910156,67.47669982910156,72.16423797607422,74.42581176757812,75.63606262207031,78.58711242675781,78.6384506225586,80.62565612792969,81.40110778808594,82.42798614501953,83.08670806884766,84.92962646484375,86.08118438720703,87.26412200927734,87.91034698486328,88.86705017089844,89.95156860351562
12,self_attn,q_proj,3,4,5.6585373878479,3.924879550933838,80.79629516601562,89.95126342773438,65.42401123046875,65.42401123046875,72.20570373535156,73.26194763183594,75.50634002685547,77.14079284667969,78.51625061035156,80.94731903076172,82.35102844238281,82.6800537109375,84.04460144042969,84.83360290527344,84.94387817382812,85.97348022460938,87.15457153320312,87.80594635009766,89.95126342773438
12,self_attn,v_proj,0,1,5.42130708694458,3.8632781505584717,77.2117919921875,88.67584228515625,61.49092102050781,61.49092102050781,64.46027374267578,66.11425018310547,68.46227264404297,72.95374298095703,73.7521743774414,76.24031829833984,77.60588836669922,79.77877044677734,81.26317596435547,83.75341796875,83.92042541503906,85.01547241210938,85.4836196899414,86.4181137084961,88.67584228515625
12,self_attn,v_proj,0,2,5.398740768432617,3.851417303085327,76.8191146850586,89.4590072631836,60.05170440673828,60.05170440673828,64.22663116455078,66.21466827392578,67.97468566894531,70.06566619873047,72.87738800048828,74.25534057617188,78.13571166992188,78.65714263916016,80.43062591552734,82.11666870117188,83.76860809326172,85.8330307006836,87.01407623291016,88.02495574951172,89.4590072631836
12,self_attn,v_proj,0,3,5.436110019683838,3.871159315109253,77.47100067138672,89.52350616455078,59.69590377807617,59.69590377807617,67.25059509277344,68.57859802246094,71.19700622558594,72.56134033203125,75.3874282836914,76.91897583007812,77.27997589111328,78.32327270507812,81.22261047363281,81.58548736572266,82.73030090332031,84.08916473388672,86.11668395996094,87.07514190673828,89.52350616455078
12,self_attn,v_proj,0,4,5.411153316497803,3.8541548252105713,76.99822235107422,89.0329360961914,60.184329986572266,60.184329986572266,64.63639068603516,66.2719955444336,69.28936004638672,70.34678649902344,70.8462142944336,74.0230941772461,78.10887908935547,79.8648452758789,81.42172241210938,82.95901489257812,83.78639221191406,86.03365325927734,86.98128509521484,88.18464660644531,89.0329360961914
12,self_attn,v_proj,1,2,5.461802005767822,3.8791701793670654,77.87326049804688,89.38055419921875,64.49126434326172,64.49126434326172,65.87519073486328,70.03652954101562,71.00688171386719,72.15753173828125,73.5685043334961,76.46226501464844,78.39237976074219,79.24539184570312,80.56947326660156,81.4251708984375,84.02476501464844,84.67577362060547,87.03134155273438,87.6291275024414,89.38055419921875
12,self_attn,v_proj,1,3,5.437386989593506,3.8640379905700684,77.41909790039062,89.88870239257812,61.13365936279297,61.13365936279297,65.10569763183594,67.14771270751953,69.64368438720703,71.69068908691406,72.39049530029297,76.3431625366211,77.31995391845703,79.71638488769531,80.92086791992188,82.4510269165039,84.53824615478516,85.9947738647461,86.53588104248047,87.8846435546875,89.88870239257812
12,self_attn,v_proj,1,4,5.417173385620117,3.859246015548706,77.12040710449219,89.29566192626953,60.40800094604492,60.40800094604492,63.26359939575195,66.86505889892578,69.26165008544922,72.42134094238281,74.09318542480469,75.17166900634766,77.79065704345703,79.81401062011719,80.5630874633789,82.32827758789062,82.52128601074219,85.74671173095703,86.51069641113281,87.87158203125,89.29566192626953
12,self_attn,v_proj,2,3,5.511852264404297,3.887275457382202,78.57209014892578,89.39517974853516,63.91202163696289,63.91202163696289,65.67341613769531,69.51842498779297,71.68524932861328,73.71939086914062,75.00297546386719,77.34089660644531,78.74939727783203,80.6652603149414,82.30460357666016,84.18270874023438,85.18682861328125,85.36002349853516,86.51426696777344,87.94278717041016,89.39517974853516
12,self_attn,v_proj,2,4,5.438399314880371,3.868803024291992,77.48085021972656,89.3241958618164,63.341819763183594,63.341819763183594,64.79635620117188,67.18778991699219,70.2530288696289,71.94537353515625,73.53852081298828,75.64678955078125,78.01461029052734,79.26104736328125,81.18915557861328,81.54100799560547,83.38771057128906,85.24848937988281,86.63751983642578,88.38025665283203,89.3241958618164
12,self_attn,v_proj,3,4,5.4401655197143555,3.8616299629211426,77.42471313476562,89.28617858886719,59.117286682128906,59.117286682128906,63.84663772583008,67.43779754638672,70.4675521850586,71.33189392089844,74.70963287353516,76.59032440185547,77.77923583984375,78.43092346191406,80.0860595703125,82.9803237915039,84.44245147705078,86.955078125,87.50296020507812,87.83111572265625,89.28617858886719
13,mlp,down_proj,0,1,5.862724781036377,3.965733528137207,83.8633041381836,89.23601531982422,75.0432357788086,75.0432357788086,76.65492248535156,77.69535064697266,79.56671142578125,81.93013000488281,83.10798645019531,83.7334976196289,84.8783950805664,85.31565856933594,85.95621490478516,86.414794921875,87.0676040649414,87.78511047363281,88.52090454101562,88.90636444091797,89.23601531982422
13,mlp,down_proj,0,2,5.839695930480957,3.9608383178710938,83.5103759765625,89.88872528076172,73.00344848632812,73.00344848632812,76.66084289550781,77.06063842773438,80.14511108398438,80.65831756591797,81.89299011230469,82.70380401611328,84.44145202636719,85.08966064453125,85.51594543457031,86.64873504638672,87.34858703613281,87.4267349243164,88.50431823730469,89.1767578125,89.88872528076172
13,mlp,down_proj,0,3,5.846865653991699,3.9632883071899414,83.62904357910156,89.92735290527344,74.59052276611328,74.59052276611328,75.47164916992188,79.32001495361328,79.84563446044922,81.27613830566406,82.34046936035156,82.8313217163086,83.40574645996094,84.66822052001953,85.53571319580078,86.02190399169922,87.36982727050781,88.02442932128906,88.4319076538086,89.00392150878906,89.92735290527344
13,mlp,down_proj,0,4,5.864312171936035,3.967852830886841,83.90467834472656,89.49395751953125,76.02626037597656,76.02626037597656,77.16864013671875,79.76652526855469,80.92333221435547,81.2409439086914,82.3301773071289,83.11641693115234,84.11983489990234,84.13636779785156,85.82160186767578,85.93307495117188,86.78385925292969,87.97967529296875,88.40367889404297,89.23055267333984,89.49395751953125
13,mlp,down_proj,1,2,5.852755546569824,3.965860605239868,83.73165130615234,89.45209503173828,75.36592864990234,75.36592864990234,76.14656829833984,79.63294219970703,80.59228515625,81.38231658935547,81.74639129638672,83.53064727783203,83.98689270019531,84.91863250732422,85.57107543945312,85.84452056884766,87.26702117919922,87.43678283691406,88.31315612792969,88.51919555664062,89.45209503173828
13,mlp,down_proj,1,3,5.822115421295166,3.959653854370117,83.26597595214844,89.84043884277344,72.7886734008789,72.7886734008789,76.23030853271484,79.08428192138672,79.46653747558594,80.59136962890625,81.7877426147461,82.77054595947266,82.88188934326172,84.34070587158203,85.06066131591797,85.85960388183594,86.21942138671875,87.48820495605469,88.85128021240234,88.99393463134766,89.84043884277344
13,mlp,down_proj,1,4,5.80856990814209,3.957805633544922,83.06964111328125,89.87501525878906,73.26153564453125,73.26153564453125,76.34010314941406,78.22354125976562,78.92871856689453,79.82666778564453,81.3465347290039,82.51657104492188,83.40779113769531,83.75032806396484,84.18953704833984,85.5682144165039,86.68563842773438,87.36150360107422,88.21536254882812,89.61712646484375,89.87501525878906
13,mlp,down_proj,2,3,5.839088439941406,3.963392972946167,83.52660369873047,88.93394470214844,75.06779479980469,75.06779479980469,76.26655578613281,77.91278839111328,79.81475830078125,80.22772216796875,82.23180389404297,83.73414611816406,84.79154968261719,85.29434967041016,85.3307113647461,85.6174545288086,86.48433685302734,87.46499633789062,88.60450744628906,88.64823150634766,88.93394470214844
13,mlp,down_proj,2,4,5.88173246383667,3.9685544967651367,84.1438217163086,89.60206604003906,74.49578094482422,74.49578094482422,77.71636962890625,79.5037612915039,80.74064636230469,81.42253112792969,83.38743591308594,84.12303924560547,84.49847412109375,85.19044494628906,85.80768585205078,86.89768981933594,87.45870971679688,87.9375228881836,88.46815490722656,89.05085754394531,89.60206604003906
13,mlp,down_proj,3,4,5.814927577972412,3.957648515701294,83.15240478515625,89.68746185302734,74.02812194824219,74.02812194824219,75.4633560180664,77.39441680908203,79.29692840576172,79.61670684814453,81.39244842529297,82.43077087402344,83.2973861694336,83.46244049072266,84.84527587890625,85.8037338256836,87.06765747070312,88.4835205078125,88.72511291503906,89.44322967529297,89.68746185302734
13,mlp,gate_proj,0,1,5.954685211181641,3.977510929107666,85.2105484008789,89.93145751953125,74.8229751586914,74.8229751586914,80.7741928100586,81.42764282226562,82.77227020263672,83.69056701660156,84.29889678955078,85.3311996459961,85.7270278930664,86.37605285644531,86.59544372558594,87.13350677490234,87.51480102539062,88.44844818115234,89.06452941894531,89.45977783203125,89.93145751953125
13,mlp,gate_proj,0,2,5.93968391418457,3.97505784034729,84.98422241210938,89.57233428955078,74.07820892333984,74.07820892333984,78.66482543945312,81.75975799560547,82.35914611816406,84.13337707519531,84.66947937011719,84.75773620605469,85.39463806152344,86.07466888427734,86.48619079589844,87.69566345214844,88.01751708984375,88.39496612548828,88.63195037841797,89.0571060180664,89.57233428955078
13,mlp,gate_proj,0,3,5.978621959686279,3.9777796268463135,85.53726959228516,89.78364562988281,72.24706268310547,72.24706268310547,81.42797088623047,83.64828491210938,83.94651794433594,84.37935638427734,84.58292388916016,85.2572250366211,86.1567611694336,86.97978210449219,87.16387176513672,87.79412841796875,87.97340393066406,88.56509399414062,89.13197326660156,89.55828857421875,89.78364562988281
13,mlp,gate_proj,0,4,5.934421062469482,3.9712743759155273,84.8763656616211,89.93538665771484,70.7945556640625,70.7945556640625,79.39989471435547,82.15036010742188,82.27967834472656,83.4583969116211,83.70206451416016,85.15856170654297,85.48048400878906,86.24491119384766,86.84111022949219,87.08171844482422,88.01991271972656,88.72569274902344,89.12153625488281,89.62757110595703,89.93538665771484
13,mlp,gate_proj,1,2,5.956848621368408,3.976720094680786,85.23220825195312,89.58492279052734,73.72998046875,73.72998046875,80.58828735351562,82.13784790039062,83.04452514648438,83.58113861083984,84.04611206054688,84.9458236694336,85.83721923828125,86.2865219116211,86.91769409179688,87.53101348876953,88.33573150634766,88.5693359375,89.06112670898438,89.51793670654297,89.58492279052734
13,mlp,gate_proj,1,3,5.945418834686279,3.9741220474243164,85.05293273925781,89.87004089355469,73.27471923828125,73.27471923828125,79.39554595947266,80.4897232055664,81.68266296386719,83.91287994384766,84.39942932128906,85.63933563232422,86.16314697265625,86.55437469482422,87.17752838134766,87.4851303100586,88.1170883178711,88.16410064697266,89.13060760498047,89.39065551757812,89.87004089355469
13,mlp,gate_proj,1,4,5.9264373779296875,3.970874071121216,84.76493835449219,89.95370483398438,71.16742706298828,71.16742706298828,78.75283813476562,80.21820068359375,83.00487518310547,84.14240264892578,84.4313735961914,85.38387298583984,85.7414321899414,86.34490966796875,86.66085815429688,86.70967864990234,87.58891296386719,87.87564849853516,88.87303924560547,89.38977813720703,89.95370483398438
13,mlp,gate_proj,2,3,5.961147308349609,3.977952241897583,85.30238342285156,89.79647064208984,74.90057373046875,74.90057373046875,80.29853057861328,81.96476745605469,83.31555938720703,83.99871826171875,84.49494171142578,85.2914047241211,85.41519927978516,86.25385284423828,86.44572448730469,87.11103057861328,87.24678039550781,89.21331787109375,89.46651458740234,89.6247329711914,89.79647064208984
13,mlp,gate_proj,2,4,5.939926624298096,3.972784996032715,84.96488189697266,89.94600677490234,70.8807373046875,70.8807373046875,81.23800659179688,81.43421173095703,82.56575012207031,83.7890853881836,84.8598403930664,85.11947631835938,85.52351379394531,86.0342025756836,86.2449951171875,87.2330093383789,87.7058334350586,88.10979461669922,88.83773803710938,89.91596221923828,89.94600677490234
13,mlp,gate_proj,3,4,5.958109378814697,3.9751901626586914,85.23418426513672,89.89447021484375,71.87671661376953,71.87671661376953,80.3585205078125,82.2079849243164,83.69119262695312,84.23291778564453,84.47474670410156,84.90961456298828,86.2298355102539,86.46916198730469,87.06611633300781,87.27413177490234,87.97061920166016,88.3813247680664,89.0682144165039,89.64139556884766,89.89447021484375
13,mlp,up_proj,0,1,5.960171699523926,3.980875015258789,85.31680297851562,89.67369079589844,78.26377868652344,78.26377868652344,80.38334655761719,82.31329345703125,83.05758666992188,84.0204086303711,84.26214599609375,84.77708435058594,85.0906753540039,86.09286499023438,86.55482482910156,87.2640380859375,87.50981903076172,88.0628433227539,88.67921447753906,89.06317138671875,89.67369079589844
13,mlp,up_proj,0,2,5.9495086669921875,3.9766392707824707,85.13236999511719,89.75272369384766,75.40837860107422,75.40837860107422,78.90316772460938,81.56208801269531,82.04652404785156,83.77558898925781,84.53571319580078,85.25413513183594,85.84089660644531,86.44371795654297,86.78630828857422,87.00647735595703,87.74002075195312,88.6790542602539,89.13835906982422,89.24486541748047,89.75272369384766
13,mlp,up_proj,0,3,5.9730048179626465,3.9799251556396484,85.48211669921875,89.85768127441406,76.07469940185547,76.07469940185547,80.5849609375,81.68202209472656,83.49644470214844,84.04068756103516,85.08319091796875,85.21533203125,85.8173599243164,86.1752700805664,87.01019287109375,87.24987030029297,88.10277557373047,88.78121948242188,89.1388931274414,89.40333557128906,89.85768127441406
13,mlp,up_proj,0,4,5.944577217102051,3.9770421981811523,85.06916809082031,89.44267272949219,74.81913757324219,74.81913757324219,80.00962829589844,82.29851531982422,83.1015625,83.6406021118164,84.32138061523438,85.0491943359375,85.22930145263672,85.78608703613281,86.2306137084961,87.01329803466797,87.70774841308594,88.1106185913086,88.9818344116211,89.36445617675781,89.44267272949219
13,mlp,up_proj,1,2,5.953782558441162,3.977433204650879,85.19804382324219,89.97042083740234,77.046630859375,77.046630859375,79.09226989746094,80.35995483398438,81.65853881835938,84.17292785644531,84.69474792480469,84.75969696044922,85.31757354736328,86.38976287841797,86.875244140625,87.39064025878906,87.93978118896484,88.80716705322266,89.1411361694336,89.55221557617188,89.97042083740234
13,mlp,up_proj,1,3,5.9253082275390625,3.9754464626312256,84.79415130615234,89.78237915039062,76.30340576171875,76.30340576171875,78.88985443115234,80.03638458251953,82.22931671142578,83.34635925292969,84.20206451416016,85.06742095947266,85.54735565185547,85.78582763671875,86.10713958740234,86.93724060058594,87.62181854248047,88.01631927490234,88.1768569946289,88.65666961669922,89.78237915039062
13,mlp,up_proj,1,4,5.91935396194458,3.9711227416992188,84.67281341552734,89.9921875,73.317138671875,73.317138671875,77.50626373291016,80.77521514892578,81.88057708740234,82.22573852539062,84.06475830078125,84.8423080444336,85.49825286865234,86.0569839477539,87.05636596679688,87.65808868408203,87.92041015625,88.23485565185547,88.72406005859375,89.01182556152344,89.9921875
13,mlp,up_proj,2,3,5.91468620300293,3.971590042114258,84.6146240234375,89.76239776611328,73.82868957519531,73.82868957519531,79.18904876708984,79.83714294433594,81.92281341552734,82.70843505859375,83.40367889404297,83.86003112792969,85.09117126464844,85.46000671386719,86.60232543945312,86.97550201416016,87.9157485961914,88.64305877685547,89.08494567871094,89.54898071289062,89.76239776611328
13,mlp,up_proj,2,4,5.931783199310303,3.9749295711517334,84.87673950195312,89.96405029296875,75.75994873046875,75.75994873046875,78.1909408569336,80.8420639038086,82.78755950927734,83.18991088867188,84.40995025634766,84.5491714477539,85.12115478515625,85.36186981201172,86.21515655517578,87.0401611328125,87.71563720703125,88.00005340576172,89.06805419921875,89.81209564208984,89.96405029296875
13,mlp,up_proj,3,4,5.914444923400879,3.9686520099639893,84.58192443847656,89.56656646728516,70.10749053955078,70.10749053955078,79.79236602783203,79.92097473144531,82.10867309570312,82.73224639892578,84.12186431884766,85.29549407958984,85.59230041503906,85.82785034179688,86.6360855102539,86.93360137939453,88.08269500732422,88.62516021728516,88.72733306884766,89.24002838134766,89.56656646728516
13,self_attn,k_proj,0,1,5.390729904174805,3.8554606437683105,76.76190185546875,89.71485900878906,60.17902374267578,60.17902374267578,64.01705932617188,67.24317169189453,69.5542984008789,72.29570770263672,74.09659576416016,74.88583374023438,76.34935760498047,76.88327026367188,79.73806762695312,81.37456512451172,83.76769256591797,84.30809020996094,86.6655502319336,87.1174087524414,89.71485900878906
13,self_attn,k_proj,0,2,5.325103282928467,3.816925048828125,75.54454040527344,89.45427703857422,50.20733642578125,50.20733642578125,59.53550338745117,64.80624389648438,66.80387878417969,71.56393432617188,73.36888885498047,75.12129211425781,76.58412170410156,77.58727264404297,79.84896087646484,81.37997436523438,83.50592803955078,84.82040405273438,86.28874969482422,87.83585357666016,89.45427703857422
13,self_attn,k_proj,0,3,5.324217796325684,3.8290183544158936,75.69190979003906,89.58763885498047,60.15617752075195,60.15617752075195,61.624393463134766,62.95878982543945,66.07106018066406,69.55680847167969,72.02789306640625,72.77208709716797,75.5207290649414,78.8177719116211,80.17031860351562,80.75260925292969,82.3163070678711,84.55386352539062,85.36152648925781,88.8226089477539,89.58763885498047
13,self_attn,k_proj,0,4,5.380492687225342,3.8497300148010254,76.58628845214844,89.5854721069336,62.44478225708008,62.44478225708008,63.679039001464844,66.81723022460938,69.25055694580078,70.74809265136719,71.90133666992188,72.24168395996094,74.8709487915039,78.04177856445312,79.04916381835938,80.9504623413086,84.48794555664062,85.4670181274414,87.33753204345703,88.5075912475586,89.5854721069336
13,self_attn,k_proj,1,2,5.410330295562744,3.861928701400757,77.06511688232422,88.76256561279297,60.9361572265625,60.9361572265625,64.43606567382812,68.16181945800781,69.40411376953125,71.30818176269531,72.97923278808594,77.23799133300781,77.68150329589844,78.06928253173828,80.04448699951172,81.7963638305664,84.59125518798828,84.80195617675781,85.96024322509766,86.87061309814453,88.76256561279297
13,self_attn,k_proj,1,3,5.2690958976745605,3.8122096061706543,74.85049438476562,89.31275939941406,54.764991760253906,54.764991760253906,60.478782653808594,62.02348327636719,68.02818298339844,68.9655990600586,71.90092468261719,72.35640716552734,75.82479095458984,77.41780853271484,78.77849578857422,81.15567016601562,82.08052825927734,83.09955596923828,84.83251190185547,86.58749389648438,89.31275939941406
13,self_attn,k_proj,1,4,5.356153964996338,3.839517116546631,76.1816635131836,89.08287048339844,59.12104797363281,59.12104797363281,63.197750091552734,64.73123931884766,68.56389617919922,69.35855865478516,71.93650817871094,72.7492446899414,76.89222717285156,78.93168640136719,80.30131530761719,81.13031005859375,82.83301544189453,85.30510711669922,86.92501831054688,87.84676361083984,89.08287048339844
13,self_attn,k_proj,2,3,5.385054111480713,3.849534034729004,76.63601684570312,89.49846649169922,62.00969314575195,62.00969314575195,63.65363693237305,65.73362731933594,67.80033874511719,69.21818542480469,71.85113525390625,74.03643035888672,76.43611145019531,78.71521759033203,82.11100006103516,82.45792388916016,84.07404327392578,85.41673278808594,86.27110290527344,86.89253234863281,89.49846649169922
13,self_attn,k_proj,2,4,5.4467854499816895,3.8737008571624756,77.6351318359375,89.95809173583984,64.06229400634766,64.06229400634766,66.53337097167969,69.13277435302734,69.60128021240234,72.48057556152344,73.53057861328125,75.00581359863281,77.25321960449219,78.41197204589844,80.69023895263672,82.25237274169922,83.71241760253906,84.76668548583984,86.57183074951172,88.19862365722656,89.95809173583984
13,self_attn,k_proj,3,4,5.380410194396973,3.8495187759399414,76.58159637451172,89.51992797851562,60.67667770385742,60.67667770385742,65.12393951416016,67.21509552001953,69.14989471435547,69.85459899902344,71.10336303710938,73.99404907226562,75.40940856933594,78.61927795410156,78.80290222167969,81.24849700927734,82.59902954101562,85.41901397705078,87.8215560913086,88.7483139038086,89.51992797851562
13,self_attn,o_proj,0,1,5.797175884246826,3.9554474353790283,82.89564514160156,89.19673156738281,70.7909927368164,70.7909927368164,75.84833526611328,77.65367889404297,79.53780364990234,80.78056335449219,81.91339874267578,83.01683044433594,83.39385986328125,84.07101440429688,85.03907012939453,85.28679656982422,86.00878143310547,87.08087921142578,88.03479766845703,88.67677307128906,89.19673156738281
13,self_attn,o_proj,0,2,5.779834270477295,3.952017068862915,82.6364974975586,89.67166137695312,73.69703674316406,73.69703674316406,74.93627166748047,76.86559295654297,77.986083984375,78.69464111328125,79.76276397705078,81.27606201171875,82.34307861328125,84.14260864257812,84.78596496582031,85.90946197509766,87.07025146484375,87.70243835449219,87.87198638916016,89.46805572509766,89.67166137695312
13,self_attn,o_proj,0,3,5.795706272125244,3.9545211791992188,82.86869812011719,89.41950988769531,72.44580078125,72.44580078125,76.30908966064453,77.23479461669922,78.02733612060547,80.06585693359375,80.3978271484375,81.06006622314453,83.56380462646484,83.77418518066406,85.14146423339844,86.19244384765625,87.01134490966797,87.85225677490234,88.50169372558594,88.90167236328125,89.41950988769531
13,self_attn,o_proj,0,4,5.818538665771484,3.9577581882476807,83.20053100585938,89.83248901367188,72.10147094726562,72.10147094726562,76.09535217285156,78.3299789428711,78.6595687866211,80.27816772460938,81.45853424072266,82.61779022216797,84.31269836425781,84.61613464355469,85.2681884765625,85.70321655273438,86.43415069580078,87.73461151123047,88.623779296875,89.14241027832031,89.83248901367188
13,self_attn,o_proj,1,2,5.756397724151611,3.9477806091308594,82.28858184814453,89.92326354980469,71.9240951538086,71.9240951538086,74.52191162109375,76.469970703125,77.82267761230469,79.22796630859375,80.44265747070312,81.08245849609375,82.10728454589844,82.62974548339844,83.57193756103516,84.87689208984375,86.64958190917969,87.71394348144531,88.39938354492188,89.25359344482422,89.92326354980469
13,self_attn,o_proj,1,3,5.810879230499268,3.9584038257598877,83.10576629638672,89.97443389892578,73.52273559570312,73.52273559570312,76.1139907836914,77.7927017211914,79.78560638427734,80.34223937988281,80.9827651977539,81.92424011230469,83.65673828125,84.12628173828125,84.46444702148438,85.28512573242188,87.23471069335938,87.61443328857422,88.02671813964844,88.84515380859375,89.97443389892578
13,self_attn,o_proj,1,4,5.782462120056152,3.95284104347229,82.67807006835938,89.39105224609375,71.53224182128906,71.53224182128906,76.82160186767578,77.32975769042969,77.8208999633789,78.65534973144531,81.30304718017578,82.3672103881836,82.80653381347656,83.49980163574219,84.53600311279297,85.16404724121094,87.17276763916016,87.51531982421875,87.67447662353516,89.25892639160156,89.39105224609375
13,self_attn,o_proj,2,3,5.776101112365723,3.952432632446289,82.59101104736328,89.6861572265625,73.06548309326172,73.06548309326172,75.06094360351562,77.00833129882812,78.4499740600586,78.62808990478516,80.52334594726562,81.94363403320312,82.76493835449219,83.87628173828125,84.28683471679688,85.70479583740234,86.69203186035156,86.91423797607422,87.86170959472656,88.98939514160156,89.6861572265625
13,self_attn,o_proj,2,4,5.785594463348389,3.954379081726074,82.73443603515625,89.34423828125,73.55597686767578,73.55597686767578,75.48614501953125,77.43731689453125,78.77442932128906,79.4941635131836,80.4074935913086,81.1426010131836,82.6395034790039,83.90621948242188,84.05974578857422,86.13865661621094,86.26161193847656,87.74687194824219,88.28042602539062,89.07555389404297,89.34423828125
13,self_attn,o_proj,3,4,5.809260368347168,3.9583346843719482,83.08366394042969,89.36920928955078,73.75302124023438,73.75302124023438,76.51500701904297,77.5051498413086,78.1882553100586,79.6464614868164,81.84927368164062,82.60748291015625,83.77214813232422,84.24977111816406,85.02992248535156,85.95307922363281,86.83678436279297,87.48958587646484,87.87728881835938,88.69612121582031,89.36920928955078
13,self_attn,q_proj,0,1,5.6462931632995605,3.9250614643096924,80.644775390625,89.8086166381836,69.3493881225586,69.3493881225586,71.47698211669922,73.89440155029297,75.09990692138672,76.10111999511719,77.2964859008789,79.0286865234375,79.66891479492188,81.94391632080078,84.39691162109375,84.80148315429688,85.30496978759766,86.24699401855469,87.47093963623047,88.42665100097656,89.8086166381836
13,self_attn,q_proj,0,2,5.654260635375977,3.9249887466430664,80.7453384399414,89.69375610351562,67.31071472167969,67.31071472167969,72.76721954345703,74.18998718261719,74.52641296386719,76.12725830078125,78.96389770507812,80.01568603515625,80.49048614501953,80.93791961669922,82.97997283935547,84.48921203613281,84.96708679199219,86.5601806640625,88.66121673583984,89.24442291259766,89.69375610351562
13,self_attn,q_proj,0,3,5.646745204925537,3.9267406463623047,80.666259765625,89.75210571289062,70.17994689941406,70.17994689941406,71.02091979980469,72.92869567871094,74.65973663330078,77.61552429199219,78.6484146118164,79.09318542480469,80.98548126220703,81.9267349243164,83.14175415039062,84.68213653564453,85.21013641357422,85.89025115966797,87.06541442871094,87.85980224609375,89.75210571289062
13,self_attn,q_proj,0,4,5.686012268066406,3.934121608734131,81.24241638183594,89.68991088867188,70.00985717773438,70.00985717773438,72.26057434082031,74.4169921875,76.42892456054688,77.41561126708984,79.10453033447266,79.58686065673828,81.53242492675781,82.8313217163086,83.56779479980469,84.81139373779297,85.85396575927734,86.22681427001953,87.76577758789062,88.37600708007812,89.68991088867188
13,self_attn,q_proj,1,2,5.676024436950684,3.9275779724121094,81.05062866210938,89.97093200683594,68.77110290527344,68.77110290527344,71.71768188476562,72.9871826171875,74.90713500976562,76.18519592285156,78.79694366455078,80.19322967529297,81.25688934326172,83.05681610107422,83.68981170654297,84.11386108398438,86.63856506347656,87.25037384033203,88.00764465332031,89.26679229736328,89.97093200683594
13,self_attn,q_proj,1,3,5.611492156982422,3.9165267944335938,80.11785125732422,89.74486541748047,67.487548828125,67.487548828125,70.68675231933594,74.0797348022461,74.62451171875,76.17538452148438,77.47356414794922,77.95991516113281,79.23601531982422,80.30704498291016,81.62384796142578,81.99053955078125,86.44293975830078,87.44132995605469,87.77849578857422,88.83314514160156,89.74486541748047
13,self_attn,q_proj,1,4,5.630768299102783,3.920795202255249,80.40452575683594,89.43412017822266,69.40524291992188,69.40524291992188,70.1786880493164,72.95528411865234,73.6200180053711,75.18596649169922,78.62576293945312,79.29891204833984,80.73351287841797,81.58160400390625,82.97168731689453,84.13387298583984,85.84847259521484,86.88284301757812,86.93914031982422,88.67729949951172,89.43412017822266
13,self_attn,q_proj,2,3,5.61591100692749,3.918285846710205,80.189208984375,89.57832336425781,67.14808654785156,67.14808654785156,70.1181411743164,72.23746490478516,75.14073944091797,77.2860336303711,77.93976593017578,79.42160034179688,80.09307861328125,81.90547943115234,83.04552459716797,83.53120422363281,84.25220489501953,85.33773040771484,87.81670379638672,88.17515563964844,89.57832336425781
13,self_attn,q_proj,2,4,5.660768985748291,3.923271656036377,80.81085968017578,89.31934356689453,66.54054260253906,66.54054260253906,70.81482696533203,73.0482177734375,74.60569763183594,76.78768920898438,78.78685760498047,80.44654083251953,81.03534698486328,82.93479919433594,83.97869873046875,84.81165313720703,85.92667388916016,86.60655212402344,88.49998474121094,88.83027648925781,89.31934356689453
13,self_attn,q_proj,3,4,5.603857040405273,3.916937828063965,80.02301788330078,89.32952880859375,66.7640151977539,66.7640151977539,71.11686706542969,72.79454803466797,74.55839538574219,76.9148178100586,78.09300231933594,78.1755142211914,79.34437561035156,81.28826904296875,82.64695739746094,83.99153900146484,84.40056610107422,86.09505462646484,86.83599853515625,88.01885986328125,89.32952880859375
13,self_attn,v_proj,0,1,5.358469009399414,3.839261770248413,76.20551300048828,89.56282043457031,57.887203216552734,57.887203216552734,63.22722244262695,65.77224731445312,68.13433074951172,69.66947937011719,72.26409149169922,74.8309097290039,76.31452941894531,77.99703979492188,79.4566650390625,80.89662170410156,83.00811004638672,84.29781341552734,87.05072784423828,88.91845703125,89.56282043457031
13,self_attn,v_proj,0,2,5.4577789306640625,3.8700053691864014,77.72091674804688,89.1685791015625,57.1053352355957,57.1053352355957,68.17920684814453,69.37380981445312,70.30966186523438,73.73301696777344,74.08793640136719,76.62964630126953,77.0541000366211,79.47579193115234,81.29562377929688,82.16519927978516,84.38958740234375,85.47159576416016,86.62288665771484,88.47269439697266,89.1685791015625
13,self_attn,v_proj,0,3,5.489407539367676,3.883295774459839,78.25355529785156,89.63552856445312,63.35851287841797,63.35851287841797,66.26570892333984,68.1078109741211,71.9094467163086,74.03379821777344,75.60843658447266,77.36321258544922,78.77618408203125,79.9460220336914,80.27747344970703,82.60317993164062,84.10253143310547,84.74342346191406,86.82843017578125,88.49723052978516,89.63552856445312
13,self_attn,v_proj,0,4,5.429450035095215,3.854072332382202,77.2114486694336,89.84162139892578,56.46648406982422,56.46648406982422,64.00611877441406,67.32740020751953,68.61992645263672,70.90380096435547,74.21061706542969,76.00789642333984,78.0351333618164,80.52961730957031,81.83991241455078,82.75479125976562,83.86752319335938,85.19586944580078,86.89298248291016,88.88349151611328,89.84162139892578
13,self_attn,v_proj,1,2,5.389943599700928,3.8489439487457275,76.67959594726562,89.47689056396484,57.63470458984375,57.63470458984375,62.49979782104492,66.33702087402344,68.8853988647461,72.18669891357422,74.2127685546875,75.88829803466797,76.71452331542969,77.96488189697266,81.34334564208984,82.03056335449219,82.95310974121094,84.48445129394531,86.31737518310547,87.9437484741211,89.47689056396484
13,self_attn,v_proj,1,3,5.414454460144043,3.857556104660034,77.06686401367188,88.61792755126953,58.3712158203125,58.3712158203125,63.9445686340332,67.11237335205078,71.00758361816406,71.60015106201172,72.58952331542969,76.20751953125,77.30543518066406,79.68214416503906,80.35777282714844,82.29412841796875,84.8702621459961,85.37456512451172,85.8028564453125,87.9317626953125,88.61792755126953
13,self_attn,v_proj,1,4,5.405149459838867,3.831117630004883,76.66734313964844,89.88062286376953,54.5712890625,54.5712890625,56.31383514404297,65.2822036743164,69.06654357910156,70.61144256591797,71.48002624511719,76.5497817993164,78.04842376708984,80.22821044921875,83.0064697265625,83.53974914550781,86.0643081665039,86.2085189819336,87.2677230834961,88.55828857421875,89.88062286376953
13,self_attn,v_proj,2,3,5.3741374015808105,3.8486196994781494,76.490966796875,88.69461822509766,59.29206466674805,59.29206466674805,64.71684265136719,66.0653305053711,68.34912872314453,70.32278442382812,73.41339874267578,74.13961791992188,77.2779769897461,78.18032836914062,79.49093627929688,81.16472625732422,83.09659576416016,84.91987609863281,86.6310806274414,88.10022735595703,88.69461822509766
13,self_attn,v_proj,2,4,5.450087547302246,3.858720302581787,77.51631164550781,89.51970672607422,58.990264892578125,58.990264892578125,62.99678421020508,66.03887939453125,69.76904296875,70.73016357421875,74.19930267333984,76.64080047607422,78.41036987304688,80.62618255615234,81.79833984375,82.75965118408203,84.9852523803711,85.8640365600586,87.7780532836914,89.15423583984375,89.51970672607422
13,self_attn,v_proj,3,4,5.440948963165283,3.862908363342285,77.44532775878906,89.70195770263672,60.097381591796875,60.097381591796875,61.47557067871094,68.34745025634766,70.0036849975586,73.18545532226562,75.10502624511719,75.5554428100586,78.68506622314453,79.09186553955078,81.13067626953125,82.85340118408203,84.7313003540039,84.88645935058594,85.63383483886719,88.64073181152344,89.70195770263672
14,mlp,down_proj,0,1,5.865844249725342,3.9678502082824707,83.92497253417969,89.77517700195312,75.27314758300781,75.27314758300781,77.47135162353516,79.81232452392578,81.15540313720703,81.31182861328125,82.3426513671875,83.3237533569336,83.7390365600586,84.87628173828125,86.0065689086914,86.15873718261719,86.70858764648438,87.55335235595703,88.51310729980469,88.77821350097656,89.77517700195312
14,mlp,down_proj,0,2,5.843075752258301,3.963583469390869,83.58202362060547,89.88307189941406,75.83780670166016,75.83780670166016,77.25979614257812,79.27716064453125,79.42469024658203,80.01129150390625,81.39232635498047,81.73224639892578,83.01922607421875,84.34782409667969,85.4946060180664,85.8047866821289,87.25572204589844,87.76544189453125,89.23189544677734,89.5744857788086,89.88307189941406
14,mlp,down_proj,0,3,5.868284225463867,3.9673545360565186,83.95310974121094,89.51374816894531,76.14500427246094,76.14500427246094,77.28451538085938,79.09912872314453,79.80192565917969,80.4247055053711,82.49717712402344,83.58071899414062,84.50218963623047,85.49900817871094,85.65315246582031,86.37845611572266,87.03402709960938,87.72671508789062,88.8077163696289,89.3014907836914,89.51374816894531
14,mlp,down_proj,0,4,5.89323616027832,3.9703502655029297,84.31500244140625,89.63843536376953,75.53526306152344,75.53526306152344,77.3675537109375,80.13542175292969,80.7508316040039,82.11324310302734,83.1662368774414,83.80838012695312,84.62742614746094,85.46975708007812,86.06407165527344,86.85680389404297,87.55357360839844,88.33282470703125,88.76782989501953,88.85244750976562,89.63843536376953
14,mlp,down_proj,1,2,5.87922477722168,3.969362258911133,84.11819458007812,89.71768188476562,75.9531021118164,75.9531021118164,78.11160278320312,79.56692504882812,80.59203338623047,81.71432495117188,82.48893737792969,83.60757446289062,83.88166809082031,84.88236236572266,85.92520904541016,86.05621337890625,87.39929962158203,87.94288635253906,88.9399642944336,89.11136627197266,89.71768188476562
14,mlp,down_proj,1,3,5.804510116577148,3.954831600189209,82.98711395263672,89.9965591430664,71.43153381347656,71.43153381347656,75.0604019165039,77.51561737060547,78.42546081542969,81.06063079833984,81.70397186279297,83.09618377685547,83.5312728881836,84.01470947265625,84.63887786865234,85.53155517578125,86.13391876220703,87.9256591796875,88.6306381225586,89.09683227539062,89.9965591430664
14,mlp,down_proj,1,4,5.859699249267578,3.9656569957733154,83.82228088378906,89.67428588867188,74.80671691894531,74.80671691894531,76.857666015625,78.4341049194336,79.95629119873047,81.5572509765625,82.59849548339844,83.46746826171875,84.22284698486328,85.14070129394531,85.9608154296875,86.51322937011719,87.00048065185547,87.89131164550781,88.17479705810547,88.90006256103516,89.67428588867188
14,mlp,down_proj,2,3,5.862170696258545,3.966080665588379,83.85868835449219,89.7781753540039,73.03681182861328,73.03681182861328,77.07831573486328,80.81599426269531,81.25731658935547,81.3866958618164,82.23896026611328,83.95220947265625,84.59626770019531,85.02486419677734,85.49401092529297,85.86309814453125,86.54877471923828,87.25045013427734,88.56731414794922,88.84976196289062,89.7781753540039
14,mlp,down_proj,2,4,5.880608081817627,3.969438076019287,84.13724517822266,89.94774627685547,75.45012664794922,75.45012664794922,78.12259674072266,79.11461639404297,81.02870178222656,81.61951446533203,83.04684448242188,83.75523376464844,84.20573425292969,85.40121459960938,85.99852752685547,86.74433135986328,87.2607192993164,87.5600814819336,87.99080657958984,88.94912719726562,89.94774627685547
14,mlp,down_proj,3,4,5.844686508178711,3.9647951126098633,83.61421966552734,89.2730941772461,74.56002044677734,74.56002044677734,77.74503326416016,78.75222778320312,79.90902709960938,80.69911193847656,81.38399505615234,83.75596618652344,84.12793731689453,85.21524810791016,85.7411117553711,86.08155059814453,86.57319641113281,87.37077331542969,87.80584716796875,88.83338165283203,89.2730941772461
14,mlp,gate_proj,0,1,5.901817321777344,3.95892071723938,84.31583404541016,89.91759490966797,65.67186737060547,65.67186737060547,74.54417419433594,80.29112243652344,82.75918579101562,83.80307006835938,84.32193756103516,85.90930938720703,86.24472045898438,86.5603256225586,86.79110717773438,87.67017364501953,87.8069839477539,88.48530578613281,88.80802917480469,89.46842193603516,89.91759490966797
14,mlp,gate_proj,0,2,5.879048824310303,3.9557273387908936,83.97935485839844,89.9085693359375,64.87906646728516,64.87906646728516,74.0181655883789,81.37608337402344,82.38359832763672,82.90113067626953,83.44050598144531,84.48465728759766,85.46849822998047,86.18762969970703,86.63690185546875,87.57563018798828,87.90074157714844,88.37068176269531,89.01819610595703,89.11971282958984,89.9085693359375
14,mlp,gate_proj,0,3,5.925183296203613,3.9655163288116455,84.69517517089844,89.89105224609375,67.82830810546875,67.82830810546875,76.6897964477539,82.03945922851562,82.86294555664062,83.69368743896484,84.19924926757812,85.09900665283203,85.842529296875,86.42779541015625,87.072509765625,87.74449157714844,88.08820343017578,88.78958892822266,89.3309555053711,89.52315521240234,89.89105224609375
14,mlp,gate_proj,0,4,5.939198017120361,3.9670302867889404,84.89887237548828,89.81816101074219,68.06135559082031,68.06135559082031,77.08538055419922,81.68408203125,83.16045379638672,83.7364273071289,85.05024719238281,85.53059387207031,86.09532165527344,86.93022155761719,87.35871887207031,87.74645233154297,88.34320068359375,88.92096710205078,89.17903900146484,89.68135070800781,89.81816101074219
14,mlp,gate_proj,1,2,5.894453048706055,3.959824323654175,84.2261734008789,89.6006851196289,65.94564056396484,65.94564056396484,76.25891876220703,80.73442840576172,82.04095458984375,83.07428741455078,83.69905853271484,84.60838317871094,85.38743591308594,86.15123748779297,87.4101333618164,87.63748931884766,88.29296875,88.78392028808594,88.90772247314453,89.08547973632812,89.6006851196289
14,mlp,gate_proj,1,3,5.909692287445068,3.962925910949707,84.46170806884766,89.84439849853516,67.87203979492188,67.87203979492188,74.0522232055664,81.7445068359375,83.28186798095703,83.68132019042969,85.10881805419922,85.32516479492188,85.92322540283203,86.40312957763672,86.80059051513672,87.5538101196289,87.6567611694336,88.01641845703125,88.53153228759766,89.59152221679688,89.84439849853516
14,mlp,gate_proj,1,4,5.91746187210083,3.964738607406616,84.58425903320312,89.40745544433594,68.7011947631836,68.7011947631836,74.61325073242188,81.49663543701172,82.572265625,84.28325653076172,84.75334167480469,85.42985534667969,85.74248504638672,86.81871795654297,87.12531280517578,87.51327514648438,88.1688232421875,88.59495544433594,88.78839111328125,89.33887481689453,89.40745544433594
14,mlp,gate_proj,2,3,5.928686618804932,3.9659879207611084,84.74687957763672,89.79585266113281,67.731201171875,67.731201171875,77.79370880126953,81.32076263427734,82.70236206054688,83.80170440673828,84.20159149169922,85.22241973876953,85.4595947265625,86.61958312988281,87.09076690673828,87.90338897705078,88.42508697509766,88.99845886230469,89.38292694091797,89.50064849853516,89.79585266113281
14,mlp,gate_proj,2,4,5.912052154541016,3.965247631072998,84.51609802246094,89.44231414794922,68.21919250488281,68.21919250488281,77.20085144042969,80.3100357055664,82.01058197021484,84.05302429199219,84.74430084228516,85.57561492919922,85.7325668334961,86.315185546875,87.0147933959961,87.44107055664062,87.92509460449219,88.24147033691406,88.85763549804688,89.17383575439453,89.44231414794922
14,mlp,gate_proj,3,4,5.915390491485596,3.9692671298980713,84.60077667236328,89.74259948730469,71.12968444824219,71.12968444824219,76.4020767211914,82.64217376708984,82.97198486328125,83.61286926269531,83.86414337158203,84.85382843017578,85.06836700439453,85.99951934814453,86.66029357910156,87.30899810791016,87.48521423339844,87.9749984741211,88.5489273071289,89.34675598144531,89.74259948730469
14,mlp,up_proj,0,1,5.908797264099121,3.96695876121521,84.48863220214844,89.81004333496094,68.45452880859375,68.45452880859375,79.46348571777344,81.7232437133789,82.34432983398438,83.18126678466797,83.93441772460938,84.69310760498047,85.00225067138672,86.13854217529297,86.44701385498047,86.58582305908203,87.63789367675781,88.52161407470703,88.5833511352539,89.29718017578125,89.81004333496094
14,mlp,up_proj,0,2,5.9025750160217285,3.964240312576294,84.379150390625,89.88868713378906,68.0638198852539,68.0638198852539,76.99803161621094,81.57350158691406,82.49909210205078,83.07518005371094,83.4026107788086,84.6305923461914,85.13387298583984,86.17816925048828,86.96636199951172,87.43595886230469,87.5365219116211,88.47464752197266,88.64886474609375,89.56045532226562,89.88868713378906
14,mlp,up_proj,0,3,5.90019416809082,3.9660804271698,84.36553955078125,89.7597427368164,69.38658142089844,69.38658142089844,77.19495391845703,81.31339263916016,82.3248291015625,83.53681182861328,84.00714874267578,84.10997772216797,84.87995147705078,86.09587860107422,86.36715698242188,87.20020294189453,87.85424041748047,87.97013092041016,88.80603790283203,89.04156494140625,89.7597427368164
14,mlp,up_proj,0,4,5.920578956604004,3.9664554595947266,84.64260864257812,89.9639663696289,68.78519439697266,68.78519439697266,75.95958709716797,82.49311828613281,83.089111328125,83.52825164794922,84.67061614990234,85.21942138671875,85.6434097290039,86.15748596191406,87.16168975830078,87.24534606933594,88.082763671875,88.45720672607422,88.75079345703125,89.07381439208984,89.9639663696289
14,mlp,up_proj,1,2,5.92234468460083,3.9687981605529785,84.68966674804688,89.94393157958984,70.04329681396484,70.04329681396484,78.0903549194336,81.6530990600586,82.48688507080078,83.02992248535156,84.16667175292969,84.75904083251953,85.6490249633789,86.05601501464844,87.09256744384766,87.25386810302734,87.74791717529297,88.363525390625,89.17369842529297,89.5248031616211,89.94393157958984
14,mlp,up_proj,1,3,5.916642189025879,3.9670193195343018,84.59553527832031,89.58917999267578,69.07965087890625,69.07965087890625,79.15157318115234,80.38756561279297,82.37930297851562,82.58490753173828,83.87321472167969,84.66951751708984,85.2530746459961,86.07308197021484,87.25872802734375,87.5284652709961,87.8737564086914,88.82315063476562,89.4432601928711,89.56005096435547,89.58917999267578
14,mlp,up_proj,1,4,5.90179443359375,3.9680840969085693,84.40630340576172,89.49284362792969,69.91654205322266,69.91654205322266,80.07218170166016,80.9229965209961,82.07009887695312,83.11437225341797,83.6302261352539,84.13153839111328,84.84310913085938,85.29508209228516,86.40684509277344,86.60200500488281,87.4104232788086,88.55914306640625,88.83151245117188,89.2019271850586,89.49284362792969
14,mlp,up_proj,2,3,5.907012462615967,3.9642415046691895,84.43877410888672,89.72518920898438,68.11837768554688,68.11837768554688,76.41152954101562,81.02881622314453,82.51618194580078,83.54871368408203,83.80343627929688,84.61377716064453,85.9747543334961,86.40139770507812,87.28849029541016,87.46076202392578,87.58875274658203,88.32785034179688,88.65361022949219,89.5586929321289,89.72518920898438
14,mlp,up_proj,2,4,5.903916835784912,3.9649064540863037,84.40333557128906,89.65450286865234,68.16429901123047,68.16429901123047,76.66679382324219,81.81327819824219,82.51753234863281,83.55447387695312,84.48115539550781,84.65631103515625,85.3508071899414,85.83419799804688,87.12590789794922,87.34385681152344,87.62787628173828,88.25336456298828,88.51625061035156,88.89277648925781,89.65450286865234
14,mlp,up_proj,3,4,5.893180847167969,3.9648075103759766,84.25883483886719,89.96542358398438,68.62593841552734,68.62593841552734,77.5109634399414,80.81138610839844,82.53067016601562,83.1167984008789,83.62418365478516,84.71392059326172,85.74030303955078,85.91549682617188,86.13414764404297,86.51334381103516,87.58155822753906,87.85086822509766,88.24302673339844,89.26325225830078,89.96542358398438
14,self_attn,k_proj,0,1,5.313218116760254,3.8310484886169434,75.5757064819336,89.23271179199219,58.446876525878906,58.446876525878906,59.689266204833984,66.33261108398438,68.27153778076172,71.04855346679688,72.00659942626953,74.42820739746094,75.16040802001953,76.62616729736328,78.197509765625,81.1006851196289,82.36473846435547,83.98260498046875,85.07095336914062,87.2518081665039,89.23271179199219
14,self_attn,k_proj,0,2,5.300118446350098,3.8128087520599365,75.22998809814453,88.93991088867188,56.462242126464844,56.462242126464844,60.09052658081055,61.27760696411133,65.16561889648438,69.09618377685547,70.7691879272461,73.17447662353516,75.39734649658203,78.01608276367188,80.33763885498047,81.15697479248047,84.46166229248047,85.12064361572266,85.68217468261719,88.53150177001953,88.93991088867188
14,self_attn,k_proj,0,3,5.324616432189941,3.8323442935943604,75.7283935546875,89.24999237060547,59.242530822753906,59.242530822753906,61.05427932739258,64.89422607421875,68.07658386230469,69.79192352294922,70.60617065429688,74.6895751953125,75.57501220703125,77.49270629882812,79.53900909423828,81.18383026123047,82.84850311279297,84.17605590820312,85.92736053466797,87.30648803710938,89.24999237060547
14,self_attn,k_proj,0,4,5.261153221130371,3.81088924407959,74.75517272949219,89.88155364990234,56.80585479736328,56.80585479736328,61.38173294067383,63.01506042480469,67.68595886230469,69.12887573242188,70.18053436279297,70.575439453125,73.99126434326172,76.29212951660156,78.40719604492188,79.40979766845703,82.35997772216797,83.13485717773438,85.44507598876953,88.3875503540039,89.88155364990234
14,self_attn,k_proj,1,2,5.29007625579834,3.82517147064209,75.2414321899414,89.24736022949219,58.99447250366211,58.99447250366211,60.87769317626953,62.8713264465332,66.7171630859375,71.35040283203125,72.51103210449219,73.66336822509766,75.4542465209961,77.59568786621094,79.61151885986328,79.77299499511719,80.63152313232422,81.31159973144531,85.89080810546875,87.36173248291016,89.24736022949219
14,self_attn,k_proj,1,3,5.3269758224487305,3.8309178352355957,75.75077819824219,89.18534088134766,60.56010055541992,60.56010055541992,63.765899658203125,64.48982238769531,66.62899017333984,69.25988006591797,71.39999389648438,72.32967376708984,74.33246612548828,74.98208618164062,77.76683807373047,81.97084045410156,83.25167846679688,87.0322494506836,87.16403198242188,87.89248657226562,89.18534088134766
14,self_attn,k_proj,1,4,5.299090385437012,3.825061559677124,75.3507080078125,89.36839294433594,58.633304595947266,58.633304595947266,61.55042266845703,65.41624450683594,66.5659408569336,68.93354034423828,70.21224975585938,73.1589584350586,74.70903015136719,78.06835174560547,78.48119354248047,80.84613037109375,82.73109436035156,84.1463851928711,85.93282318115234,86.85737609863281,89.36839294433594
14,self_attn,k_proj,2,3,5.2851738929748535,3.8200390338897705,75.12962341308594,89.18344116210938,56.89229202270508,56.89229202270508,61.20825958251953,63.67021560668945,67.63790130615234,69.5878677368164,71.3934097290039,73.38497924804688,74.40656280517578,76.85688018798828,78.48321533203125,80.7195816040039,81.93172454833984,83.78878021240234,85.02056884765625,87.90838623046875,89.18344116210938
14,self_attn,k_proj,2,4,5.271200180053711,3.8128583431243896,74.89063262939453,89.67227172851562,56.99727249145508,56.99727249145508,58.77605438232422,64.36763000488281,67.7525863647461,68.7368392944336,71.3901596069336,72.95488739013672,74.38396453857422,76.2992935180664,77.92835235595703,79.45487213134766,80.89462280273438,83.73302459716797,86.84375762939453,88.06451416015625,89.67227172851562
14,self_attn,k_proj,3,4,5.323248386383057,3.840700387954712,75.80110168457031,88.3470458984375,60.41526794433594,60.41526794433594,63.8558464050293,66.70490264892578,69.00528717041016,70.44007873535156,71.07135772705078,72.91641998291016,74.45111846923828,77.47010803222656,78.16539764404297,81.26351165771484,82.24671936035156,84.1242904663086,85.52364349365234,86.8165512084961,88.3470458984375
14,self_attn,o_proj,0,1,5.756464958190918,3.951925277709961,82.32876586914062,89.81462860107422,72.90137481689453,72.90137481689453,76.58568572998047,77.47327423095703,78.2469482421875,78.58697509765625,80.82508087158203,81.18829345703125,82.43729400634766,83.07544708251953,83.62254333496094,84.52381896972656,85.64134979248047,86.7385482788086,87.28072357177734,88.31820678710938,89.81462860107422
14,self_attn,o_proj,0,2,5.752285003662109,3.947845458984375,82.2349853515625,89.61740112304688,71.8255615234375,71.8255615234375,73.97876739501953,76.59900665283203,78.61127471923828,78.76496887207031,79.78588104248047,81.20654296875,82.54568481445312,83.49122619628906,84.47510528564453,85.56537628173828,85.9863052368164,86.60973358154297,87.40388488769531,89.29316711425781,89.61740112304688
14,self_attn,o_proj,0,3,5.78160285949707,3.954789638519287,82.68531799316406,89.15751647949219,72.20598602294922,72.20598602294922,77.15241241455078,77.92524719238281,78.70785522460938,79.42230987548828,80.42594146728516,82.05606079101562,82.68649291992188,83.05726623535156,84.74906921386719,85.30345153808594,86.48408508300781,87.27188873291016,87.79917907714844,88.56038665771484,89.15751647949219
14,self_attn,o_proj,0,4,5.785063743591309,3.952362537384033,82.7077407836914,89.77429962158203,71.9598388671875,71.9598388671875,75.0201416015625,76.10027313232422,79.22856140136719,79.79595947265625,80.25025939941406,82.43707275390625,82.90038299560547,83.99560546875,84.73600006103516,86.11614990234375,86.76712036132812,87.37939453125,88.05138397216797,88.81137084960938,89.77429962158203
14,self_attn,o_proj,1,2,5.751474857330322,3.949218511581421,82.23739624023438,88.96210479736328,72.54120635986328,72.54120635986328,74.6113052368164,75.91253662109375,77.46607208251953,79.77124786376953,80.56761932373047,80.9793930053711,82.65313720703125,84.11006927490234,84.66414642333984,85.32756042480469,85.87191772460938,86.65194702148438,87.6200942993164,88.08797454833984,88.96210479736328
14,self_attn,o_proj,1,3,5.736502170562744,3.9402716159820557,81.95449829101562,89.4594497680664,67.67382049560547,67.67382049560547,73.4198989868164,75.76587677001953,77.38668060302734,78.22702026367188,79.94488525390625,81.87848663330078,82.87055206298828,84.16000366210938,84.4620590209961,85.79621124267578,86.54763793945312,87.48506927490234,87.92327880859375,88.27104187011719,89.4594497680664
14,self_attn,o_proj,1,4,5.77063512802124,3.950350522994995,82.49942779541016,89.99246978759766,72.08507537841797,72.08507537841797,75.37384033203125,75.98238372802734,77.96435546875,79.70215606689453,80.46819305419922,81.67841339111328,83.00788879394531,83.57081604003906,84.37957000732422,85.11563873291016,85.50289916992188,86.88615417480469,88.68700408935547,89.59394073486328,89.99246978759766
14,self_attn,o_proj,2,3,5.768741130828857,3.951336622238159,82.48406219482422,89.25733184814453,74.2034683227539,74.2034683227539,74.227783203125,76.49449920654297,77.00483703613281,78.68359375,80.95896911621094,81.32125854492188,82.85137939453125,84.46000671386719,85.14311981201172,85.4966049194336,85.90825653076172,87.02942657470703,87.87548828125,88.8289566040039,89.25733184814453
14,self_attn,o_proj,2,4,5.759030342102051,3.9521031379699707,82.36404418945312,89.58901977539062,73.23606872558594,73.23606872558594,76.37937927246094,77.25894165039062,77.4312973022461,79.24687957763672,80.38178253173828,81.32148742675781,82.16425323486328,83.20800018310547,84.66763305664062,84.90776062011719,86.08512878417969,86.45370483398438,87.54988861083984,87.94347381591797,89.58901977539062
14,self_attn,o_proj,3,4,5.705212116241455,3.9407544136047363,81.55496978759766,89.89256286621094,71.59619140625,71.59619140625,74.63200378417969,75.38835144042969,75.90911102294922,78.26533508300781,79.21607208251953,81.24352264404297,81.8455581665039,82.55791473388672,82.60917663574219,84.2085952758789,85.28347778320312,85.71662139892578,87.59185791015625,88.92314147949219,89.89256286621094
14,self_attn,q_proj,0,1,5.611062526702881,3.9208810329437256,80.15353393554688,89.4496841430664,68.54022216796875,68.54022216796875,70.19170379638672,74.13992309570312,75.44669342041016,77.09132385253906,77.66497039794922,78.58189392089844,80.6727523803711,81.71266174316406,82.09687805175781,82.84878540039062,83.12641143798828,85.5074234008789,87.10518646240234,88.28007507324219,89.4496841430664
14,self_attn,q_proj,0,2,5.595625877380371,3.911968946456909,79.87010955810547,89.154296875,67.24897766113281,67.24897766113281,68.39263916015625,72.13529205322266,74.48731231689453,75.57613372802734,76.59716796875,78.06517791748047,81.06647491455078,81.9391860961914,82.99383544921875,83.59451293945312,85.01191711425781,85.78962707519531,87.24494171142578,88.62428283691406,89.154296875
14,self_attn,q_proj,0,3,5.621611595153809,3.9186861515045166,80.26774597167969,89.96208190917969,69.1264419555664,69.1264419555664,70.33248901367188,72.50135803222656,74.85001373291016,75.72606658935547,75.9308090209961,79.37307739257812,80.06854248046875,81.25733947753906,83.0068130493164,84.1242904663086,85.32588958740234,86.24609375,87.88908386230469,88.56355285644531,89.96208190917969
14,self_attn,q_proj,0,4,5.6469645500183105,3.924699068069458,80.64934539794922,89.91171264648438,67.59964752197266,67.59964752197266,72.58910369873047,74.0531005859375,75.89229583740234,76.9610595703125,77.69264221191406,78.63705444335938,80.12007141113281,81.45992279052734,82.1904067993164,84.3454360961914,85.2463150024414,86.86128997802734,87.21980285644531,89.60963439941406,89.91171264648438
14,self_attn,q_proj,1,2,5.591372489929199,3.911324977874756,79.80836486816406,89.43911743164062,66.43142700195312,66.43142700195312,66.79605865478516,74.13445281982422,74.66085815429688,76.31726837158203,79.07060241699219,79.1596908569336,79.7127914428711,80.56620025634766,80.9826889038086,82.93518829345703,84.81547546386719,85.8287582397461,87.6463851928711,88.43698120117188,89.43911743164062
14,self_attn,q_proj,1,3,5.634098529815674,3.9209070205688477,80.44805908203125,89.33311462402344,68.70845031738281,68.70845031738281,69.93768310546875,73.0114974975586,75.26119995117188,76.10014343261719,77.29290771484375,79.5082015991211,80.42681884765625,81.2973861694336,82.61328125,84.2499008178711,85.44218444824219,87.14105224609375,88.1650619506836,88.68001556396484,89.33311462402344
14,self_attn,q_proj,1,4,5.619570732116699,3.920743942260742,80.2608871459961,89.09870910644531,68.82915496826172,68.82915496826172,70.57186126708984,73.24665069580078,74.43421936035156,76.25774383544922,77.42374420166016,79.28316497802734,80.4542465209961,81.83159637451172,82.74118041992188,83.36620330810547,84.54248046875,86.2767562866211,87.81246948242188,88.00401306152344,89.09870910644531
14,self_attn,q_proj,2,3,5.615019798278809,3.9182639122009277,80.17867279052734,89.88121032714844,66.9366455078125,66.9366455078125,71.77493286132812,74.12600708007812,74.80117797851562,75.58575439453125,76.70135498046875,78.51454162597656,79.5024642944336,81.21650695800781,82.40938568115234,84.6950912475586,84.90185546875,86.1658935546875,87.44540405273438,88.20062255859375,89.88121032714844
14,self_attn,q_proj,2,4,5.673689842224121,3.9271669387817383,81.01669311523438,89.62629699707031,68.74317932128906,68.74317932128906,71.40885162353516,72.97525024414062,75.3873291015625,77.15586853027344,78.43144989013672,79.54096221923828,80.33888244628906,82.64466094970703,83.67198944091797,84.71058654785156,86.18965148925781,87.63665008544922,88.29163360595703,89.51392364501953,89.62629699707031
14,self_attn,q_proj,3,4,5.665126323699951,3.9260783195495605,80.89612579345703,89.90713500976562,69.26683044433594,69.26683044433594,70.44416046142578,73.68772888183594,75.39452362060547,76.43091583251953,78.11683654785156,79.54035949707031,80.05228424072266,82.83757781982422,83.1279525756836,85.04732513427734,86.34671020507812,86.69976043701172,88.26298522949219,89.17491912841797,89.90713500976562
14,self_attn,v_proj,0,1,5.372566223144531,3.846616506576538,76.44525146484375,89.53089141845703,57.48152160644531,57.48152160644531,62.91755294799805,66.18092346191406,68.7060546875,72.66260528564453,73.55818939208984,74.93458557128906,75.5350112915039,79.19615173339844,80.80950164794922,82.04598999023438,83.10293579101562,84.53913116455078,85.40941619873047,86.51363372802734,89.53089141845703
14,self_attn,v_proj,0,2,5.365226745605469,3.8326773643493652,76.20188903808594,89.72196960449219,54.00514221191406,54.00514221191406,58.92105484008789,66.32142639160156,69.20358276367188,70.95784759521484,73.48526000976562,75.20848083496094,76.88092803955078,79.6401138305664,80.2687759399414,82.29149627685547,82.67231750488281,84.89995574951172,86.9428482055664,87.80894470214844,89.72196960449219
14,self_attn,v_proj,0,3,5.45422887802124,3.8697776794433594,77.68186950683594,89.63569641113281,61.13977813720703,61.13977813720703,63.519554138183594,70.06086730957031,70.83506774902344,72.53388214111328,73.46083068847656,76.17556762695312,77.95954132080078,79.74592590332031,81.92036437988281,82.63985443115234,82.96408081054688,83.51821899414062,88.20428466796875,88.59646606445312,89.63569641113281
14,self_attn,v_proj,0,4,5.429287433624268,3.860290765762329,77.26982116699219,89.60565948486328,56.15037536621094,56.15037536621094,64.00019073486328,70.0987319946289,70.68891906738281,72.75939178466797,74.70294952392578,75.52938842773438,77.95306396484375,79.7091064453125,80.55547332763672,81.52751922607422,82.71569061279297,86.00155639648438,86.16743469238281,88.15161895751953,89.60565948486328
14,self_attn,v_proj,1,2,5.410955905914307,3.8549771308898926,77.00091552734375,89.4593276977539,58.831851959228516,58.831851959228516,65.10441589355469,67.3863754272461,68.59595489501953,69.78633117675781,71.92291259765625,74.93061065673828,78.84999084472656,80.34424591064453,81.29725646972656,82.68753814697266,83.48867797851562,85.46771240234375,86.3121337890625,87.5492935180664,89.4593276977539
14,self_attn,v_proj,1,3,5.444289207458496,3.868375301361084,77.54571533203125,89.76374816894531,61.274688720703125,61.274688720703125,64.1237564086914,69.02261352539062,70.01715087890625,72.20311737060547,73.9013442993164,75.45137786865234,78.30491638183594,80.19835662841797,81.00486755371094,82.43790435791016,84.08444213867188,85.01111602783203,86.36585998535156,87.56610870361328,89.76374816894531
14,self_attn,v_proj,1,4,5.363890171051025,3.8449230194091797,76.32572937011719,89.32878875732422,59.370704650878906,59.370704650878906,60.77203369140625,65.98403930664062,70.01356506347656,72.46138763427734,72.8818130493164,73.90042114257812,75.9975814819336,79.35034942626953,79.6069107055664,81.35692596435547,82.27130889892578,84.91852569580078,85.68196105957031,87.31537628173828,89.32878875732422
14,self_attn,v_proj,2,3,5.4391961097717285,3.867283821105957,77.47093200683594,89.3404312133789,61.16354751586914,61.16354751586914,64.24695587158203,65.90658569335938,71.547607421875,73.30927276611328,74.91179656982422,76.64898681640625,78.51161193847656,79.1632080078125,80.83296203613281,81.11943054199219,83.14972686767578,84.435546875,86.42050170898438,88.82669067382812,89.3404312133789
14,self_attn,v_proj,2,4,5.405200481414795,3.8514251708984375,76.88258361816406,89.06072235107422,56.84986114501953,56.84986114501953,60.65483474731445,65.54367065429688,71.64981079101562,72.80994415283203,73.2751235961914,77.38627624511719,78.66580200195312,80.14691162109375,81.73040008544922,82.50392150878906,82.85227966308594,84.67435455322266,86.01029968261719,86.30713653564453,89.06072235107422
14,self_attn,v_proj,3,4,5.3744797706604,3.843339443206787,76.4374008178711,89.83419799804688,58.0174674987793,58.0174674987793,62.5221061706543,65.10488891601562,68.56581115722656,70.52364349365234,73.35929870605469,75.08253479003906,77.2267074584961,78.4903335571289,79.24764251708984,83.0247573852539,83.50786590576172,85.0862045288086,86.25894927978516,87.14606475830078,89.83419799804688
15,mlp,down_proj,0,1,5.794979572296143,3.9522323608398438,82.83644104003906,89.67667388916016,70.37805938720703,70.37805938720703,75.42034912109375,76.91291809082031,78.29710388183594,80.01358795166016,81.43342590332031,81.89799499511719,84.18720245361328,84.40912628173828,85.13066864013672,85.40383911132812,86.5551528930664,87.82142639160156,88.76195526123047,89.08354187011719,89.67667388916016
15,mlp,down_proj,0,2,5.790585994720459,3.9532687664031982,82.7887191772461,89.49188232421875,71.38587188720703,71.38587188720703,74.5796890258789,78.32750701904297,78.76277923583984,79.99131774902344,80.69387817382812,82.76372528076172,83.22122955322266,83.57601165771484,84.42188262939453,85.36893463134766,87.06533813476562,87.61844635009766,88.4234619140625,88.927490234375,89.49188232421875
15,mlp,down_proj,0,3,5.786303997039795,3.9495904445648193,82.69729614257812,89.680908203125,71.70638275146484,71.70638275146484,72.5517578125,75.94842529296875,78.16520690917969,80.00639343261719,80.51038360595703,82.0543212890625,84.39839172363281,84.82283020019531,85.27149200439453,86.21070098876953,86.8615493774414,87.46001434326172,88.31926727294922,89.18867492675781,89.680908203125
15,mlp,down_proj,0,4,5.813619613647461,3.956233024597168,83.12078857421875,89.99854278564453,71.60075378417969,71.60075378417969,75.15082550048828,78.24252319335938,79.72786712646484,80.07113647460938,81.07616424560547,81.75189208984375,83.93075561523438,84.31144714355469,85.96343994140625,86.5240249633789,87.24495697021484,87.93702697753906,88.07289123535156,88.3283920288086,89.99854278564453
15,mlp,down_proj,1,2,5.8130645751953125,3.9604456424713135,83.15357971191406,89.30497741699219,72.93705749511719,72.93705749511719,77.56189727783203,78.82261657714844,79.8548355102539,80.7491683959961,81.82588195800781,82.10997009277344,83.23042297363281,83.45745849609375,85.06663513183594,86.07327270507812,86.13553619384766,86.86180114746094,87.49769592285156,88.96807098388672,89.30497741699219
15,mlp,down_proj,1,3,5.814094543457031,3.95601487159729,83.12417602539062,89.6664810180664,70.16946411132812,70.16946411132812,75.63993072509766,78.05196380615234,80.22179412841797,80.89225769042969,82.05504608154297,82.39433288574219,83.19717407226562,84.42896270751953,85.3147964477539,86.6043472290039,86.97392272949219,87.61830139160156,87.8258285522461,88.93219757080078,89.6664810180664
15,mlp,down_proj,1,4,5.799378871917725,3.954312562942505,82.9151611328125,89.79879760742188,72.7500228881836,72.7500228881836,75.37185668945312,76.50559997558594,78.59569549560547,79.50394439697266,81.00972747802734,82.44462585449219,82.83221435546875,84.44971466064453,84.70145416259766,86.16305541992188,86.93360900878906,87.5235595703125,88.8938980102539,89.16493225097656,89.79879760742188
15,mlp,down_proj,2,3,5.824513912200928,3.9571115970611572,83.27278137207031,89.3567123413086,70.86727905273438,70.86727905273438,74.91280364990234,79.29273223876953,79.51921081542969,80.12171936035156,81.60089874267578,82.70559692382812,84.2890853881836,85.23332977294922,85.67747497558594,86.11425018310547,87.57051086425781,87.8260269165039,88.43399047851562,88.84288787841797,89.3567123413086
15,mlp,down_proj,2,4,5.824092388153076,3.9597129821777344,83.2923583984375,89.2951889038086,72.47666931152344,72.47666931152344,75.50921630859375,79.03614044189453,79.91179656982422,80.9970932006836,81.6404037475586,82.21481323242188,83.59918975830078,85.19263458251953,85.33059692382812,86.5574722290039,86.75941467285156,87.64817810058594,88.15968322753906,88.34928131103516,89.2951889038086
15,mlp,down_proj,3,4,5.786750316619873,3.9542853832244873,82.74795532226562,89.06608581542969,72.97798156738281,72.97798156738281,73.42581176757812,78.43631744384766,79.46882629394531,79.74263000488281,81.02140808105469,81.97234344482422,82.57552337646484,84.58480834960938,85.1397476196289,85.74250793457031,86.49485778808594,86.71392822265625,87.97259521484375,88.6319351196289,89.06608581542969
15,mlp,gate_proj,0,1,5.903020858764648,3.9656758308410645,84.39984130859375,89.9017105102539,69.31462097167969,69.31462097167969,77.93696594238281,80.74333953857422,81.12041473388672,82.41779327392578,83.8518295288086,84.78108978271484,85.46263122558594,86.1695556640625,86.87799072265625,87.66718292236328,87.98214721679688,88.52415466308594,88.67607116699219,88.96993255615234,89.9017105102539
15,mlp,gate_proj,0,2,5.913817405700684,3.9694485664367676,84.5816421508789,89.97347259521484,71.33677673339844,71.33677673339844,77.58932495117188,81.6290054321289,82.31102752685547,83.42198944091797,83.98345184326172,84.83710479736328,85.25919342041016,85.48593139648438,86.2029037475586,86.63520050048828,87.65708923339844,88.4652328491211,89.16822052001953,89.35041046142578,89.97347259521484
15,mlp,gate_proj,0,3,5.901320934295654,3.9670822620391846,84.39127349853516,89.4361572265625,71.21514129638672,71.21514129638672,76.2820816040039,80.89725494384766,81.61048126220703,82.85135650634766,83.26063537597656,85.01274108886719,85.81265258789062,86.18448638916016,86.41389465332031,87.31365203857422,87.60163116455078,88.24376678466797,88.9716567993164,89.15274047851562,89.4361572265625
15,mlp,gate_proj,0,4,5.919881343841553,3.970466136932373,84.6734619140625,89.67462158203125,73.53311920166016,73.53311920166016,75.1378173828125,81.31771087646484,82.94995880126953,83.30902862548828,84.30648040771484,84.86186218261719,85.07333374023438,86.44160461425781,86.57925415039062,87.4247817993164,87.71212005615234,88.19924926757812,88.75235748291016,89.50199127197266,89.67462158203125
15,mlp,gate_proj,1,2,5.9152092933654785,3.968538999557495,84.59148406982422,89.81764221191406,70.58218383789062,70.58218383789062,78.31456756591797,80.1267318725586,82.03787231445312,83.41653442382812,84.18563842773438,84.70133972167969,85.53471374511719,86.23345947265625,86.7620849609375,87.11660766601562,88.13642883300781,88.35382843017578,88.64459991455078,89.49951934814453,89.81764221191406
15,mlp,gate_proj,1,3,5.897897243499756,3.9637889862060547,84.31336212158203,89.4436264038086,70.02735900878906,70.02735900878906,74.570556640625,78.75659942626953,83.103271484375,83.75727844238281,84.11074829101562,85.15933227539062,85.58069610595703,86.09698486328125,86.64421081542969,87.5210952758789,87.68875885009766,88.20398712158203,88.95564270019531,89.3936996459961,89.4436264038086
15,mlp,gate_proj,1,4,5.9113545417785645,3.968792676925659,84.54302978515625,89.80907440185547,72.81126403808594,72.81126403808594,76.24895477294922,80.35969543457031,81.34247589111328,82.24066162109375,83.92655944824219,85.04364776611328,85.72696685791016,86.38194274902344,86.83882141113281,87.34562683105469,87.98939514160156,88.35214233398438,88.97830963134766,89.29297637939453,89.80907440185547
15,mlp,gate_proj,2,3,5.903471946716309,3.9679880142211914,84.42951965332031,89.39468383789062,72.9520263671875,72.9520263671875,75.97418212890625,79.81105041503906,81.71806335449219,82.40850067138672,84.02678680419922,84.45065307617188,85.0788803100586,85.29167175292969,86.98465728759766,87.62224578857422,88.054931640625,88.90789031982422,89.03012084960938,89.16604614257812,89.39468383789062
15,mlp,gate_proj,2,4,5.923247337341309,3.9714012145996094,84.72781372070312,89.88446807861328,73.58744049072266,73.58744049072266,76.17581176757812,81.4970932006836,82.85452270507812,83.47532653808594,83.92230987548828,84.09292602539062,85.61196899414062,86.07752227783203,86.43584442138672,87.27977752685547,88.18649291992188,88.41075897216797,88.79090881347656,89.36185455322266,89.88446807861328
15,mlp,gate_proj,3,4,5.9205169677734375,3.9700560569763184,84.67838287353516,89.94667053222656,74.07768249511719,74.07768249511719,74.80867004394531,80.72846221923828,82.18724822998047,83.08916473388672,84.10020446777344,84.78922271728516,85.6512451171875,86.2306900024414,87.0384521484375,87.41199493408203,88.1023178100586,88.73651885986328,88.95186614990234,89.00364685058594,89.94667053222656
15,mlp,up_proj,0,1,5.905831336975098,3.971140146255493,84.49163055419922,89.93354797363281,75.22588348388672,75.22588348388672,77.98384094238281,79.8848648071289,81.31342315673828,82.17753601074219,83.5749740600586,83.72679901123047,84.88407135009766,85.33059692382812,85.97606658935547,86.70085144042969,88.10555267333984,88.31912994384766,89.19361877441406,89.53528594970703,89.93354797363281
15,mlp,up_proj,0,2,5.913368225097656,3.970604181289673,84.587646484375,89.86135864257812,73.82405090332031,73.82405090332031,77.81309509277344,80.52718353271484,80.81586456298828,83.01780700683594,83.66393280029297,84.16790008544922,84.5142822265625,85.45929718017578,86.90693664550781,87.76183319091797,87.81161499023438,88.45177459716797,89.18014526367188,89.62527465820312,89.86135864257812
15,mlp,up_proj,0,3,5.878232002258301,3.9670934677124023,84.0826416015625,89.594970703125,73.00196075439453,73.00196075439453,76.13606262207031,80.77368927001953,81.96184539794922,82.46429443359375,83.10332489013672,84.21651458740234,84.326904296875,85.31568145751953,85.53382110595703,86.08375549316406,86.97416687011719,87.68832397460938,88.6618881225586,89.48501586914062,89.594970703125
15,mlp,up_proj,0,4,5.920899868011475,3.9713220596313477,84.69518280029297,89.79042053222656,72.43253326416016,72.43253326416016,78.4669189453125,81.04153442382812,81.96659851074219,83.0333023071289,84.01034545898438,84.82414245605469,85.7222671508789,85.74740600585938,86.70755767822266,87.11177062988281,87.71588897705078,88.11572265625,88.9177017211914,89.518798828125,89.79042053222656
15,mlp,up_proj,1,2,5.915558815002441,3.9730331897735596,84.64015197753906,89.95993041992188,75.24463653564453,75.24463653564453,78.77754974365234,80.4037094116211,81.09261322021484,82.87059020996094,83.48764038085938,84.44454193115234,85.33647918701172,85.9716567993164,86.46932983398438,86.69117736816406,87.32595825195312,87.73604583740234,88.85780334472656,89.57263946533203,89.95993041992188
15,mlp,up_proj,1,3,5.931640148162842,3.975407123565674,84.87936401367188,89.88502502441406,76.61972045898438,76.61972045898438,77.98814392089844,80.71116638183594,82.2376708984375,83.38876342773438,84.24291229248047,84.70391845703125,85.13280487060547,86.01882934570312,86.15078735351562,87.03351593017578,87.17776489257812,88.01561737060547,89.0265884399414,89.73661804199219,89.88502502441406
15,mlp,up_proj,1,4,5.932552337646484,3.9739797115325928,84.87818145751953,89.92952728271484,75.34717559814453,75.34717559814453,78.05046844482422,80.0497817993164,81.5871353149414,83.35173034667969,84.36590576171875,84.66339111328125,85.82054901123047,86.56781768798828,86.74176025390625,87.07780456542969,87.7516860961914,88.13545989990234,89.00665283203125,89.60403442382812,89.92952728271484
15,mlp,up_proj,2,3,5.926943302154541,3.974994659423828,84.81184387207031,89.51935577392578,75.90233612060547,75.90233612060547,77.4939193725586,81.27897644042969,82.72481536865234,83.3424301147461,84.07892608642578,84.7649917602539,85.30223083496094,86.27527618408203,86.5523681640625,86.9516372680664,87.53192901611328,87.81758117675781,88.5094985961914,88.94319915771484,89.51935577392578
15,mlp,up_proj,2,4,5.925174713134766,3.97271990776062,84.76665496826172,89.99932098388672,74.74050903320312,74.74050903320312,77.15777587890625,80.9074478149414,82.80695343017578,83.14019012451172,83.62085723876953,84.19121551513672,84.62544250488281,85.94349670410156,86.72718048095703,87.49787902832031,88.15269470214844,88.27621459960938,88.87588500976562,89.60338592529297,89.99932098388672
15,mlp,up_proj,3,4,5.892886161804199,3.969573497772217,84.30250549316406,89.52181243896484,74.14009094238281,74.14009094238281,76.40618133544922,80.66738891601562,81.60225677490234,82.29978942871094,83.98516845703125,84.34857940673828,84.77191925048828,85.59148406982422,86.356689453125,86.82711791992188,87.34941864013672,87.8775405883789,88.09774017333984,88.99700164794922,89.52181243896484
15,self_attn,k_proj,0,1,5.260317802429199,3.817007064819336,74.79957580566406,89.53300476074219,55.854679107666016,55.854679107666016,59.76997756958008,65.76555633544922,68.08712005615234,68.97831726074219,72.18486785888672,74.4929428100586,74.60503387451172,76.77474975585938,77.14677429199219,80.02295684814453,80.65095520019531,82.19005584716797,84.93476104736328,85.80147552490234,89.53300476074219
15,self_attn,k_proj,0,2,5.322138786315918,3.8313889503479004,75.6900634765625,88.68817901611328,59.23651885986328,59.23651885986328,62.41897201538086,63.48265838623047,67.96598052978516,70.08765411376953,70.84664916992188,72.280517578125,76.30953216552734,78.33917236328125,78.60962677001953,81.26911163330078,83.35331726074219,84.55591583251953,86.56424713134766,87.03296661376953,88.68817901611328
15,self_attn,k_proj,0,3,5.243697643280029,3.7996253967285156,74.41865539550781,89.58626556396484,54.31669998168945,54.31669998168945,57.49844741821289,61.57302474975586,66.72628784179688,68.96182250976562,70.95304870605469,74.09917449951172,75.79008483886719,77.14315795898438,77.92908477783203,79.2632064819336,80.0208740234375,83.46299743652344,84.54069519042969,88.83372497558594,89.58626556396484
15,self_attn,k_proj,0,4,5.295218467712402,3.8245067596435547,75.3026123046875,89.45809173583984,58.60112762451172,58.60112762451172,63.56023406982422,65.29852294921875,67.2260513305664,68.5042495727539,69.90652465820312,71.03643798828125,74.39778900146484,78.24689483642578,78.47058868408203,80.6379623413086,81.78240203857422,82.6544189453125,86.8745346069336,88.18604278564453,89.45809173583984
15,self_attn,k_proj,1,2,5.360281467437744,3.839855194091797,76.2339096069336,89.98810577392578,59.60980987548828,59.60980987548828,61.614906311035156,66.32550811767578,66.70991516113281,68.7825698852539,72.6433334350586,74.8214111328125,76.81365966796875,79.62353515625,80.24454498291016,81.76664733886719,83.09797668457031,83.61650085449219,85.37977600097656,88.7044448852539,89.98810577392578
15,self_attn,k_proj,1,3,5.221010684967041,3.7931838035583496,74.09912872314453,89.47943115234375,56.6370964050293,56.6370964050293,59.25154495239258,60.7225227355957,64.82290649414062,67.21622467041016,70.47525024414062,72.15583801269531,73.15471649169922,74.66676330566406,76.41860961914062,81.0047607421875,81.79953002929688,84.11398315429688,85.16546630859375,88.5014419555664,89.47943115234375
15,self_attn,k_proj,1,4,5.314463138580322,3.8348052501678467,75.6329345703125,88.59646606445312,59.321468353271484,59.321468353271484,61.522220611572266,66.1488265991211,68.63993072509766,71.39107513427734,71.8468246459961,73.73922729492188,75.0524673461914,76.2009048461914,77.94609832763672,79.78504943847656,82.71769714355469,84.40233612060547,85.40980529785156,87.40647888183594,88.59646606445312
15,self_attn,k_proj,2,3,5.327577590942383,3.824366807937622,75.6839828491211,89.943115234375,59.63285446166992,59.63285446166992,60.127601623535156,63.85829544067383,65.75369262695312,68.1645736694336,70.57386016845703,72.44789123535156,76.60397338867188,77.41276550292969,80.92582702636719,82.26615905761719,83.66523742675781,85.7025146484375,86.30194091796875,87.56339263916016,89.943115234375
15,self_attn,k_proj,2,4,5.376966953277588,3.847003936767578,76.50801086425781,89.22821807861328,57.90493392944336,57.90493392944336,64.90428161621094,67.57930755615234,69.02257537841797,70.60054779052734,72.17346954345703,73.177001953125,75.0336685180664,79.30641174316406,79.74469757080078,82.53058624267578,83.63435363769531,84.35424041748047,86.09089660644531,88.84286499023438,89.22821807861328
15,self_attn,k_proj,3,4,5.300008773803711,3.8243677616119385,75.3517074584961,88.58521270751953,56.76841735839844,56.76841735839844,61.778690338134766,65.39427185058594,67.77118682861328,70.4586181640625,71.22856903076172,73.97384643554688,74.23113250732422,74.81722259521484,77.45033264160156,80.44396209716797,83.80126953125,85.70703125,86.32890319824219,86.88862609863281,88.58521270751953
15,self_attn,o_proj,0,1,5.721458911895752,3.938174247741699,81.74041748046875,89.6758041381836,69.8221206665039,69.8221206665039,72.76487731933594,74.40291595458984,76.08455657958984,78.82984161376953,80.24125671386719,80.60707092285156,81.67953491210938,82.41168212890625,84.18236541748047,85.61376953125,86.88495635986328,87.38345336914062,87.95427703857422,89.30814361572266,89.6758041381836
15,self_attn,o_proj,0,2,5.748523235321045,3.9443798065185547,82.15287780761719,89.81372833251953,70.85934448242188,70.85934448242188,74.35089874267578,75.52599334716797,76.36091613769531,78.9457778930664,80.10476684570312,81.24984741210938,82.24830627441406,83.45205688476562,84.3363037109375,85.18704223632812,86.67647552490234,87.50504302978516,88.46331024169922,89.3662109375,89.81372833251953
15,self_attn,o_proj,0,3,5.735834121704102,3.945606231689453,81.99810791015625,89.27330780029297,70.29352569580078,70.29352569580078,73.75749206542969,77.31715393066406,78.68135070800781,78.80361938476562,80.18675994873047,81.71479034423828,82.06035614013672,82.70040893554688,84.39620208740234,84.78434753417969,85.4615707397461,86.2608642578125,87.55753326416016,88.72052001953125,89.27330780029297
15,self_attn,o_proj,0,4,5.709587574005127,3.9365062713623047,81.57054138183594,89.3609848022461,70.16020202636719,70.16020202636719,71.78656768798828,75.22075653076172,76.39125061035156,78.82814025878906,78.9262466430664,79.88035583496094,81.15619659423828,82.7118148803711,84.24087524414062,84.75916290283203,85.95014953613281,87.95301818847656,88.66739654541016,89.1356201171875,89.3609848022461
15,self_attn,o_proj,1,2,5.709804534912109,3.940220832824707,81.60946655273438,89.66050720214844,72.13449096679688,72.13449096679688,73.07577514648438,74.90059661865234,76.58441925048828,78.53583526611328,79.02732849121094,80.20315551757812,82.11444091796875,82.3681869506836,83.63690948486328,84.59010314941406,85.65727233886719,86.52371978759766,87.274169921875,89.46452331542969,89.66050720214844
15,self_attn,o_proj,1,3,5.689693450927734,3.9351108074188232,81.29734802246094,88.75199890136719,67.9235610961914,67.9235610961914,71.28152465820312,76.50521087646484,77.89098358154297,78.36961364746094,79.87810516357422,80.5206527709961,81.53899383544922,82.50533294677734,83.43769836425781,84.45936584472656,85.91641235351562,86.90071868896484,87.18861389160156,87.68870544433594,88.75199890136719
15,self_attn,o_proj,1,4,5.7093048095703125,3.9370620250701904,81.57117462158203,89.09446716308594,69.4322738647461,69.4322738647461,71.56941986083984,75.43986511230469,76.76470947265625,77.402099609375,80.12117767333984,81.49995422363281,81.87884521484375,82.5966567993164,84.08314514160156,86.18196105957031,86.27477264404297,87.0578842163086,87.28504180908203,88.45652770996094,89.09446716308594
15,self_attn,o_proj,2,3,5.739735126495361,3.943121910095215,82.025146484375,89.56510925292969,69.26687622070312,69.26687622070312,74.36725616455078,75.6069564819336,77.80059814453125,78.48123168945312,79.8875503540039,81.53547668457031,82.626708984375,83.3829345703125,84.24144744873047,85.11430358886719,86.63426971435547,86.8209457397461,88.17334747314453,88.89729309082031,89.56510925292969
15,self_attn,o_proj,2,4,5.744357109069824,3.9430835247039795,82.08621215820312,89.77742004394531,71.05741119384766,71.05741119384766,73.58234405517578,74.94732666015625,76.94009399414062,78.92546081542969,79.82966613769531,80.65426635742188,81.63922119140625,84.00825500488281,84.53915405273438,85.2771987915039,86.35005950927734,88.02200317382812,88.7247314453125,89.10467529296875,89.77742004394531
15,self_attn,o_proj,3,4,5.731607437133789,3.94720721244812,81.95939636230469,89.87948608398438,72.92729949951172,72.92729949951172,75.35899353027344,75.78338623046875,77.3274917602539,78.56562805175781,79.66481018066406,81.83502960205078,82.32904052734375,82.76039123535156,84.10836791992188,84.33232879638672,84.92807006835938,86.70355987548828,86.82207489013672,88.0244140625,89.87948608398438
15,self_attn,q_proj,0,1,5.674482822418213,3.930579662322998,81.05967712402344,89.86013793945312,69.72075653076172,69.72075653076172,70.87873840332031,74.67817687988281,75.66969299316406,77.86329650878906,78.88800811767578,79.6375732421875,81.07601165771484,82.363037109375,83.26476287841797,83.89786529541016,85.4508285522461,86.25933837890625,88.67973327636719,88.76696014404297,89.86013793945312
15,self_attn,q_proj,0,2,5.681251049041748,3.935208559036255,81.19220733642578,89.74907684326172,71.93449401855469,71.93449401855469,72.7386703491211,74.34730529785156,75.36565399169922,78.24510955810547,78.82833099365234,79.82013702392578,80.35006713867188,81.92918395996094,83.09111022949219,84.68000793457031,85.79190826416016,86.43479919433594,87.4001693725586,88.36933898925781,89.74907684326172
15,self_attn,q_proj,0,3,5.632763385772705,3.9211180210113525,80.4326171875,89.6976318359375,67.37076568603516,67.37076568603516,72.01316833496094,73.06028747558594,74.76821899414062,75.45333862304688,78.52435302734375,79.26559448242188,80.30532836914062,81.73990631103516,82.56878662109375,83.1253662109375,85.96688842773438,86.99848175048828,87.82208251953125,88.2417221069336,89.6976318359375
15,self_attn,q_proj,0,4,5.61668062210083,3.9198641777038574,80.21513366699219,89.89705657958984,67.94119262695312,67.94119262695312,71.2303237915039,71.9613265991211,75.50973510742188,77.06995391845703,77.45634460449219,79.2840576171875,79.80425262451172,81.09933471679688,82.66532135009766,84.23771667480469,85.11188507080078,85.41072082519531,86.689453125,88.07354736328125,89.89705657958984
15,self_attn,q_proj,1,2,5.6637959480285645,3.9278929233551025,80.89636993408203,89.81790161132812,68.78646087646484,68.78646087646484,71.75932312011719,74.80584716796875,75.6729736328125,76.46456146240234,76.89139556884766,79.96355438232422,81.03194427490234,82.75923919677734,83.51289367675781,84.20540618896484,85.4002685546875,85.72305297851562,88.23626708984375,89.31080627441406,89.81790161132812
15,self_attn,q_proj,1,3,5.649142742156982,3.9224071502685547,80.65484619140625,89.9818115234375,68.81629943847656,68.81629943847656,70.00617980957031,72.31951904296875,74.78511810302734,76.08061981201172,78.00261688232422,79.1446304321289,82.00183868408203,82.3947982788086,83.03318786621094,84.82767486572266,86.4395980834961,86.71871948242188,87.3908462524414,88.53408813476562,89.9818115234375
15,self_attn,q_proj,1,4,5.656736373901367,3.929826259613037,80.82423400878906,89.59342956542969,69.25806427001953,69.25806427001953,72.20611572265625,75.45708465576172,76.18282318115234,76.8521499633789,77.62565612792969,79.9444808959961,80.50569915771484,82.26323699951172,82.95318603515625,83.76050567626953,84.18473052978516,86.38182830810547,87.10027313232422,88.91851043701172,89.59342956542969
15,self_attn,q_proj,2,3,5.637077331542969,3.9187676906585693,80.462646484375,89.95137023925781,65.7567138671875,65.7567138671875,69.27165222167969,72.67585754394531,76.06670379638672,77.3213119506836,78.9786376953125,79.72510528564453,80.42669677734375,81.98983764648438,83.14618682861328,84.20540618896484,85.34110260009766,85.83430480957031,86.97200775146484,89.739501953125,89.95137023925781
15,self_attn,q_proj,2,4,5.6464009284973145,3.917900323867798,80.57469177246094,89.99272918701172,66.89826965332031,66.89826965332031,69.94900512695312,70.45803833007812,74.93024444580078,75.84224700927734,76.96167755126953,80.50738525390625,82.5949935913086,82.9100570678711,84.36808776855469,84.6945571899414,85.81478118896484,86.81645965576172,87.07935333251953,89.37714385986328,89.99272918701172
15,self_attn,q_proj,3,4,5.580807685852051,3.909069776535034,79.65420532226562,89.21063232421875,65.87855529785156,65.87855529785156,70.76698303222656,71.56935119628906,72.7813949584961,75.69873809814453,76.15454864501953,78.95613861083984,79.8388671875,81.27571868896484,82.47078704833984,83.59213256835938,84.42652130126953,86.08460235595703,87.1622085571289,88.60004425048828,89.21063232421875
15,self_attn,v_proj,0,1,5.426553249359131,3.86460280418396,77.29302215576172,89.16648864746094,62.4218864440918,62.4218864440918,64.3851547241211,67.8064956665039,68.73506164550781,71.4184341430664,75.44550323486328,76.1297607421875,76.83799743652344,79.1362075805664,79.5022201538086,80.827880859375,84.10401153564453,85.41616821289062,86.51358795166016,88.84142303466797,89.16648864746094
15,self_attn,v_proj,0,2,5.408259391784668,3.847503423690796,76.88714599609375,89.69503021240234,57.70850372314453,57.70850372314453,61.72399139404297,65.10272216796875,67.52943420410156,71.97539520263672,75.43767547607422,76.39421081542969,77.22406005859375,79.18880462646484,80.56228637695312,81.97273254394531,83.89877319335938,86.25215148925781,87.22869873046875,88.29985809326172,89.69503021240234
15,self_attn,v_proj,0,3,5.451526165008545,3.8721959590911865,77.67460632324219,88.94593811035156,62.91401672363281,62.91401672363281,64.50628662109375,67.43695068359375,71.24004364013672,72.3664779663086,74.60420227050781,76.40715026855469,78.27169799804688,79.06671905517578,80.86001586914062,81.87135314941406,84.13375091552734,85.01898956298828,86.31507873535156,88.83492279052734,88.94593811035156
15,self_attn,v_proj,0,4,5.383603572845459,3.847740650177002,76.58749389648438,88.66423034667969,56.24957275390625,56.24957275390625,64.35913848876953,66.3347396850586,68.22364044189453,72.1069564819336,72.65612030029297,74.29914855957031,78.67121887207031,80.2300796508789,80.73822021484375,82.39481353759766,83.19483947753906,84.16321563720703,85.41486358642578,87.69920349121094,88.66423034667969
15,self_attn,v_proj,1,2,5.367753028869629,3.8401005268096924,76.32279968261719,89.79740905761719,58.97389221191406,58.97389221191406,60.20378494262695,64.80818176269531,69.002197265625,70.09698486328125,73.2684097290039,75.54095458984375,76.28031921386719,78.82263946533203,81.166748046875,81.44161987304688,82.13848114013672,85.07677459716797,86.73780059814453,87.80858612060547,89.79740905761719
15,self_attn,v_proj,1,3,5.386477470397949,3.8554365634918213,76.70964050292969,89.49427032470703,59.262264251708984,59.262264251708984,66.12518310546875,67.55326843261719,68.65205383300781,71.40373992919922,74.69707489013672,75.49114227294922,76.10494995117188,78.1861572265625,78.41317749023438,81.24235534667969,82.2824478149414,84.0814437866211,85.6343765258789,88.73038482666016,89.49427032470703
15,self_attn,v_proj,1,4,5.440722465515137,3.865684747695923,77.47708129882812,89.3271484375,60.413307189941406,60.413307189941406,66.74202728271484,68.92436981201172,69.2109603881836,70.9382553100586,73.71440124511719,74.55754852294922,77.81324005126953,78.45287322998047,81.20056915283203,82.33096313476562,83.6322021484375,86.36983489990234,87.0289306640625,88.97663879394531,89.3271484375
15,self_attn,v_proj,2,3,5.368907928466797,3.853215456008911,76.47486877441406,89.97503662109375,59.99835968017578,59.99835968017578,65.6168212890625,65.99473571777344,70.00247192382812,72.12642669677734,73.96001434326172,74.77925872802734,75.15206146240234,76.76659393310547,80.04645538330078,81.41401672363281,82.32862854003906,84.23612213134766,84.74886322021484,86.45207214355469,89.97503662109375
15,self_attn,v_proj,2,4,5.380202770233154,3.8460195064544678,76.53824615478516,89.97952270507812,60.16259765625,60.16259765625,61.41474914550781,66.49043273925781,68.41683959960938,71.4068374633789,72.63058471679688,74.64165496826172,75.53470611572266,78.07388305664062,80.30172729492188,82.4958724975586,83.70394897460938,84.29080200195312,87.0760498046875,87.99174499511719,89.97952270507812
15,self_attn,v_proj,3,4,5.42374849319458,3.861750841140747,77.23085021972656,89.58212280273438,62.7545166015625,62.7545166015625,64.07259368896484,66.92272186279297,68.57062530517578,72.38946533203125,73.11827850341797,74.21908569335938,77.77659606933594,78.65325927734375,79.72272491455078,83.67124938964844,83.79016876220703,85.6688461303711,87.10042572021484,87.68095397949219,89.58212280273438
16,mlp,down_proj,0,1,5.8149309158325195,3.9567246437072754,83.1429672241211,89.56280517578125,72.56668090820312,72.56668090820312,75.21896362304688,75.89679718017578,80.05780029296875,81.3635482788086,81.69275665283203,82.23564147949219,83.71244812011719,84.49652862548828,85.39248657226562,86.19123077392578,86.51887512207031,87.26776123046875,88.95732116699219,89.15579223632812,89.56280517578125
16,mlp,down_proj,0,2,5.7918314933776855,3.9543211460113525,82.81510162353516,89.61851501464844,71.00357055664062,71.00357055664062,77.24481201171875,77.55068969726562,79.14979553222656,79.50621032714844,80.55359649658203,81.90979766845703,83.4988784790039,83.76893615722656,84.77838134765625,85.67610931396484,85.91935729980469,87.39906311035156,88.31165313720703,89.15227508544922,89.61851501464844
16,mlp,down_proj,0,3,5.828195095062256,3.9604761600494385,83.35417938232422,89.5102767944336,72.70911407470703,72.70911407470703,76.59172058105469,78.24056243896484,79.83535766601562,81.01992797851562,81.79059600830078,82.52330780029297,83.66481018066406,84.701171875,85.3005142211914,86.08717346191406,86.89862823486328,87.42986297607422,88.58722686767578,88.77655029296875,89.5102767944336
16,mlp,down_proj,0,4,5.781915187835693,3.951935052871704,82.66184997558594,89.93061828613281,71.55937194824219,71.55937194824219,74.3572998046875,76.0723876953125,79.4588623046875,79.65198516845703,81.0542221069336,82.86268615722656,83.41516876220703,84.29486083984375,85.20512390136719,85.41212463378906,86.34054565429688,86.9723892211914,87.1456527709961,88.85628509521484,89.93061828613281
16,mlp,down_proj,1,2,5.850266933441162,3.962676763534546,83.66845703125,89.90650939941406,73.43641662597656,73.43641662597656,77.06658935546875,77.71862030029297,79.81358337402344,80.94495391845703,82.3479995727539,83.00675964355469,84.04235076904297,84.64854431152344,85.74124145507812,87.11095428466797,87.34033203125,87.70610046386719,88.85336303710938,89.01101684570312,89.90650939941406
16,mlp,down_proj,1,3,5.829042434692383,3.961599349975586,83.37635040283203,89.89107513427734,73.5685043334961,73.5685043334961,76.95474243164062,79.1701431274414,79.80182647705078,80.25484466552734,81.49980163574219,83.19486999511719,83.63301086425781,84.2261734008789,85.02043914794922,85.7948226928711,86.02678680419922,87.29495239257812,88.03519439697266,89.65438842773438,89.89107513427734
16,mlp,down_proj,1,4,5.791970729827881,3.9514548778533936,82.78977966308594,89.65691375732422,71.78028106689453,71.78028106689453,73.92489624023438,75.58642578125,78.31482696533203,79.80831909179688,80.99415588378906,82.83507537841797,83.83211517333984,85.0210189819336,85.259765625,85.83639526367188,86.99705505371094,87.45199584960938,88.07684326171875,89.26038360595703,89.65691375732422
16,mlp,down_proj,2,3,5.810579776763916,3.9579460620880127,83.09781646728516,89.94439697265625,74.54317474365234,74.54317474365234,76.32844543457031,76.90734100341797,78.21484375,80.63706970214844,80.8580322265625,82.4380111694336,82.9003677368164,83.9811019897461,85.0713119506836,85.6229476928711,86.84306335449219,87.2301254272461,88.33785247802734,89.70697784423828,89.94439697265625
16,mlp,down_proj,2,4,5.80987548828125,3.955842971801758,83.06861114501953,89.9692153930664,74.14894104003906,74.14894104003906,74.94170379638672,76.99661254882812,78.19020080566406,79.5078353881836,80.82278442382812,82.61373138427734,82.85401153564453,83.86557006835938,85.03284454345703,86.50918579101562,87.59033966064453,88.3237533569336,88.55451965332031,89.17655944824219,89.9692153930664
16,mlp,down_proj,3,4,5.764174461364746,3.9471471309661865,82.3831787109375,89.9953842163086,71.34750366210938,71.34750366210938,72.23707580566406,75.27027130126953,78.99453735351562,79.31214904785156,80.77503204345703,82.87327575683594,83.28764343261719,83.83851623535156,84.49156188964844,86.08340454101562,86.36929321289062,86.87557220458984,87.90388488769531,88.47567749023438,89.9953842163086
16,mlp,gate_proj,0,1,5.904389381408691,3.969853162765503,84.4593505859375,89.55921173095703,73.19764709472656,73.19764709472656,76.8510971069336,80.04803466796875,82.25588989257812,83.21481323242188,84.01655578613281,84.71426391601562,85.41602325439453,85.58348083496094,86.3509292602539,87.00837707519531,87.30216979980469,87.69667053222656,88.64633178710938,89.48804473876953,89.55921173095703
16,mlp,gate_proj,0,2,5.914462566375732,3.971386194229126,84.60978698730469,89.81209564208984,75.10258483886719,75.10258483886719,76.34951782226562,80.47782897949219,81.44001770019531,82.74909210205078,83.6990737915039,85.03112030029297,85.22763061523438,85.72804260253906,86.42195892333984,87.41310119628906,87.77729034423828,88.37940979003906,88.75100708007812,89.39678955078125,89.81209564208984
16,mlp,gate_proj,0,3,5.925134181976318,3.9704108238220215,84.74386596679688,89.8926773071289,73.18395233154297,73.18395233154297,75.83744049072266,80.98028564453125,82.71170806884766,82.89761352539062,83.31153869628906,84.88069915771484,85.82528686523438,86.7066650390625,87.20326232910156,87.84256744384766,88.12174987792969,88.47783660888672,88.84243774414062,89.18616485595703,89.8926773071289
16,mlp,gate_proj,0,4,5.914597034454346,3.9700050354003906,84.59664916992188,89.80625915527344,70.3608627319336,70.3608627319336,79.12489318847656,81.83139038085938,83.05709838867188,83.40453338623047,84.08187103271484,84.48799896240234,85.53916931152344,85.7316665649414,86.33204650878906,87.12073516845703,87.54814910888672,87.9906997680664,88.11438751220703,89.0146713256836,89.80625915527344
16,mlp,gate_proj,1,2,5.906144618988037,3.9691526889801025,84.47615051269531,89.89508819580078,72.61138916015625,72.61138916015625,76.2337417602539,81.34288024902344,82.3396987915039,82.7837905883789,83.89362335205078,84.6988296508789,84.879638671875,85.48693084716797,86.43302917480469,87.1616439819336,87.66516876220703,88.0436782836914,88.9926986694336,89.15644836425781,89.89508819580078
16,mlp,gate_proj,1,3,5.902914524078369,3.9671201705932617,84.41291809082031,89.81620025634766,70.94783782958984,70.94783782958984,76.40094757080078,80.96060943603516,82.26718139648438,83.13208770751953,83.96590423583984,84.39895629882812,84.89043426513672,85.95138549804688,86.2398910522461,87.08316040039062,87.99890899658203,88.17604064941406,89.13774871826172,89.23944091796875,89.81620025634766
16,mlp,gate_proj,1,4,5.889784812927246,3.9623453617095947,84.19020080566406,89.90780639648438,68.46942901611328,68.46942901611328,77.30536651611328,77.97048950195312,82.24195861816406,82.68912506103516,84.31562805175781,85.03268432617188,85.55476379394531,85.79271697998047,86.25885772705078,86.7418441772461,87.64408111572266,88.27749633789062,89.36975860595703,89.4712905883789,89.90780639648438
16,mlp,gate_proj,2,3,5.942640781402588,3.9751105308532715,85.02505493164062,89.68733215332031,75.24817657470703,75.24817657470703,77.75196075439453,81.32975006103516,82.42102813720703,82.90193939208984,84.22618865966797,85.23152160644531,85.61148834228516,86.27433013916016,87.26602172851562,87.68003845214844,88.22648620605469,88.56074523925781,88.91053771972656,89.07340240478516,89.68733215332031
16,mlp,gate_proj,2,4,5.9074273109436035,3.9671630859375,84.47413635253906,89.90447235107422,70.77879333496094,70.77879333496094,77.6038818359375,80.68224334716797,81.39492797851562,82.98802947998047,83.55950164794922,84.21459197998047,84.52710723876953,85.5479507446289,87.37326049804688,87.65897369384766,88.00659942626953,88.68877410888672,89.26979064941406,89.38720703125,89.90447235107422
16,mlp,gate_proj,3,4,5.878629207611084,3.9622409343719482,84.04005432128906,89.9266128540039,68.8880386352539,68.8880386352539,76.0189437866211,80.23163604736328,81.48799133300781,82.79905700683594,83.86966705322266,84.25975036621094,84.65008544921875,85.930419921875,86.2171401977539,86.5899887084961,87.93092346191406,88.33580017089844,88.65670013427734,88.84820556640625,89.9266128540039
16,mlp,up_proj,0,1,5.893199443817139,3.967222213745117,84.28463745117188,89.8476333618164,72.7343978881836,72.7343978881836,77.63243103027344,79.98522186279297,80.5866928100586,82.05393981933594,82.77550506591797,82.89952850341797,84.7787857055664,86.32859802246094,86.8128890991211,87.45741271972656,87.76966857910156,88.6559829711914,89.07582092285156,89.1596908569336,89.8476333618164
16,mlp,up_proj,0,2,5.905191421508789,3.9704689979553223,84.47652435302734,89.5035400390625,74.8875961303711,74.8875961303711,76.82061767578125,80.17977905273438,81.61126708984375,81.94967651367188,83.25414276123047,84.44512176513672,84.78486633300781,85.9688949584961,86.39220428466797,86.90274047851562,88.27580261230469,88.51620483398438,89.0090560913086,89.12284851074219,89.5035400390625
16,mlp,up_proj,0,3,5.896795749664307,3.9680418968200684,84.33999633789062,89.97089385986328,71.94205474853516,71.94205474853516,77.16268157958984,81.20024871826172,81.92447662353516,82.17205810546875,83.46867370605469,84.24471282958984,85.04219818115234,85.70564270019531,86.1343994140625,86.74974060058594,87.3021011352539,88.23468780517578,88.97806549072266,89.2072982788086,89.97089385986328
16,mlp,up_proj,0,4,5.8892107009887695,3.967794179916382,84.23634338378906,89.89328002929688,73.27218627929688,73.27218627929688,76.21842956542969,79.43444061279297,81.85736846923828,83.06831359863281,83.8909683227539,84.68829345703125,84.74371337890625,84.93084716796875,85.71084594726562,86.90188598632812,87.50794982910156,87.79121398925781,88.5494613647461,89.32222747802734,89.89328002929688
16,mlp,up_proj,1,2,5.909379005432129,3.9723358154296875,84.5501708984375,89.45452117919922,74.67276000976562,74.67276000976562,78.0062026977539,80.7726058959961,81.16783905029297,83.12722778320312,83.8021011352539,84.50064849853516,85.41216278076172,85.964599609375,86.19281768798828,87.03495788574219,87.36956024169922,88.0148696899414,88.22532653808594,89.08458709716797,89.45452117919922
16,mlp,up_proj,1,3,5.879195213317871,3.964833974838257,84.0732421875,89.7149887084961,70.33662414550781,70.33662414550781,78.14498138427734,79.87433624267578,81.1086654663086,82.31023406982422,82.77045440673828,84.30510711669922,84.58782958984375,85.38264465332031,86.21012115478516,86.77632141113281,87.74942779541016,88.23269653320312,88.64942932128906,89.01803588867188,89.7149887084961
16,mlp,up_proj,1,4,5.900805473327637,3.9668734073638916,84.38239288330078,89.65117645263672,71.09767150878906,71.09767150878906,76.97460174560547,79.12881469726562,82.02635955810547,83.40322875976562,84.33444213867188,84.53487396240234,85.34404754638672,85.95579528808594,86.4304428100586,87.1402359008789,87.47277069091797,88.16175842285156,88.96019744873047,89.5018539428711,89.65117645263672
16,mlp,up_proj,2,3,5.901735782623291,3.9680287837982178,84.40658569335938,89.78726196289062,73.07493591308594,73.07493591308594,75.8113784790039,80.50252532958984,81.62437438964844,82.2756118774414,82.54617309570312,84.81306457519531,85.68807983398438,86.14947509765625,86.7374496459961,87.49662780761719,87.91471862792969,88.1090316772461,88.72044372558594,89.2542724609375,89.78726196289062
16,mlp,up_proj,2,4,5.914162635803223,3.970432996749878,84.59671020507812,89.72530364990234,74.2903823852539,74.2903823852539,77.1294937133789,78.67378997802734,81.46923828125,82.94476318359375,84.10790252685547,84.5888442993164,85.62218475341797,86.3865737915039,86.90072631835938,87.48401641845703,87.67894744873047,88.44365692138672,88.79014587402344,89.31134033203125,89.72530364990234
16,mlp,up_proj,3,4,5.897573947906494,3.965366840362549,84.32437896728516,89.62431335449219,70.26458740234375,70.26458740234375,76.60043334960938,79.94004821777344,80.7138900756836,83.43146514892578,84.29591369628906,84.4347915649414,85.55762481689453,86.10494995117188,86.75808715820312,87.11531066894531,87.66154479980469,88.626708984375,88.86483001708984,89.19562530517578,89.62431335449219
16,self_attn,k_proj,0,1,5.290394306182861,3.8275697231292725,75.27565002441406,89.71057891845703,59.54771041870117,59.54771041870117,62.5632438659668,65.23748016357422,67.45291137695312,70.1156234741211,70.8133316040039,72.56661987304688,73.2459945678711,76.75466918945312,79.35907745361328,80.1226806640625,81.7171859741211,82.83363342285156,85.4766616821289,86.89297485351562,89.71057891845703
16,self_attn,k_proj,0,2,5.298892974853516,3.81915545463562,75.2851333618164,89.29934692382812,59.14957809448242,59.14957809448242,59.930233001708984,62.32564926147461,64.6377944946289,69.7729263305664,71.5064926147461,74.07286834716797,74.46917724609375,78.49775695800781,79.49993896484375,80.27790069580078,82.8597412109375,83.66812896728516,87.25484466552734,87.33973693847656,89.29934692382812
16,self_attn,k_proj,0,3,5.342735290527344,3.8403162956237793,76.02973937988281,89.48517608642578,59.481163024902344,59.481163024902344,63.170188903808594,65.81532287597656,68.53942108154297,70.38810729980469,71.35643005371094,75.53387451171875,77.04440307617188,77.58799743652344,78.13011932373047,80.34432983398438,80.5275650024414,83.02336883544922,87.40983581542969,88.63861846923828,89.48517608642578
16,self_attn,k_proj,0,4,5.29289436340332,3.824781894683838,75.27197265625,89.30149841308594,58.52770233154297,58.52770233154297,62.00794982910156,63.940773010253906,66.3496322631836,68.04049682617188,71.19715881347656,75.2287368774414,76.4789047241211,77.1854476928711,78.21381378173828,79.93595123291016,82.29335021972656,84.30282592773438,85.36090850830078,85.98641204833984,89.30149841308594
16,self_attn,k_proj,1,2,5.261931896209717,3.8163371086120605,74.80982208251953,87.98930358886719,55.85126495361328,55.85126495361328,61.224937438964844,62.184059143066406,66.42781829833984,71.46678924560547,71.85816192626953,73.77655029296875,75.27435302734375,77.57508087158203,78.77445983886719,79.68244171142578,81.47917175292969,82.56937408447266,83.85961151123047,86.96379852294922,87.98930358886719
16,self_attn,k_proj,1,3,5.353288173675537,3.8354640007019043,76.09683990478516,88.46961975097656,56.998291015625,56.998291015625,62.007389068603516,62.7318000793457,68.86026763916016,69.6662368774414,72.62036895751953,75.35722351074219,77.38300323486328,78.67766571044922,80.27896881103516,82.87059020996094,83.83763885498047,84.66597747802734,86.02702331542969,87.09732818603516,88.46961975097656
16,self_attn,k_proj,1,4,5.304529666900635,3.8320534229278564,75.48968505859375,89.27955627441406,61.139259338378906,61.139259338378906,62.290496826171875,64.79872131347656,66.70423126220703,69.57756042480469,70.72784423828125,73.52638244628906,76.55056762695312,77.09805297851562,79.29515075683594,79.72578430175781,81.06346893310547,83.64671325683594,84.48262786865234,87.92864227294922,89.27955627441406
16,self_attn,k_proj,2,3,5.256073474884033,3.8111348152160645,74.70384216308594,88.46331787109375,59.7092170715332,59.7092170715332,61.451133728027344,63.270668029785156,65.56396484375,67.98414611816406,69.93407440185547,71.23927307128906,73.75777435302734,75.1374282836914,77.54029083251953,78.25696563720703,83.71363067626953,85.00567626953125,87.10013580322266,87.13378143310547,88.46331787109375
16,self_attn,k_proj,2,4,5.273360252380371,3.8263628482818604,75.05437469482422,87.9658203125,58.789058685302734,58.789058685302734,60.20658493041992,65.45616149902344,68.27815246582031,71.25267028808594,72.26056671142578,72.57073211669922,75.35676574707031,76.70970153808594,78.42549133300781,79.08517456054688,80.84969329833984,83.14369201660156,84.07089233398438,86.44882202148438,87.9658203125
16,self_attn,k_proj,3,4,5.309640407562256,3.8261027336120605,75.48362731933594,88.63062286376953,57.80727005004883,57.80727005004883,60.55354309082031,65.88258361816406,66.04202270507812,70.66426849365234,71.60577392578125,72.56119537353516,74.83944702148438,78.15554809570312,79.04168701171875,80.10270690917969,83.1419448852539,85.18853759765625,86.3689193725586,87.15190124511719,88.63062286376953
16,self_attn,o_proj,0,1,5.703371524810791,3.9381356239318848,81.50570678710938,89.23336029052734,70.5164566040039,70.5164566040039,73.9661636352539,75.23506927490234,75.41368865966797,77.28608703613281,79.76583099365234,80.95399475097656,81.49015045166016,82.14500427246094,83.72793579101562,85.21043395996094,85.50841522216797,87.0440902709961,87.67478942871094,88.91987609863281,89.23336029052734
16,self_attn,o_proj,0,2,5.745334148406982,3.9416229724884033,82.08450317382812,89.85110473632812,70.28531646728516,70.28531646728516,73.06493377685547,74.47917938232422,76.5227279663086,78.15447998046875,80.37987518310547,82.10760498046875,82.46488189697266,83.05424499511719,85.0879135131836,86.18866729736328,86.6823959350586,87.51461029052734,87.9703369140625,89.54365539550781,89.85110473632812
16,self_attn,o_proj,0,3,5.706140995025635,3.933540105819702,81.4959716796875,89.5897445678711,67.66915893554688,67.66915893554688,71.88661193847656,74.6019515991211,77.31989288330078,78.36121368408203,79.3810806274414,80.11318969726562,80.93536376953125,83.29579162597656,83.93403625488281,85.20897674560547,86.21500396728516,87.7319107055664,88.61055755615234,89.08113861083984,89.5897445678711
16,self_attn,o_proj,0,4,5.712062358856201,3.9361090660095215,81.5970687866211,89.49241638183594,67.67340087890625,67.67340087890625,72.64704895019531,75.40957641601562,76.65304565429688,78.1202163696289,79.83487701416016,80.51038360595703,82.36075592041016,83.57528686523438,84.13912963867188,85.5498275756836,85.85948944091797,87.16585540771484,87.79643249511719,88.76526641845703,89.49241638183594
16,self_attn,o_proj,1,2,5.670997619628906,3.926223039627075,80.96994018554688,89.83966064453125,65.80564880371094,65.80564880371094,71.9044418334961,72.9389877319336,75.91362762451172,78.04765319824219,79.14409637451172,80.29562377929688,81.54605102539062,83.05528259277344,83.28929901123047,84.78876495361328,86.00006866455078,87.09172058105469,87.6474380493164,88.21066284179688,89.83966064453125
16,self_attn,o_proj,1,3,5.658789157867432,3.9242897033691406,80.79507446289062,89.22723388671875,66.74195098876953,66.74195098876953,70.52156066894531,73.24761962890625,75.57706451416016,77.78971099853516,77.93584442138672,79.64116668701172,81.20347595214844,82.85356903076172,84.30722045898438,85.04264068603516,85.90555572509766,87.11591339111328,87.50830078125,88.10231018066406,89.22723388671875
16,self_attn,o_proj,1,4,5.731586456298828,3.9401421546936035,81.88973999023438,89.7309341430664,68.35759735107422,68.35759735107422,73.11194610595703,75.87937927246094,76.74858093261719,78.58765411376953,79.8807144165039,81.24852752685547,83.43478393554688,83.74174499511719,84.85384368896484,85.33055114746094,85.93426513671875,86.86873626708984,87.79424285888672,88.73242950439453,89.7309341430664
16,self_attn,o_proj,2,3,5.700990200042725,3.9306325912475586,81.4006576538086,89.59828186035156,67.15345764160156,67.15345764160156,70.45469665527344,74.08815002441406,77.98167419433594,78.48788452148438,78.94355773925781,79.83686065673828,81.25621795654297,83.45914459228516,83.99380493164062,84.97221374511719,86.31097412109375,87.55352783203125,88.9203872680664,89.3996810913086,89.59828186035156
16,self_attn,o_proj,2,4,5.677574157714844,3.9291677474975586,81.08394622802734,89.85784149169922,66.74839782714844,66.74839782714844,71.23812866210938,75.08441925048828,77.07264709472656,78.72624206542969,78.95033264160156,79.52606201171875,80.11348724365234,82.3502197265625,82.97513580322266,85.52366638183594,86.06625366210938,87.30657196044922,87.3303451538086,88.473388671875,89.85784149169922
16,self_attn,o_proj,3,4,5.692448616027832,3.9314775466918945,81.29765319824219,89.93156433105469,67.01902770996094,67.01902770996094,70.2897720336914,76.17512512207031,76.58637237548828,78.14570617675781,79.73310852050781,81.2229995727539,81.83036804199219,82.49153900146484,83.49324035644531,84.79725646972656,85.66962432861328,86.6333999633789,88.1046371459961,88.63871765136719,89.93156433105469
16,self_attn,q_proj,0,1,5.5656938552856445,3.90432071685791,79.41484832763672,89.58721160888672,63.24104690551758,63.24104690551758,70.98186492919922,71.98928833007812,73.66215515136719,75.5967025756836,76.30429077148438,78.66658782958984,79.84918212890625,80.49980926513672,81.67338562011719,82.57801055908203,83.36515045166016,86.09081268310547,87.60577392578125,88.94627380371094,89.58721160888672
16,self_attn,q_proj,0,2,5.58306360244751,3.909575939178467,79.68801879882812,89.63967895507812,66.58539581298828,66.58539581298828,69.28144073486328,72.3048324584961,73.54922485351562,75.81051635742188,76.04102325439453,78.1136703491211,80.04185485839844,80.61983489990234,82.86206817626953,84.02610778808594,85.06876373291016,86.10277557373047,86.900634765625,88.06055450439453,89.63967895507812
16,self_attn,q_proj,0,3,5.55118989944458,3.8975918292999268,79.16484069824219,89.4532241821289,62.3945198059082,62.3945198059082,69.57392883300781,70.7800521850586,72.47808074951172,73.5119400024414,76.35221099853516,78.52180480957031,81.05992126464844,81.77069854736328,82.05814361572266,83.23890686035156,84.57039642333984,85.14994049072266,86.6752700805664,89.04833221435547,89.4532241821289
16,self_attn,q_proj,0,4,5.544585227966309,3.89760422706604,79.08241271972656,89.8953628540039,62.74014663696289,62.74014663696289,68.5751724243164,71.1964340209961,73.70356750488281,74.67961883544922,75.84562683105469,77.94660949707031,78.99365234375,81.79618835449219,82.83305358886719,83.46815490722656,84.15062713623047,84.34709930419922,86.56124114990234,88.5859603881836,89.8953628540039
16,self_attn,q_proj,1,2,5.594033718109131,3.9103846549987793,79.8350830078125,89.87120819091797,65.75460815429688,65.75460815429688,71.5345230102539,71.9819107055664,73.4035873413086,75.20210266113281,75.83262634277344,77.8167953491211,80.24519348144531,80.61124420166016,82.44794464111328,84.93980407714844,85.54150390625,86.51802062988281,87.60916137695312,88.05106353759766,89.87120819091797
16,self_attn,q_proj,1,3,5.596789836883545,3.9061689376831055,79.82518005371094,89.310302734375,64.00321197509766,64.00321197509766,67.91857147216797,71.03325653076172,73.51095581054688,75.37918090820312,77.49932098388672,79.81637573242188,80.11279296875,82.31845092773438,83.64856719970703,84.7591323852539,85.57267761230469,86.62857818603516,87.54252624511719,88.14906311035156,89.310302734375
16,self_attn,q_proj,1,4,5.59291410446167,3.9097952842712402,79.8116683959961,89.40774536132812,63.381568908691406,63.381568908691406,71.11112213134766,72.07159423828125,74.68871307373047,75.47999572753906,78.16119384765625,78.82450866699219,79.7536392211914,80.877197265625,82.69854736328125,84.39994812011719,84.79553985595703,84.96720886230469,87.31752014160156,89.05068969726562,89.40774536132812
16,self_attn,q_proj,2,3,5.602652549743652,3.9156901836395264,79.99574279785156,89.28791809082031,66.28585815429688,66.28585815429688,71.30056762695312,73.33589172363281,74.99159240722656,75.92338562011719,77.1435775756836,77.8927001953125,79.86982727050781,80.55097961425781,82.21174621582031,84.61994934082031,84.97792053222656,85.99018096923828,87.32240295410156,88.22736358642578,89.28791809082031
16,self_attn,q_proj,2,4,5.614140510559082,3.915085792541504,80.13613891601562,89.29912567138672,67.5025405883789,67.5025405883789,68.53085327148438,73.64014434814453,74.83142852783203,75.52880096435547,76.72480010986328,77.7867431640625,79.34446716308594,82.5135269165039,83.82957458496094,84.30884552001953,85.8549575805664,86.77174377441406,87.44752502441406,88.2631607055664,89.29912567138672
16,self_attn,q_proj,3,4,5.555638790130615,3.905064582824707,79.2974853515625,89.05044555664062,65.708984375,65.708984375,69.64766693115234,71.52592468261719,74.25947570800781,75.40889739990234,75.69184875488281,77.25672912597656,79.23876190185547,80.55735778808594,82.16124725341797,83.12163543701172,84.76642608642578,85.98046112060547,86.89247131347656,87.49138641357422,89.05044555664062
16,self_attn,v_proj,0,1,5.334629535675049,3.8313028812408447,75.82598114013672,89.07916259765625,55.45151138305664,55.45151138305664,59.77393341064453,65.75889587402344,69.45237731933594,72.083251953125,72.39116668701172,73.52001190185547,75.44915771484375,78.16920471191406,80.4924087524414,81.39082336425781,82.58687591552734,84.99188995361328,86.03506469726562,86.5899429321289,89.07916259765625
16,self_attn,v_proj,0,2,5.392360210418701,3.8499069213867188,76.72096252441406,89.83699035644531,57.64020919799805,57.64020919799805,63.485347747802734,66.84380340576172,69.05384063720703,71.98554992675781,74.31755065917969,75.06793975830078,77.22723388671875,78.38865661621094,79.28755950927734,80.85079956054688,83.40904235839844,85.1420669555664,85.91510009765625,89.083740234375,89.83699035644531
16,self_attn,v_proj,0,3,5.3249711990356445,3.830314874649048,75.69735717773438,88.96577453613281,55.34865188598633,55.34865188598633,60.088600158691406,63.32282257080078,70.26813507080078,71.57929229736328,72.77898406982422,75.55321502685547,77.19087219238281,78.783203125,79.0534896850586,81.23472595214844,81.8086929321289,83.25396728515625,84.78461456298828,87.14270782470703,88.96577453613281
16,self_attn,v_proj,0,4,5.328738212585449,3.8339791297912598,75.79194641113281,89.44988250732422,59.11858367919922,59.11858367919922,61.58030700683594,63.24314880371094,67.45083618164062,70.3425064086914,72.59667205810547,74.21859741210938,77.5219955444336,78.02864074707031,80.35491180419922,80.86148834228516,82.05108642578125,84.11722564697266,84.44277954101562,87.29257202148438,89.44988250732422
16,self_attn,v_proj,1,2,5.342402458190918,3.8284432888031006,75.89993286132812,89.60468292236328,57.649757385253906,57.649757385253906,60.354736328125,64.28805541992188,66.91693115234375,70.16887664794922,72.9310073852539,73.33258056640625,75.04914093017578,77.08456420898438,80.84616088867188,81.50894927978516,83.11900329589844,85.56592559814453,87.53763580322266,88.44093322753906,89.60468292236328
16,self_attn,v_proj,1,3,5.342060089111328,3.835155725479126,75.95723724365234,89.31610107421875,56.44892883300781,56.44892883300781,60.702476501464844,65.57589721679688,68.41433715820312,70.17977905273438,73.68576049804688,75.43572235107422,76.1893081665039,78.66907501220703,79.42486572265625,81.53929138183594,84.18205261230469,84.35182189941406,84.73652648925781,86.46385955810547,89.31610107421875
16,self_attn,v_proj,1,4,5.297022819519043,3.819572687149048,75.2642593383789,89.77426147460938,56.92511749267578,56.92511749267578,59.21303939819336,65.319091796875,67.19189453125,68.4075927734375,72.05950164794922,72.96977233886719,76.0770492553711,77.61480712890625,78.12653350830078,80.30680847167969,81.99205780029297,84.2523422241211,85.83384704589844,88.1644058227539,89.77426147460938
16,self_attn,v_proj,2,3,5.295616626739502,3.8178467750549316,75.22622680664062,89.3633041381836,54.867958068847656,54.867958068847656,61.123836517333984,63.882530212402344,67.16890716552734,69.515625,71.4448471069336,73.11686706542969,76.47505187988281,77.79729461669922,78.14447784423828,79.86799621582031,82.39984893798828,83.41704559326172,86.90853881835938,88.12545776367188,89.3633041381836
16,self_attn,v_proj,2,4,5.347544193267822,3.834160089492798,76.01815795898438,89.70001220703125,56.94947814941406,56.94947814941406,61.778011322021484,65.31695556640625,67.5035629272461,70.46794128417969,72.2402572631836,74.50463104248047,76.58824920654297,77.41572570800781,80.1318359375,81.36602783203125,83.07250213623047,84.7059555053711,86.48078155517578,88.0687026977539,89.70001220703125
16,self_attn,v_proj,3,4,5.310037612915039,3.8146252632141113,75.35408020019531,88.61939239501953,53.37761688232422,53.37761688232422,60.02098846435547,61.47328186035156,65.16275787353516,70.89998626708984,74.0583724975586,74.65399932861328,76.04247283935547,77.94432067871094,79.48356628417969,81.32952880859375,83.40045928955078,84.12403869628906,86.91288757324219,88.16168212890625,88.61939239501953
17,mlp,down_proj,0,1,5.813850402832031,3.9580576419830322,83.14142608642578,89.47590637207031,72.8165283203125,72.8165283203125,75.81080627441406,77.4237289428711,79.4432144165039,80.67742919921875,81.27101135253906,82.65310668945312,83.68522644042969,84.46015930175781,84.98100280761719,86.21849822998047,86.88758087158203,87.6203842163086,87.98710632324219,88.85115814208984,89.47590637207031
17,mlp,down_proj,0,2,5.794489860534668,3.9563329219818115,82.86972045898438,89.67822265625,73.28985595703125,73.28985595703125,75.72669982910156,76.98535919189453,79.40629577636719,80.4104995727539,81.09256744384766,82.16980743408203,83.63353729248047,83.9865951538086,84.38137817382812,85.22174835205078,85.88184356689453,87.26229095458984,87.65340423583984,89.13536834716797,89.67822265625
17,mlp,down_proj,0,3,5.797240734100342,3.953253746032715,82.87621307373047,89.77533721923828,71.38343811035156,71.38343811035156,74.26693725585938,77.82011413574219,78.67263793945312,79.68993377685547,81.09596252441406,82.76922607421875,83.21244049072266,84.1103744506836,85.24346160888672,86.55354309082031,86.75896453857422,87.38248443603516,88.47193908691406,88.81265258789062,89.77533721923828
17,mlp,down_proj,0,4,5.807731628417969,3.959404468536377,83.07417297363281,89.94001007080078,75.1471939086914,75.1471939086914,77.21409606933594,78.92613983154297,79.13043975830078,79.60913848876953,80.18678283691406,81.298095703125,82.5199203491211,83.65878295898438,84.15042114257812,85.70149230957031,86.46299743652344,87.69127655029297,88.62671661376953,88.9232177734375,89.94001007080078
17,mlp,down_proj,1,2,5.755207538604736,3.948450803756714,82.27876281738281,89.79944610595703,71.86199951171875,71.86199951171875,73.66239929199219,76.66529083251953,78.33985900878906,78.57402801513672,80.91537475585938,81.83613586425781,83.37213134765625,83.66352081298828,84.17984771728516,84.96990966796875,85.21122741699219,86.8631820678711,87.98675537109375,88.55913543701172,89.79944610595703
17,mlp,down_proj,1,3,5.789257526397705,3.948075532913208,82.72032165527344,89.50686645507812,69.64537048339844,69.64537048339844,71.30574035644531,78.02192687988281,78.23553466796875,79.93047332763672,81.68121337890625,82.2373046875,83.69419860839844,85.07488250732422,85.42376708984375,86.6131591796875,87.09229278564453,87.81216430664062,88.35226440429688,88.89802551269531,89.50686645507812
17,mlp,down_proj,1,4,5.823731899261475,3.954697370529175,83.23930358886719,89.8840103149414,70.43179321289062,70.43179321289062,73.55961608886719,77.65860748291016,80.00067901611328,81.00983428955078,81.76448822021484,83.29096221923828,83.85649871826172,84.90658569335938,85.50968933105469,86.25660705566406,87.27196502685547,88.01522827148438,88.81468963623047,89.59760284423828,89.8840103149414
17,mlp,down_proj,2,3,5.778567314147949,3.9506514072418213,82.60572814941406,89.38450622558594,70.92475891113281,70.92475891113281,74.7972640991211,76.2479248046875,79.30337524414062,79.78675842285156,80.90386199951172,81.52478790283203,82.7250747680664,83.77163696289062,84.87336730957031,85.63513946533203,86.86943054199219,87.45233917236328,88.45537567138672,89.03604888916016,89.38450622558594
17,mlp,down_proj,2,4,5.793346881866455,3.9565110206604004,82.85646057128906,89.05504608154297,74.62811279296875,74.62811279296875,74.91580200195312,76.72157287597656,79.26786041259766,80.1913070678711,80.72591400146484,81.9324722290039,83.56950378417969,83.68949890136719,84.89218139648438,85.81929016113281,86.78023529052734,87.0076675415039,88.02867889404297,88.4781494140625,89.05504608154297
17,mlp,down_proj,3,4,5.781472206115723,3.951376438140869,82.65126037597656,89.90406799316406,71.91121673583984,71.91121673583984,74.98612976074219,75.7729721069336,79.30067443847656,79.93163299560547,80.16258239746094,81.26326751708984,83.24730682373047,84.3017578125,84.6279296875,85.4266128540039,86.36101531982422,87.68263244628906,88.57887268066406,88.96147918701172,89.90406799316406
17,mlp,gate_proj,0,1,5.887008190155029,3.9612791538238525,84.1440658569336,89.80378723144531,69.82344055175781,69.82344055175781,75.33140563964844,77.80078887939453,80.3673324584961,82.92886352539062,84.04000091552734,84.57218933105469,85.03055572509766,86.3817138671875,87.31326293945312,87.39217376708984,88.26676177978516,88.51878356933594,89.07994842529297,89.65402221679688,89.80378723144531
17,mlp,gate_proj,0,2,5.835895538330078,3.9552860260009766,83.40478515625,89.47988891601562,69.46224975585938,69.46224975585938,72.614501953125,77.24239349365234,80.64767456054688,81.90142059326172,83.45513916015625,84.44686126708984,85.13185119628906,85.9849853515625,86.40495300292969,86.64189910888672,87.06216430664062,87.54236602783203,87.93159484863281,88.52674102783203,89.47988891601562
17,mlp,gate_proj,0,3,5.895639896392822,3.9642887115478516,84.28907775878906,89.8754653930664,71.84407043457031,71.84407043457031,75.06741333007812,77.52140045166016,81.51287841796875,83.12564849853516,83.53988647460938,85.0832748413086,85.28501892089844,86.40699005126953,86.59790802001953,87.48795318603516,88.16526794433594,88.59076690673828,89.07087707519531,89.45047760009766,89.8754653930664
17,mlp,gate_proj,0,4,5.836655616760254,3.957502603530884,83.43748474121094,89.78326416015625,70.9513931274414,70.9513931274414,74.03661346435547,79.13536834716797,79.56578826904297,81.24980926513672,82.3108901977539,82.76566314697266,84.03352355957031,85.0157699584961,85.99353790283203,86.56402587890625,87.14900207519531,88.18704223632812,89.00542449951172,89.25265502929688,89.78326416015625
17,mlp,gate_proj,1,2,5.879065036773682,3.961193323135376,84.03655242919922,89.93781280517578,69.21563720703125,69.21563720703125,76.29124450683594,78.72740173339844,80.00057983398438,82.89066314697266,83.54090881347656,84.16338348388672,84.9964828491211,86.31109619140625,86.6384048461914,87.1214828491211,87.80854034423828,88.7209701538086,88.85550689697266,89.36471557617188,89.93781280517578
17,mlp,gate_proj,1,3,5.891044616699219,3.966801881790161,84.25090026855469,89.94988250732422,71.15571594238281,71.15571594238281,78.06293487548828,80.31543731689453,80.94954681396484,82.67025756835938,83.19657897949219,84.16868591308594,85.38434600830078,85.90282440185547,86.2686996459961,86.58381652832031,87.25162506103516,88.1116714477539,88.25079345703125,89.7916030883789,89.94988250732422
17,mlp,gate_proj,1,4,5.875036239624023,3.9634976387023926,84.0053482055664,89.93771362304688,71.5860595703125,71.5860595703125,74.42079162597656,80.1623764038086,80.84123229980469,82.86357879638672,83.38409423828125,84.23502349853516,84.91495513916016,86.02159881591797,86.0950927734375,86.41461181640625,87.072998046875,88.2683334350586,88.75597381591797,89.11119079589844,89.93771362304688
17,mlp,gate_proj,2,3,5.870234966278076,3.9623188972473145,83.92960357666016,89.7970962524414,70.48986053466797,70.48986053466797,75.02901458740234,79.1941146850586,81.61474609375,82.36627960205078,83.68742370605469,84.3450698852539,84.6103286743164,85.91305541992188,86.3644027709961,86.57537841796875,87.26239013671875,88.0006332397461,88.5759048461914,89.04792022705078,89.7970962524414
17,mlp,gate_proj,2,4,5.8599653244018555,3.958170175552368,83.75282287597656,89.7614974975586,70.2585678100586,70.2585678100586,72.33737182617188,79.20623016357422,80.4766845703125,82.19099426269531,83.35820007324219,83.89103698730469,85.36581420898438,85.79014587402344,86.6640853881836,87.20853424072266,87.72887420654297,88.29512023925781,88.49784088134766,89.01416015625,89.7614974975586
17,mlp,gate_proj,3,4,5.864968299865723,3.9624743461608887,83.8611831665039,89.98945617675781,70.62039184570312,70.62039184570312,76.37507629394531,80.2003173828125,81.06816864013672,81.45577239990234,83.06902313232422,83.22331237792969,83.54884338378906,85.47773742675781,86.3716812133789,86.8113784790039,87.57408142089844,88.27393341064453,88.3926010131836,89.32711791992188,89.98945617675781
17,mlp,up_proj,0,1,5.858850955963135,3.9662368297576904,83.8160171508789,89.97362518310547,73.49722290039062,73.49722290039062,78.01634216308594,78.58763122558594,80.94197845458984,82.317626953125,82.88296508789062,83.9024887084961,84.3370132446289,84.99137878417969,85.37648010253906,85.6087646484375,87.1053695678711,87.44458770751953,87.60124206542969,88.47161102294922,89.97362518310547
17,mlp,up_proj,0,2,5.908357620239258,3.968667507171631,84.5013656616211,89.8404769897461,72.17323303222656,72.17323303222656,77.43783569335938,79.75872039794922,81.238037109375,83.23716735839844,83.79674530029297,84.86540985107422,85.29793548583984,85.93463134765625,86.62499237060547,87.33885192871094,87.4684066772461,88.70723724365234,89.03312683105469,89.26899719238281,89.8404769897461
17,mlp,up_proj,0,3,5.882717609405518,3.9682953357696533,84.15424346923828,89.31776428222656,73.5481185913086,73.5481185913086,77.35816192626953,80.12623596191406,80.98096466064453,82.5740966796875,82.91865539550781,83.84917449951172,84.59452056884766,85.80032348632812,86.07026672363281,86.82658386230469,87.1199951171875,87.7332992553711,88.43269348144531,89.21699523925781,89.31776428222656
17,mlp,up_proj,0,4,5.886457443237305,3.9675490856170654,84.19718170166016,89.4169921875,73.363037109375,73.363037109375,76.41931915283203,79.63248443603516,80.7618179321289,81.92166137695312,83.86051177978516,84.67955780029297,84.92724609375,85.97303009033203,86.66334533691406,86.94551849365234,87.48533630371094,88.0693588256836,88.31828308105469,88.71741485595703,89.4169921875
17,mlp,up_proj,1,2,5.875324726104736,3.969297170639038,84.065185546875,89.55498504638672,74.82664489746094,74.82664489746094,79.13346099853516,79.95417022705078,80.919189453125,82.33924102783203,82.46634674072266,83.22088623046875,83.65213775634766,85.09397888183594,85.21368408203125,85.69835662841797,87.28478240966797,88.1973876953125,88.56703186035156,88.92062377929688,89.55498504638672
17,mlp,up_proj,1,3,5.866946697235107,3.9655544757843018,83.91755676269531,89.5025634765625,72.90757751464844,72.90757751464844,77.2637710571289,79.75862884521484,80.6034164428711,81.11503601074219,82.83183288574219,83.95768737792969,84.12854766845703,85.038818359375,85.66954803466797,87.02009582519531,87.6274642944336,87.78092956542969,88.61822509765625,88.85675048828125,89.5025634765625
17,mlp,up_proj,1,4,5.88103723526001,3.9679176807403564,84.1285400390625,89.97493743896484,74.21630096435547,74.21630096435547,77.9740982055664,78.5683364868164,81.20301055908203,82.2855453491211,82.72532653808594,83.66901397705078,84.23554992675781,85.13641357421875,85.59769439697266,87.26636505126953,87.65995788574219,88.07949829101562,88.26302337646484,89.20160675048828,89.97493743896484
17,mlp,up_proj,2,3,5.908395290374756,3.9717304706573486,84.53128051757812,89.8709716796875,74.31758117675781,74.31758117675781,78.05947875976562,80.7943115234375,82.05909729003906,82.4973373413086,83.38594818115234,84.32335662841797,84.97660827636719,85.59688568115234,86.3830795288086,86.9134750366211,87.10215759277344,88.07453918457031,88.77571868896484,89.3698959350586,89.8709716796875
17,mlp,up_proj,2,4,5.876727104187012,3.966945171356201,84.06120300292969,89.33845520019531,73.11512756347656,73.11512756347656,76.73298645019531,79.2514419555664,81.56803894042969,82.49884796142578,83.54497528076172,84.0673828125,84.61425018310547,85.21931457519531,85.47039031982422,86.61438751220703,87.53522491455078,88.25914001464844,88.29444885253906,88.85472106933594,89.33845520019531
17,mlp,up_proj,3,4,5.8570427894592285,3.9626407623291016,83.75787353515625,89.96678161621094,72.13288116455078,72.13288116455078,77.01074981689453,78.61026000976562,79.88223266601562,80.4806900024414,82.69174194335938,84.0660400390625,84.81893920898438,85.47431182861328,85.74604797363281,86.14158630371094,87.53436279296875,87.6952133178711,88.3993148803711,89.47473907470703,89.96678161621094
17,self_attn,k_proj,0,1,5.319855213165283,3.823601245880127,75.58291625976562,88.97506713867188,58.454803466796875,58.454803466796875,60.670135498046875,63.44383239746094,66.15878295898438,69.0182113647461,72.94277954101562,73.18946075439453,74.8198013305664,77.20125579833984,78.75944519042969,80.11521911621094,83.87528228759766,85.63872528076172,87.30723571777344,88.7566146850586,88.97506713867188
17,self_attn,k_proj,0,2,5.3324384689331055,3.8275647163391113,75.76918029785156,89.17137908935547,56.963748931884766,56.963748931884766,61.71488952636719,62.97602081298828,66.97618103027344,70.31147003173828,72.09917449951172,72.76776885986328,76.53244018554688,79.34297180175781,79.7985610961914,81.2413330078125,82.07412719726562,85.24620056152344,87.17566680908203,87.91500091552734,89.17137908935547
17,self_attn,k_proj,0,3,5.326237201690674,3.8424928188323975,75.85246276855469,88.27728271484375,61.0582275390625,61.0582275390625,62.052345275878906,67.29621124267578,67.93876647949219,70.28389739990234,71.96997833251953,74.85797882080078,75.9227523803711,78.04595947265625,79.21943664550781,79.97999572753906,81.08696746826172,84.31185150146484,85.3167953491211,86.02100372314453,88.27728271484375
17,self_attn,k_proj,0,4,5.3532233238220215,3.840226411819458,76.15568542480469,89.82888793945312,58.75503158569336,58.75503158569336,64.3951187133789,65.8156967163086,68.31813049316406,71.04448699951172,71.30481719970703,72.8372802734375,75.31812286376953,78.37079620361328,78.97575378417969,79.62393951416016,83.31629943847656,85.61575317382812,87.16614532470703,87.8047103881836,89.82888793945312
17,self_attn,k_proj,1,2,5.313438415527344,3.8242814540863037,75.51083374023438,89.62731170654297,56.88442611694336,56.88442611694336,60.68134307861328,64.94376373291016,68.01032257080078,69.98882293701172,72.24589538574219,73.64630889892578,74.44313049316406,76.42328643798828,78.02700805664062,79.51111602783203,83.19524383544922,85.34121704101562,86.89485931396484,88.30926513671875,89.62731170654297
17,self_attn,k_proj,1,3,5.3529953956604,3.8411002159118652,76.16477966308594,89.30687713623047,61.17990493774414,61.17990493774414,64.28302001953125,65.20782470703125,67.73807525634766,69.1526870727539,70.63921356201172,73.08551788330078,75.42288208007812,77.38538360595703,80.58092498779297,81.8280258178711,82.98970031738281,85.1671371459961,86.72455596923828,87.9446792602539,89.30687713623047
17,self_attn,k_proj,1,4,5.429766654968262,3.863691806793213,77.32296752929688,89.89937591552734,61.76203536987305,61.76203536987305,64.26580047607422,66.7370834350586,71.0735092163086,72.77754974365234,73.88209533691406,74.12264251708984,76.95716094970703,78.2518310546875,80.61795806884766,82.60623168945312,83.30119323730469,85.39437103271484,87.37071228027344,88.14779663085938,89.89937591552734
17,self_attn,k_proj,2,3,5.392126083374023,3.8514320850372314,76.73555755615234,89.64730072021484,59.53889083862305,59.53889083862305,62.659420013427734,66.0008773803711,69.4293441772461,72.38893127441406,72.92223358154297,74.60030364990234,76.43976593017578,79.2283935546875,80.6886215209961,83.13080596923828,83.38179779052734,84.40992736816406,85.16699981689453,88.13531494140625,89.64730072021484
17,self_attn,k_proj,2,4,5.397848129272461,3.8567702770233154,76.86013793945312,89.04493713378906,60.39815902709961,60.39815902709961,62.93748474121094,67.41719055175781,69.78587341308594,72.38829803466797,73.52131652832031,75.07804870605469,77.26419067382812,78.63687133789062,80.18592071533203,81.04945373535156,83.47643280029297,84.37287139892578,86.14161682128906,88.06355285644531,89.04493713378906
17,self_attn,k_proj,3,4,5.390167236328125,3.8552043437957764,76.75760650634766,89.78765869140625,62.618309020996094,62.618309020996094,65.2219467163086,67.53771209716797,67.73023986816406,69.43840789794922,73.34353637695312,73.9214096069336,75.53113555908203,78.6662826538086,80.34091186523438,81.76986694335938,83.19220733642578,84.2813949584961,86.44339752197266,88.29724884033203,89.78765869140625
17,self_attn,o_proj,0,1,5.7196197509765625,3.9367353916168213,81.70221710205078,89.99178314208984,69.08373260498047,69.08373260498047,72.26683044433594,74.5694351196289,76.22350311279297,77.03459930419922,81.20024871826172,81.59517669677734,82.27747344970703,83.0632095336914,83.38284301757812,85.67850494384766,86.27403259277344,87.23429107666016,88.3380126953125,89.021728515625,89.99178314208984
17,self_attn,o_proj,0,2,5.726559162139893,3.9388394355773926,81.81289672851562,89.52535247802734,70.51187896728516,70.51187896728516,72.2061538696289,73.30426025390625,76.64268493652344,78.09784698486328,80.80736541748047,80.90955352783203,82.39596557617188,83.79216003417969,84.6703109741211,85.73592376708984,85.91903686523438,87.41374969482422,88.12598419189453,88.9479751586914,89.52535247802734
17,self_attn,o_proj,0,3,5.707332134246826,3.9384241104125977,81.55958557128906,89.40744018554688,69.95640563964844,69.95640563964844,73.51374816894531,74.84200286865234,77.45616149902344,78.0047378540039,79.77837371826172,80.72645568847656,81.02970886230469,82.38465881347656,82.73026275634766,85.14805603027344,85.7979736328125,86.96229553222656,88.17758178710938,89.03742218017578,89.40744018554688
17,self_attn,o_proj,0,4,5.723729610443115,3.938309907913208,81.7712631225586,89.27787017822266,70.06351470947266,70.06351470947266,72.55804443359375,74.25494384765625,76.2014389038086,78.50961303710938,79.35008239746094,81.0072250366211,82.3767318725586,82.9938735961914,84.23052215576172,85.63196563720703,86.34297180175781,87.87454223632812,88.77727508544922,88.88967895507812,89.27787017822266
17,self_attn,o_proj,1,2,5.7270941734313965,3.9425742626190186,81.85615539550781,89.37105560302734,71.60332489013672,71.60332489013672,72.50748443603516,76.19691467285156,77.44402313232422,79.0021743774414,79.40338897705078,79.89511108398438,81.8411636352539,83.39095306396484,84.1253662109375,85.05640411376953,85.6103744506836,87.50001525878906,87.79563903808594,88.95511627197266,89.37105560302734
17,self_attn,o_proj,1,3,5.693769931793213,3.9316418170928955,81.31805419921875,89.57499694824219,68.65807342529297,68.65807342529297,70.865478515625,74.35650634765625,75.65070343017578,78.51919555664062,79.08549499511719,80.67738342285156,81.50141143798828,82.77400970458984,83.1296157836914,85.11582946777344,86.61241912841797,87.35931396484375,87.81228637695312,89.39608001708984,89.57499694824219
17,self_attn,o_proj,1,4,5.678992748260498,3.930858850479126,81.11883544921875,89.69853973388672,68.39411926269531,68.39411926269531,70.54423522949219,73.46821594238281,76.57709503173828,78.81433868408203,80.03726196289062,80.93933868408203,81.93003845214844,82.34276580810547,83.33194732666016,84.32466125488281,84.81047058105469,87.06135559082031,87.34671783447266,88.28034973144531,89.69853973388672
17,self_attn,o_proj,2,3,5.682379245758057,3.932591438293457,81.17961120605469,89.84040832519531,68.21368408203125,68.21368408203125,71.9990234375,74.4905014038086,77.15982055664062,78.09223937988281,78.43323516845703,80.33602142333984,81.90199279785156,82.5550308227539,84.10641479492188,84.6753921508789,85.774169921875,85.92508697509766,87.30278778076172,88.06796264648438,89.84040832519531
17,self_attn,o_proj,2,4,5.670017242431641,3.927417278289795,80.96920776367188,89.48963928222656,66.81022644042969,66.81022644042969,70.7019271850586,73.67962646484375,75.98007202148438,77.60916900634766,79.63435363769531,80.60730743408203,81.22986602783203,83.50562286376953,83.95906829833984,84.31544494628906,86.27938842773438,86.60822296142578,87.32538604736328,87.77198791503906,89.48963928222656
17,self_attn,o_proj,3,4,5.698334693908691,3.9330222606658936,81.38929748535156,89.72468566894531,67.41126251220703,67.41126251220703,71.67784881591797,75.10305786132812,76.11688232421875,78.12572479248047,79.97899627685547,80.61491394042969,81.76741027832031,82.85244750976562,84.34183502197266,85.12801361083984,86.27738952636719,87.24957275390625,87.7223129272461,88.13632202148438,89.72468566894531
17,self_attn,q_proj,0,1,5.681674957275391,3.9300403594970703,81.14689636230469,89.98100280761719,68.82098388671875,68.82098388671875,71.74266052246094,73.17164611816406,75.85428619384766,77.55599212646484,79.41180419921875,79.74932098388672,80.63627624511719,82.91478729248047,83.84471893310547,84.9326171875,85.6585464477539,87.25440216064453,87.90509796142578,88.9161605834961,89.98100280761719
17,self_attn,q_proj,0,2,5.634022235870361,3.9210782051086426,80.44966125488281,89.890380859375,69.25091552734375,69.25091552734375,71.73401641845703,72.36630249023438,74.31558227539062,76.27593994140625,76.61579895019531,77.48849487304688,80.32852172851562,82.331298828125,83.5970230102539,84.68685913085938,85.2459945678711,86.36506652832031,87.8424072265625,88.85990142822266,89.890380859375
17,self_attn,q_proj,0,3,5.6537184715271,3.9257307052612305,80.74579620361328,89.65457916259766,69.21295166015625,69.21295166015625,71.15544891357422,72.57810974121094,74.83746337890625,76.75996398925781,78.05065155029297,80.47543334960938,81.4086685180664,82.5238037109375,83.59660339355469,83.72921752929688,84.74533081054688,86.57801055908203,87.65644073486328,88.97004699707031,89.65457916259766
17,self_attn,q_proj,0,4,5.6158905029296875,3.9174976348876953,80.180419921875,88.3973388671875,67.29661560058594,67.29661560058594,69.01769256591797,71.64692687988281,75.1240005493164,76.32969665527344,78.88397979736328,79.27066802978516,81.0025863647461,81.81515502929688,83.65201568603516,84.24494171142578,85.4957046508789,86.23624420166016,86.45132446289062,88.02172088623047,88.3973388671875
17,self_attn,q_proj,1,2,5.657596588134766,3.9265048503875732,80.80056762695312,89.46626281738281,66.23348999023438,66.23348999023438,71.59326934814453,74.27688598632812,76.22634887695312,77.07955169677734,78.89456176757812,80.41587829589844,81.6879653930664,82.57302856445312,83.4886245727539,84.12728881835938,85.36363983154297,86.21833038330078,87.3454360961914,87.81854248046875,89.46626281738281
17,self_attn,q_proj,1,3,5.6981611251831055,3.9343886375427246,81.40226745605469,89.72974395751953,69.75138854980469,69.75138854980469,72.14738464355469,74.58078002929688,76.87899017333984,77.70040893554688,78.75039672851562,79.26862335205078,81.24725341796875,82.76236724853516,83.98992156982422,84.50590515136719,86.27831268310547,87.36660766601562,88.58599090576172,88.89225006103516,89.72974395751953
17,self_attn,q_proj,1,4,5.663339614868164,3.929439067840576,80.90419006347656,89.19005584716797,67.77356719970703,67.77356719970703,72.34481811523438,74.82112121582031,75.92102813720703,77.24250793457031,79.17308044433594,79.97289276123047,80.66193389892578,82.34487915039062,83.06526947021484,83.70069122314453,86.0347671508789,86.40673065185547,87.5533676147461,88.26034545898438,89.19005584716797
17,self_attn,q_proj,2,3,5.634466171264648,3.9261746406555176,80.5033950805664,88.85904693603516,70.19567108154297,70.19567108154297,71.55232238769531,72.4399642944336,74.65397644042969,77.32573699951172,78.73762512207031,79.81550598144531,80.2596435546875,81.72889709472656,83.54000091552734,84.08763885498047,84.6238021850586,86.14202117919922,86.87565612792969,87.21678161621094,88.85904693603516
17,self_attn,q_proj,2,4,5.647519111633301,3.9209437370300293,80.61984252929688,89.44642639160156,68.37384033203125,68.37384033203125,70.19982147216797,71.87825775146484,74.38883972167969,75.89295959472656,78.00177001953125,79.48262786865234,81.14122009277344,81.94046020507812,83.636962890625,85.56287384033203,86.18762969970703,87.06723022460938,87.93468475341797,88.78186798095703,89.44642639160156
17,self_attn,q_proj,3,4,5.567635536193848,3.9147040843963623,79.54277038574219,87.91226959228516,69.09148406982422,69.09148406982422,70.40835571289062,71.61433410644531,72.94600677490234,76.71856689453125,78.01494598388672,79.37283325195312,79.73983001708984,81.0157699584961,82.27984619140625,83.13947296142578,84.1704330444336,84.39785766601562,85.32230377197266,86.54007720947266,87.91226959228516
17,self_attn,v_proj,0,1,5.438467502593994,3.8603262901306152,77.39053344726562,88.96861267089844,59.64760208129883,59.64760208129883,63.237850189208984,65.65080261230469,70.72797393798828,73.03856658935547,74.26490783691406,75.03087615966797,77.44664001464844,79.64557647705078,81.01116943359375,82.7360610961914,85.09059143066406,86.19332885742188,86.88909149169922,88.66877746582031,88.96861267089844
17,self_attn,v_proj,0,2,5.483607292175293,3.880685567855835,78.15940856933594,89.7523422241211,64.825927734375,64.825927734375,67.30891418457031,68.19438934326172,70.31641387939453,72.52279663085938,74.11959838867188,75.31599426269531,78.50469207763672,79.96056365966797,80.86504364013672,82.7659912109375,84.62783813476562,85.44124603271484,86.66943359375,89.35932159423828,89.7523422241211
17,self_attn,v_proj,0,3,5.446610450744629,3.8697829246520996,77.59015655517578,89.94464111328125,61.73572540283203,61.73572540283203,66.28360748291016,67.57661437988281,68.97698974609375,73.18523406982422,74.1410903930664,74.97349548339844,78.24837493896484,79.85871887207031,81.29070281982422,82.23574829101562,83.29006958007812,85.58074951171875,86.1728515625,87.94792175292969,89.94464111328125
17,self_attn,v_proj,0,4,5.39345645904541,3.848994493484497,76.72903442382812,88.9302749633789,60.39261245727539,60.39261245727539,63.01419448852539,64.34366607666016,68.33289337158203,71.0194320678711,72.880126953125,76.00482940673828,76.6453628540039,78.71783447265625,80.22579956054688,82.18991088867188,83.26713562011719,86.22918701171875,87.37017822265625,88.10110473632812,88.9302749633789
17,self_attn,v_proj,1,2,5.3842339515686035,3.8584160804748535,76.71699523925781,89.78960418701172,63.03219223022461,63.03219223022461,63.437435150146484,69.32355499267578,70.28791809082031,71.13216400146484,72.974609375,74.90564727783203,75.98834991455078,76.74581909179688,78.1718521118164,81.25537109375,82.40287780761719,84.060302734375,86.18292236328125,87.78134155273438,89.78960418701172
17,self_attn,v_proj,1,3,5.401226043701172,3.8572769165039062,76.90673828125,89.8326416015625,59.606895446777344,59.606895446777344,65.31417083740234,67.34140014648438,68.1229476928711,72.63677978515625,73.32829284667969,75.38653564453125,76.65879821777344,78.78889465332031,79.57720184326172,82.16304016113281,84.02973937988281,85.2977066040039,85.78999328613281,86.63269805908203,89.8326416015625
17,self_attn,v_proj,1,4,5.400623321533203,3.8434035778045654,76.75604248046875,89.99039459228516,58.1140251159668,58.1140251159668,61.50566482543945,65.99681854248047,67.95480346679688,69.49908447265625,72.46735382080078,74.20860290527344,77.97677612304688,80.41643524169922,81.2654800415039,83.05496978759766,84.67660522460938,84.8332290649414,87.87036895751953,88.2659912109375,89.99039459228516
17,self_attn,v_proj,2,3,5.4672956466674805,3.8773791790008545,77.92448425292969,89.92594146728516,63.32927703857422,63.32927703857422,67.822998046875,69.35908508300781,70.79100799560547,72.63365173339844,73.2374267578125,74.09884643554688,77.62548828125,79.39055633544922,81.75907897949219,82.03948974609375,84.12687683105469,84.5379867553711,86.95018768310547,89.16383361816406,89.92594146728516
17,self_attn,v_proj,2,4,5.387758255004883,3.8474607467651367,76.64149475097656,89.03907775878906,59.1786003112793,59.1786003112793,63.56488037109375,63.74402618408203,67.71455383300781,72.6594467163086,73.61579895019531,74.25444030761719,77.82282257080078,79.15036010742188,79.23040771484375,81.53244018554688,85.58014678955078,86.01837158203125,86.16588592529297,86.99260711669922,89.03907775878906
17,self_attn,v_proj,3,4,5.4153056144714355,3.852803945541382,77.02983093261719,89.96176147460938,58.29637145996094,58.29637145996094,63.08131408691406,66.79666137695312,68.73758697509766,70.16162872314453,73.41568756103516,77.09382629394531,79.10594940185547,79.9794921875,80.38643646240234,80.93827056884766,83.33244323730469,85.53478240966797,87.02557373046875,88.6295166015625,89.96176147460938
18,mlp,down_proj,0,1,5.798283100128174,3.9555063247680664,82.91153717041016,89.41162109375,71.98609924316406,71.98609924316406,75.17208862304688,78.36896514892578,79.6502914428711,80.12567901611328,80.95100402832031,82.28060150146484,82.60558319091797,83.50489807128906,85.13664245605469,86.06230163574219,86.86194610595703,87.5064468383789,88.14545440673828,88.81488037109375,89.41162109375
18,mlp,down_proj,0,2,5.769428253173828,3.9530365467071533,82.50926208496094,89.4282455444336,73.26368713378906,73.26368713378906,75.72704315185547,78.02167510986328,79.03475189208984,79.6102294921875,79.74707794189453,80.0840072631836,81.9428939819336,83.14855194091797,84.58262634277344,85.87498474121094,86.44823455810547,87.21827697753906,87.90299224853516,88.11284637451172,89.4282455444336
18,mlp,down_proj,0,3,5.811612606048584,3.957214117050171,83.10426330566406,89.53564453125,73.45136260986328,73.45136260986328,76.60114288330078,76.89339447021484,77.95470428466797,79.49882507324219,81.62313842773438,82.31607055664062,83.20563507080078,84.76609802246094,85.64356994628906,86.55132293701172,86.59774017333984,87.4856948852539,88.19375610351562,89.35006713867188,89.53564453125
18,mlp,down_proj,0,4,5.796408653259277,3.9550912380218506,82.88335418701172,89.42863464355469,72.47698211669922,72.47698211669922,76.404296875,77.13988494873047,78.89766693115234,79.81815338134766,80.8730239868164,82.06702423095703,82.5861587524414,83.40912628173828,84.54849243164062,85.82801055908203,87.17103576660156,87.4909439086914,88.68464660644531,89.30961608886719,89.42863464355469
18,mlp,down_proj,1,2,5.734567165374756,3.9412946701049805,81.93978881835938,89.87560272216797,69.17871856689453,69.17871856689453,71.44657897949219,76.82776641845703,79.10710144042969,79.86181640625,80.21917724609375,80.7037582397461,81.83763885498047,82.22004699707031,83.69877624511719,85.10418701171875,86.7602310180664,87.0387191772461,88.14390563964844,89.0126953125,89.87560272216797
18,mlp,down_proj,1,3,5.79058313369751,3.95375394821167,82.79368591308594,89.51296997070312,72.2000503540039,72.2000503540039,75.76028442382812,76.85098266601562,78.20691680908203,79.51826477050781,80.83828735351562,81.66173553466797,83.95092010498047,84.18321228027344,84.71052551269531,86.05206298828125,87.11112213134766,87.46112823486328,88.20831298828125,88.47212982177734,89.51296997070312
18,mlp,down_proj,1,4,5.800356388092041,3.9518370628356934,82.90382385253906,89.74845886230469,70.82005310058594,70.82005310058594,74.74510192871094,76.76776885986328,77.39058685302734,79.43152618408203,82.6523208618164,82.97068786621094,83.11502838134766,83.75257873535156,85.26065063476562,86.69024658203125,86.94546508789062,88.37954711914062,88.70573425292969,89.08541107177734,89.74845886230469
18,mlp,down_proj,2,3,5.799540042877197,3.959364652633667,82.9651107788086,89.39601135253906,74.430908203125,74.430908203125,75.99980926513672,78.68014526367188,80.13267517089844,80.68505096435547,81.26982116699219,81.91488647460938,83.4053726196289,83.64229583740234,83.89469146728516,84.70321655273438,85.64737701416016,86.72049713134766,88.10249328613281,88.81652069091797,89.39601135253906
18,mlp,down_proj,2,4,5.795555591583252,3.9572668075561523,82.89234924316406,88.92638397216797,73.83338165283203,73.83338165283203,74.76408386230469,77.31454467773438,79.15218353271484,81.14147186279297,82.05221557617188,82.38756561279297,83.46808624267578,83.86426544189453,84.28096771240234,85.52359771728516,86.7820053100586,86.92241668701172,87.63172149658203,88.2326889038086,88.92638397216797
18,mlp,down_proj,3,4,5.844358444213867,3.9635939598083496,83.59876251220703,89.89525604248047,75.18341064453125,75.18341064453125,76.49455261230469,78.59371185302734,79.4233169555664,80.02719116210938,82.50018310546875,83.06128692626953,83.57945251464844,84.95240020751953,85.97940063476562,86.28398132324219,86.95925903320312,87.25914764404297,88.38385009765625,89.00386810302734,89.89525604248047
18,mlp,gate_proj,0,1,5.896084785461426,3.9639101028442383,84.28993225097656,89.98859405517578,69.36394500732422,69.36394500732422,75.35736846923828,81.39116668701172,82.39256286621094,82.47417449951172,83.52588653564453,84.15477752685547,85.66978454589844,86.02953338623047,86.64179992675781,87.36585235595703,87.65961456298828,88.34468078613281,88.65457153320312,89.62459564208984,89.98859405517578
18,mlp,gate_proj,0,2,5.86893892288208,3.9590225219726562,83.87847900390625,89.8017807006836,66.98226165771484,66.98226165771484,76.33106231689453,80.04025268554688,81.18999481201172,83.01260375976562,83.28186798095703,84.03934478759766,85.09892272949219,85.63301086425781,85.95394897460938,86.62983703613281,87.4074935913086,88.68714141845703,88.80033111572266,89.16593170166016,89.8017807006836
18,mlp,gate_proj,0,3,5.882225513458252,3.9603443145751953,84.07006072998047,89.75204467773438,68.9035415649414,68.9035415649414,73.80225372314453,80.08258056640625,80.63136291503906,83.10175323486328,84.46900177001953,85.04789733886719,85.08792877197266,86.4076156616211,86.69515991210938,86.83975982666016,87.17322540283203,88.69236755371094,89.1084976196289,89.32592010498047,89.75204467773438
18,mlp,gate_proj,0,4,5.885468006134033,3.9600460529327393,84.11016845703125,89.70891571044922,68.28925323486328,68.28925323486328,73.80130004882812,80.75294494628906,81.80288696289062,82.5143051147461,83.7447738647461,84.15323638916016,85.68609619140625,86.193603515625,86.49295806884766,87.35152435302734,88.10533142089844,88.58162689208984,89.11630249023438,89.46762084960938,89.70891571044922
18,mlp,gate_proj,1,2,5.889963150024414,3.9590702056884766,84.15870666503906,89.97466278076172,66.04396057128906,66.04396057128906,74.76801300048828,80.71549987792969,82.95562744140625,83.66756439208984,84.29046630859375,84.60548400878906,85.5526351928711,85.71894073486328,86.61506652832031,87.52691650390625,87.90355682373047,88.15099334716797,88.90433502197266,89.14552307128906,89.97466278076172
18,mlp,gate_proj,1,3,5.875414848327637,3.960862159729004,83.98333740234375,89.4385757446289,68.10308837890625,68.10308837890625,75.55758666992188,80.93936920166016,81.76303100585938,81.93180847167969,83.59930419921875,84.25096130371094,85.05303955078125,85.65599060058594,86.52485656738281,86.91844177246094,88.01533508300781,88.19389343261719,88.68301391601562,89.1051025390625,89.4385757446289
18,mlp,gate_proj,1,4,5.881904602050781,3.9598500728607178,84.06047058105469,89.78643798828125,68.22061920166016,68.22061920166016,73.68329620361328,81.00230407714844,81.93877410888672,82.845703125,83.78649139404297,84.65040588378906,84.96748352050781,85.26075744628906,86.14466857910156,87.68832397460938,88.03601837158203,88.41231536865234,89.21569061279297,89.32835388183594,89.78643798828125
18,mlp,gate_proj,2,3,5.845571517944336,3.956127882003784,83.53936767578125,89.8981704711914,66.4842529296875,66.4842529296875,76.64817810058594,79.58087921142578,80.97470092773438,82.18972778320312,82.45919799804688,83.09217834472656,84.4872817993164,85.15716552734375,86.20071411132812,86.4555892944336,87.1630630493164,87.93077850341797,88.63362884521484,89.27430725097656,89.8981704711914
18,mlp,gate_proj,2,4,5.860299587249756,3.95542573928833,83.72594451904297,89.69660949707031,64.57514190673828,64.57514190673828,76.36483764648438,80.83075714111328,81.47796630859375,81.7009506225586,83.9219970703125,84.15704345703125,85.27217864990234,85.53271484375,86.1645278930664,86.64789581298828,87.53407287597656,87.6449203491211,88.69393920898438,89.39955139160156,89.69660949707031
18,mlp,gate_proj,3,4,5.865391254425049,3.9585061073303223,83.82513427734375,89.51728820800781,66.35501098632812,66.35501098632812,75.35993957519531,81.26737976074219,82.54690551757812,82.8453369140625,83.19434356689453,84.44857025146484,85.03119659423828,85.45469665527344,86.0238037109375,86.64424133300781,87.416259765625,87.8202896118164,88.5223159790039,88.75465393066406,89.51728820800781
18,mlp,up_proj,0,1,5.906214237213135,3.9692845344543457,84.47857666015625,89.85062408447266,72.72338104248047,72.72338104248047,77.65548706054688,79.9343490600586,82.07122802734375,82.44097900390625,83.34147644042969,84.41551208496094,85.16941833496094,85.61449432373047,86.95600891113281,87.19461059570312,87.92926788330078,88.211181640625,88.63616943359375,89.51303100585938,89.85062408447266
18,mlp,up_proj,0,2,5.877877712249756,3.965940237045288,84.06689453125,89.93148803710938,72.01824188232422,72.01824188232422,77.20004272460938,80.0482406616211,80.77957153320312,82.50359344482422,83.2289810180664,83.92501068115234,84.44232940673828,85.26299285888672,86.2856216430664,86.34931945800781,86.99910736083984,87.74913787841797,88.73426818847656,89.61241912841797,89.93148803710938
18,mlp,up_proj,0,3,5.877752304077148,3.9655280113220215,84.06132507324219,89.80531311035156,72.28531646728516,72.28531646728516,76.44013214111328,78.74964904785156,81.29409790039062,82.74964141845703,83.2916488647461,84.07008361816406,84.80579376220703,85.75103759765625,86.04165649414062,87.0335464477539,87.32160949707031,87.66834259033203,88.73385620117188,88.9395523071289,89.80531311035156
18,mlp,up_proj,0,4,5.916484832763672,3.97043514251709,84.62748718261719,89.8915786743164,72.77635955810547,72.77635955810547,77.12576293945312,81.03303527832031,82.4232177734375,82.62610626220703,84.18518829345703,84.61273956298828,84.910888671875,85.692138671875,87.23625946044922,87.42862701416016,87.49982452392578,88.28569793701172,89.0364990234375,89.27582550048828,89.8915786743164
18,mlp,up_proj,1,2,5.90999698638916,3.9714550971984863,84.55033874511719,89.93269348144531,74.72722625732422,74.72722625732422,78.11287689208984,79.0496826171875,80.9241943359375,83.64636993408203,84.13410186767578,84.75377655029297,85.24815368652344,85.64170837402344,86.44770812988281,86.7711181640625,87.18070220947266,88.09632110595703,88.95328521728516,89.18550109863281,89.93269348144531
18,mlp,up_proj,1,3,5.879673004150391,3.965656042098999,84.08811950683594,89.4937744140625,71.8773422241211,71.8773422241211,76.80095672607422,79.34175109863281,81.2012939453125,82.75236511230469,83.19388580322266,84.0207748413086,84.92670440673828,85.39410400390625,85.93665313720703,86.96143341064453,87.20977020263672,87.92693328857422,89.07738494873047,89.29475402832031,89.4937744140625
18,mlp,up_proj,1,4,5.859745502471924,3.9606361389160156,83.77391052246094,89.72465515136719,70.86881256103516,70.86881256103516,74.17923736572266,78.36164855957031,81.97642517089844,82.58573913574219,82.65464782714844,84.12948608398438,84.79117584228516,84.98055267333984,85.80220794677734,86.64366912841797,87.88155364990234,88.14158630371094,88.60423278808594,89.05695343017578,89.72465515136719
18,mlp,up_proj,2,3,5.851934432983398,3.963181257247925,83.69491577148438,89.85061645507812,72.89842224121094,72.89842224121094,75.70993041992188,78.76801300048828,80.76480102539062,81.7038803100586,82.89958953857422,83.5286865234375,84.35584259033203,85.16063690185547,85.70878601074219,86.25150299072266,86.66898345947266,87.36368560791016,88.21089935302734,89.2744369506836,89.85061645507812
18,mlp,up_proj,2,4,5.869338035583496,3.9641618728637695,83.93583679199219,89.87885284423828,71.57786560058594,71.57786560058594,77.45845031738281,78.92621612548828,79.4574203491211,82.65043640136719,82.92347717285156,84.33045959472656,85.18541717529297,85.41171264648438,85.84794616699219,86.63658142089844,87.38236999511719,87.72710418701172,88.50739288330078,89.07172393798828,89.87885284423828
18,mlp,up_proj,3,4,5.869366645812988,3.962137460708618,83.91697692871094,89.81993865966797,71.58255004882812,71.58255004882812,74.63030242919922,78.61376190185547,81.12581634521484,81.92076873779297,83.68513488769531,84.00293731689453,84.94985961914062,85.48766326904297,85.87791442871094,86.42969512939453,87.7936019897461,88.28211212158203,88.77422332763672,89.69542694091797,89.81993865966797
18,self_attn,k_proj,0,1,5.316677093505859,3.835170269012451,75.66600799560547,89.69554138183594,60.37366485595703,60.37366485595703,63.06003189086914,64.91009521484375,67.1508560180664,69.45411682128906,73.0497817993164,73.78765869140625,74.95784759521484,77.84757232666016,79.07640838623047,80.07759857177734,80.84248352050781,83.11341857910156,85.21834564208984,88.04071044921875,89.69554138183594
18,self_attn,k_proj,0,2,5.354307651519775,3.8371846675872803,76.12791442871094,89.36835479736328,55.000770568847656,55.000770568847656,65.29084014892578,66.62089538574219,67.66834259033203,70.98480987548828,71.93057250976562,73.1817855834961,75.88668823242188,77.65019226074219,80.77316284179688,81.44691467285156,82.44610595703125,83.9599380493164,87.2866439819336,88.55052947998047,89.36835479736328
18,self_attn,k_proj,0,3,5.300992488861084,3.8224377632141113,75.34683990478516,89.92500305175781,58.915618896484375,58.915618896484375,61.259620666503906,63.67983627319336,65.70000457763672,68.83647918701172,71.9078140258789,73.251220703125,75.24038696289062,75.79584503173828,79.64555358886719,80.53495788574219,82.8390121459961,84.85819244384766,85.90074920654297,87.25908660888672,89.92500305175781
18,self_attn,k_proj,0,4,5.419430732727051,3.8634653091430664,77.19208526611328,89.80845642089844,61.43455505371094,61.43455505371094,64.40128326416016,67.52108764648438,70.31137084960938,70.52105712890625,72.88528442382812,76.60095977783203,78.00175476074219,79.7807846069336,81.19700622558594,82.61744689941406,83.12445068359375,84.70347595214844,85.37567901611328,86.78874969482422,89.80845642089844
18,self_attn,k_proj,1,2,5.221174240112305,3.806077003479004,74.23757934570312,88.21385955810547,59.279537200927734,59.279537200927734,60.255008697509766,63.781341552734375,64.9739990234375,67.3083267211914,69.57009887695312,72.6832504272461,73.52118682861328,76.87093353271484,77.06903839111328,79.19246673583984,80.7137451171875,82.3627700805664,84.38996887207031,87.61572265625,88.21385955810547
18,self_attn,k_proj,1,3,5.238370418548584,3.8116626739501953,74.49282836914062,87.85760498046875,58.90793228149414,58.90793228149414,59.62266540527344,63.559818267822266,66.68092346191406,68.15076446533203,69.99366760253906,72.81555938720703,74.33399200439453,76.41693115234375,78.56379699707031,80.06275939941406,80.95733642578125,82.75586700439453,85.2119140625,85.99369049072266,87.85760498046875
18,self_attn,k_proj,1,4,5.324631214141846,3.831684112548828,75.72129821777344,89.532470703125,58.33213424682617,58.33213424682617,61.20713806152344,63.2740478515625,70.62858581542969,72.57078552246094,73.11002349853516,74.07178497314453,74.58787536621094,75.64081573486328,77.02249145507812,79.61385345458984,81.71180725097656,84.46707153320312,86.63170623779297,89.13819122314453,89.532470703125
18,self_attn,k_proj,2,3,5.2559709548950195,3.8065502643585205,74.64445495605469,89.08007049560547,56.34129333496094,56.34129333496094,59.31942367553711,64.40972900390625,65.2822036743164,68.00513458251953,68.5298080444336,72.15010070800781,76.21125793457031,76.80735778808594,79.70746612548828,80.63361358642578,81.09718322753906,83.09978485107422,85.58816528320312,88.04871368408203,89.08007049560547
18,self_attn,k_proj,2,4,5.204227447509766,3.8087522983551025,74.07174682617188,89.46000671386719,60.20969772338867,60.20969772338867,62.10441970825195,64.14598083496094,66.96436309814453,67.34186553955078,70.42375183105469,71.88646697998047,72.6201171875,74.923828125,76.5986328125,77.61881256103516,80.09123992919922,81.64971923828125,82.87374877929688,86.23538208007812,89.46000671386719
18,self_attn,k_proj,3,4,5.318759918212891,3.826457977294922,75.60546875,89.75936126708984,59.43877410888672,59.43877410888672,62.386085510253906,65.34420776367188,66.40621185302734,68.4830093383789,71.48046112060547,73.1423110961914,73.7300796508789,75.82858276367188,78.01625061035156,80.457763671875,83.02594757080078,85.83104705810547,87.98831939697266,88.36917114257812,89.75936126708984
18,self_attn,o_proj,0,1,5.7452592849731445,3.944570541381836,82.11279296875,89.73052978515625,72.96000671386719,72.96000671386719,73.93670654296875,75.65682983398438,75.9100112915039,77.71925354003906,79.0541000366211,81.09626007080078,82.81148529052734,83.41160583496094,84.08930969238281,85.06727600097656,87.36991119384766,87.41324615478516,88.27328491210938,89.30475616455078,89.73052978515625
18,self_attn,o_proj,0,2,5.7563886642456055,3.9460904598236084,82.27177429199219,89.81832122802734,71.70382690429688,71.70382690429688,73.33799743652344,75.10004425048828,76.36967468261719,79.5006332397461,81.51131439208984,82.03022766113281,82.8126220703125,83.70738983154297,84.82701873779297,85.23904418945312,86.05009460449219,86.6559829711914,88.48812103271484,89.19599914550781,89.81832122802734
18,self_attn,o_proj,0,3,5.771688461303711,3.949355125427246,82.50347900390625,89.66466522216797,71.91270446777344,71.91270446777344,74.12384033203125,76.00669860839844,77.49156188964844,79.2593994140625,80.71817016601562,82.29359436035156,82.51092529296875,84.45996856689453,84.59449768066406,85.98257446289062,86.66900634765625,87.26655578613281,87.96402740478516,89.13752746582031,89.66466522216797
18,self_attn,o_proj,0,4,5.774198532104492,3.950131416320801,82.54368591308594,89.42872619628906,70.97260284423828,70.97260284423828,76.04129791259766,76.3208236694336,78.0270767211914,78.86939239501953,80.7799301147461,81.55323028564453,82.50765991210938,83.70218658447266,84.97200012207031,85.60488891601562,86.6097640991211,88.05792999267578,88.43423461914062,88.81719207763672,89.42872619628906
18,self_attn,o_proj,1,2,5.760814189910889,3.94999623298645,82.3670654296875,88.95277404785156,71.80667877197266,71.80667877197266,76.2719497680664,76.46357727050781,77.14749908447266,78.95068359375,80.40461730957031,81.49569702148438,82.52767181396484,83.3240737915039,84.90908813476562,85.45304870605469,86.3790283203125,87.2778549194336,87.9509506225586,88.5578842163086,88.95277404785156
18,self_attn,o_proj,1,3,5.747566223144531,3.9480929374694824,82.17538452148438,89.43171691894531,71.51947021484375,71.51947021484375,74.09190368652344,76.58087921142578,78.65267944335938,79.55522918701172,80.67475128173828,81.5041275024414,82.16401672363281,82.73726654052734,84.38006591796875,85.06452178955078,85.29012298583984,87.02387237548828,87.74065399169922,88.39482116699219,89.43171691894531
18,self_attn,o_proj,1,4,5.762447834014893,3.949033498764038,82.37974548339844,89.60443878173828,72.64103698730469,72.64103698730469,74.33106231689453,76.73436737060547,77.8838882446289,78.3869857788086,80.55023956298828,80.71830749511719,82.43948364257812,83.09343719482422,84.6594467163086,85.57807922363281,86.42015075683594,87.83663177490234,88.38716125488281,88.81124877929688,89.60443878173828
18,self_attn,o_proj,2,3,5.770578861236572,3.9464454650878906,82.45948028564453,89.61727142333984,68.77542114257812,68.77542114257812,73.86408233642578,75.78612518310547,77.78451538085938,80.545166015625,81.11930847167969,81.84478759765625,82.83294677734375,85.34937286376953,85.71675109863281,86.04946899414062,86.41632080078125,86.90901947021484,87.63639831542969,89.10469055175781,89.61727142333984
18,self_attn,o_proj,2,4,5.71271276473999,3.941506862640381,81.65921020507812,89.0777587890625,71.78694152832031,71.78694152832031,73.77413940429688,74.90331268310547,76.6779556274414,78.74984741210938,79.28555297851562,80.84722137451172,81.345703125,83.07777404785156,83.29032897949219,84.53074645996094,86.06049346923828,87.11599731445312,87.64672088623047,88.37688446044922,89.0777587890625
18,self_attn,o_proj,3,4,5.796104431152344,3.953620195388794,82.86528015136719,89.89247131347656,72.32749938964844,72.32749938964844,74.10980224609375,78.0754623413086,79.66365051269531,80.1988754272461,80.30675506591797,81.78152465820312,82.80400085449219,83.71585083007812,83.86920928955078,85.66320037841797,87.05621337890625,87.97128295898438,88.94590759277344,89.46284484863281,89.89247131347656
18,self_attn,q_proj,0,1,5.646636962890625,3.9261667728424072,80.65901184082031,89.1873550415039,69.457763671875,69.457763671875,71.0181884765625,72.63775634765625,75.66514587402344,77.10304260253906,77.85232543945312,80.40361022949219,80.91493225097656,81.77654266357422,82.97785949707031,84.46202087402344,85.16264343261719,86.38316345214844,87.41029357910156,88.13157653808594,89.1873550415039
18,self_attn,q_proj,0,2,5.6287078857421875,3.9236528873443604,80.40599060058594,89.9207992553711,69.36235809326172,69.36235809326172,71.40587615966797,73.52548217773438,75.48473358154297,76.14214324951172,77.5560302734375,78.09065246582031,80.29644012451172,82.51398468017578,82.98756408691406,83.5884780883789,85.32132720947266,85.91844940185547,86.71369171142578,87.66786193847656,89.9207992553711
18,self_attn,q_proj,0,3,5.620927333831787,3.915787696838379,80.2291259765625,89.3924560546875,68.0466537475586,68.0466537475586,69.59918975830078,71.08039093017578,72.22582244873047,75.82029724121094,78.86827850341797,79.79984283447266,80.67527770996094,81.9119873046875,84.12551879882812,84.57431030273438,85.86284637451172,86.51487731933594,86.8373031616211,88.33100891113281,89.3924560546875
18,self_attn,q_proj,0,4,5.612462997436523,3.9196178913116455,80.16011047363281,89.5751724243164,69.63505554199219,69.63505554199219,70.63088989257812,72.40187072753906,75.1897201538086,76.1624526977539,76.77333068847656,78.26981353759766,80.07342529296875,80.6739273071289,83.24247741699219,83.92544555664062,85.02597045898438,85.63145446777344,87.13695526123047,88.21376037597656,89.5751724243164
18,self_attn,q_proj,1,2,5.601832866668701,3.9162516593933105,79.99080657958984,88.86610412597656,66.50531768798828,66.50531768798828,71.88014221191406,73.23148345947266,74.21662139892578,75.83332061767578,77.00128936767578,77.94270324707031,80.45634460449219,81.4548110961914,82.93838500976562,83.57579803466797,84.0838851928711,85.96147155761719,87.32538604736328,88.57981872558594,88.86610412597656
18,self_attn,q_proj,1,3,5.587827205657959,3.906681776046753,79.71979522705078,89.67310333251953,65.74076843261719,65.74076843261719,68.85888671875,70.68246459960938,73.47020721435547,75.95140075683594,77.95567321777344,78.0395736694336,79.12588500976562,80.38838958740234,83.13692474365234,83.80810546875,84.73334503173828,86.21871948242188,88.32067108154297,89.41259002685547,89.67310333251953
18,self_attn,q_proj,1,4,5.729104518890381,3.935045003890991,81.80961608886719,89.9251937866211,70.03408813476562,70.03408813476562,71.06188201904297,72.59078216552734,75.77356719970703,77.89791107177734,79.33308410644531,81.2204818725586,82.96573638916016,83.80005645751953,85.83344268798828,86.03749084472656,86.7071533203125,88.00543975830078,88.51541137695312,89.25213623046875,89.9251937866211
18,self_attn,q_proj,2,3,5.574701309204102,3.906999111175537,79.55337524414062,88.84536743164062,63.914939880371094,63.914939880371094,67.79777526855469,73.70024871826172,74.75117492675781,76.35985565185547,77.24015045166016,78.51956176757812,79.58724975585938,80.75611877441406,82.27595520019531,83.28739166259766,84.68336486816406,86.59571075439453,87.09844207763672,87.4406967163086,88.84536743164062
18,self_attn,q_proj,2,4,5.653088092803955,3.929269313812256,80.77281188964844,89.94380187988281,71.21761322021484,71.21761322021484,71.8092041015625,73.49407958984375,75.14864349365234,77.9766616821289,78.14556884765625,79.26473999023438,80.48825073242188,81.71900939941406,82.77754211425781,83.2176513671875,85.15899658203125,85.85728454589844,87.07650756835938,89.06952667236328,89.94380187988281
18,self_attn,q_proj,3,4,5.68344259262085,3.931813955307007,81.1865234375,89.48597717285156,69.76363372802734,69.76363372802734,70.464111328125,74.3595962524414,75.48966217041016,78.05171966552734,79.82441711425781,80.3349838256836,81.41232299804688,82.93640899658203,83.73638153076172,84.15570831298828,85.01992797851562,86.8318099975586,88.33868408203125,88.77909088134766,89.48597717285156
18,self_attn,v_proj,0,1,5.478073596954346,3.8762309551239014,78.04322052001953,89.84281921386719,62.865535736083984,62.865535736083984,64.82073211669922,68.27146911621094,70.3611068725586,74.3146743774414,75.6697769165039,76.09519958496094,76.29448699951172,79.9645004272461,81.56060791015625,81.84127807617188,85.26290130615234,86.08587646484375,86.52459716796875,88.91598510742188,89.84281921386719
18,self_attn,v_proj,0,2,5.432831764221191,3.8643405437469482,77.3670654296875,89.76664733886719,61.29904556274414,61.29904556274414,65.92818450927734,67.79560852050781,68.6043472290039,70.92427062988281,73.75432586669922,75.7122573852539,77.1869888305664,79.40221405029297,80.52843475341797,83.32869720458984,83.63834381103516,85.54551696777344,85.70226287841797,88.75587463378906,89.76664733886719
18,self_attn,v_proj,0,3,5.4370198249816895,3.8697025775909424,77.46643829345703,88.69249725341797,59.115516662597656,59.115516662597656,67.2220458984375,69.2756576538086,70.14779663085938,72.15443420410156,74.28751373291016,75.89459228515625,79.10356903076172,79.40786743164062,80.11811828613281,83.16999816894531,83.49616241455078,84.01005554199219,85.55140686035156,87.81578826904297,88.69249725341797
18,self_attn,v_proj,0,4,5.395102024078369,3.8640599250793457,76.90434265136719,87.67854309082031,63.29880142211914,63.29880142211914,65.71436309814453,67.02787017822266,70.88883209228516,72.02562713623047,72.64008331298828,74.05583190917969,76.15423583984375,77.70032501220703,80.93575286865234,82.64191436767578,83.36373138427734,84.29589080810547,85.21929931640625,86.82843780517578,87.67854309082031
18,self_attn,v_proj,1,2,5.4362406730651855,3.865983486175537,77.42265319824219,89.49803924560547,60.77851867675781,60.77851867675781,64.80428314208984,66.32054901123047,71.49626922607422,73.50891876220703,73.57827758789062,76.59978485107422,77.66228485107422,78.8279800415039,80.77169799804688,81.6833267211914,81.8740005493164,85.96470642089844,86.98443603515625,88.40941619873047,89.49803924560547
18,self_attn,v_proj,1,3,5.412275314331055,3.8649661540985107,77.12071228027344,89.70703125,62.49345397949219,62.49345397949219,64.25366973876953,67.07539367675781,70.98505401611328,72.15925598144531,73.45142364501953,75.10600280761719,77.41954040527344,80.17229461669922,80.9036865234375,81.26973724365234,82.3897705078125,84.4886703491211,85.59661102294922,86.45983123779297,89.70703125
18,self_attn,v_proj,1,4,5.429378032684326,3.86301326751709,77.3111572265625,89.89210510253906,62.07209396362305,62.07209396362305,64.56884002685547,67.0483169555664,67.94800567626953,72.00323486328125,74.33540344238281,74.84024810791016,77.82997131347656,79.66899871826172,80.58413696289062,82.90681457519531,83.89183807373047,84.56430053710938,86.42278289794922,88.40145874023438,89.89210510253906
18,self_attn,v_proj,2,3,5.4324493408203125,3.8583834171295166,77.30123138427734,89.62992858886719,60.94498825073242,60.94498825073242,64.39157104492188,65.74079895019531,68.9664535522461,70.4140853881836,71.78009796142578,76.08145141601562,78.60696411132812,79.23448944091797,81.91704559326172,83.21086883544922,84.67738342285156,86.53118896484375,86.60438537597656,88.08794403076172,89.62992858886719
18,self_attn,v_proj,2,4,5.43077278137207,3.8604753017425537,77.30058288574219,89.75904083251953,60.55123519897461,60.55123519897461,63.11507034301758,66.2312240600586,71.24479675292969,73.0123519897461,74.86127471923828,75.3583755493164,76.17540740966797,78.17630004882812,80.67919158935547,81.23795318603516,84.1153564453125,85.68712615966797,87.16170501708984,89.44280242919922,89.75904083251953
18,self_attn,v_proj,3,4,5.368469715118408,3.8505144119262695,76.4464111328125,89.52784729003906,62.12049865722656,62.12049865722656,64.62370300292969,66.64895629882812,67.94046783447266,70.59123229980469,72.02375793457031,72.64064025878906,77.17039489746094,78.88174438476562,79.94187927246094,81.16249084472656,82.18146514892578,83.85808563232422,85.12157440185547,88.70785522460938,89.52784729003906
19,mlp,down_proj,0,1,5.801264762878418,3.9543778896331787,82.93975830078125,89.87889099121094,71.17313385009766,71.17313385009766,75.4896469116211,76.70548248291016,78.46038818359375,80.08556365966797,82.48320770263672,82.67118835449219,83.78312683105469,84.39605712890625,85.1587905883789,86.10594177246094,86.85066223144531,87.54094696044922,87.84202575683594,88.41114044189453,89.87889099121094
19,mlp,down_proj,0,2,5.779707908630371,3.949064016342163,82.60455322265625,89.60018920898438,69.01612854003906,69.01612854003906,75.50843048095703,76.38377380371094,78.40113830566406,79.13329315185547,81.17801666259766,81.47552490234375,84.14907836914062,84.93853759765625,85.37583923339844,85.92877960205078,86.53971862792969,87.52014923095703,88.01653289794922,88.50772094726562,89.60018920898438
19,mlp,down_proj,0,3,5.796457290649414,3.9565746784210205,82.8980941772461,89.58148956298828,74.97745513916016,74.97745513916016,75.06439208984375,75.97283172607422,78.3250503540039,80.61540985107422,81.85736846923828,82.5322036743164,83.28289794921875,84.27071380615234,84.38025665283203,85.12841033935547,86.3232192993164,87.08824920654297,88.14044952392578,88.82910919189453,89.58148956298828
19,mlp,down_proj,0,4,5.829764366149902,3.9570908546447754,83.3430404663086,89.99510955810547,71.6268081665039,71.6268081665039,75.79145050048828,78.29266357421875,79.3404312133789,79.63772583007812,80.73466491699219,83.2110366821289,84.40658569335938,84.7101821899414,84.89452362060547,85.98617553710938,87.00758361816406,88.70172119140625,89.37445831298828,89.77757263183594,89.99510955810547
19,mlp,down_proj,1,2,5.78955078125,3.9504806995391846,82.7483139038086,89.90949249267578,70.98236083984375,70.98236083984375,73.08770751953125,76.45713806152344,78.60468292236328,80.91484832763672,81.2258529663086,82.9254379272461,82.98992919921875,84.05815887451172,84.66592407226562,85.27667999267578,87.0562973022461,88.261474609375,88.29081726074219,89.26622009277344,89.90949249267578
19,mlp,down_proj,1,3,5.782259941101074,3.9484827518463135,82.63385772705078,89.73326873779297,71.79768371582031,71.79768371582031,73.18417358398438,74.88426971435547,77.3984375,79.42485809326172,81.73246002197266,82.79295349121094,83.05683898925781,83.9500503540039,84.75797271728516,86.18769836425781,87.23920440673828,88.43065643310547,88.53001403808594,89.04122161865234,89.73326873779297
19,mlp,down_proj,1,4,5.797978401184082,3.9513981342315674,82.86634063720703,89.51642608642578,68.33979797363281,68.33979797363281,74.70734405517578,77.67742919921875,79.22994995117188,80.62227630615234,82.2457046508789,82.7340316772461,83.38504791259766,84.75340270996094,85.42420959472656,86.0300064086914,86.64556121826172,87.72172546386719,88.1537094116211,88.67481994628906,89.51642608642578
19,mlp,down_proj,2,3,5.804985046386719,3.9511053562164307,82.95763397216797,89.93885803222656,70.67926025390625,70.67926025390625,74.25282287597656,74.54242706298828,78.6888427734375,80.59789276123047,82.44783020019531,82.62228393554688,83.65487670898438,84.42434692382812,85.41809844970703,86.74092864990234,86.86865997314453,88.26748657226562,88.90461730957031,89.27293395996094,89.93885803222656
19,mlp,down_proj,2,4,5.781946182250977,3.9482767581939697,82.62606811523438,89.74414825439453,68.19319915771484,68.19319915771484,74.75748443603516,78.22774505615234,78.37077331542969,80.05394744873047,80.84880065917969,81.85293579101562,82.14175415039062,84.22036743164062,85.08587646484375,85.73014068603516,87.2265853881836,87.71002960205078,88.42598724365234,89.42733001708984,89.74414825439453
19,mlp,down_proj,3,4,5.805985927581787,3.954681634902954,83.00543975830078,89.797119140625,71.9308090209961,71.9308090209961,74.82553100585938,77.15504455566406,78.41033172607422,80.99385833740234,81.44316864013672,81.99935150146484,83.44851684570312,84.7192611694336,84.9471206665039,86.20948791503906,86.68848419189453,87.25267028808594,88.48994445800781,89.77629089355469,89.797119140625
19,mlp,gate_proj,0,1,5.849292755126953,3.9524002075195312,83.5495376586914,89.71967315673828,63.7205924987793,63.7205924987793,76.27873229980469,79.73181915283203,80.95323944091797,82.5295181274414,82.96162414550781,84.17643737792969,84.50957489013672,85.04446411132812,85.90013885498047,87.16089630126953,87.60226440429688,88.1496353149414,88.73573303222656,89.61825561523438,89.71967315673828
19,mlp,gate_proj,0,2,5.832885265350342,3.9531326293945312,83.34121704101562,89.79452514648438,65.38522338867188,65.38522338867188,76.58840942382812,79.25418090820312,80.12985229492188,81.75263214111328,82.72977447509766,83.68817138671875,84.21491241455078,85.02081298828125,85.41510009765625,86.08110046386719,87.6590576171875,87.8779525756836,88.46488189697266,89.40286254882812,89.79452514648438
19,mlp,gate_proj,0,3,5.83887243270874,3.949444055557251,83.38367462158203,89.89985656738281,63.84919738769531,63.84919738769531,76.26852416992188,77.28931427001953,79.83729553222656,81.92195892333984,82.54694366455078,84.0185775756836,84.22782897949219,85.808349609375,86.39582824707031,87.15926361083984,87.86846923828125,88.44835662841797,89.04826354980469,89.55076599121094,89.89985656738281
19,mlp,gate_proj,0,4,5.855886459350586,3.953423261642456,83.64755249023438,89.72126770019531,64.11634826660156,64.11634826660156,76.68953704833984,77.5938720703125,81.71047973632812,83.12873840332031,83.68025970458984,84.64859008789062,84.93793487548828,85.72554779052734,86.36373901367188,86.59093475341797,87.57823944091797,87.77436828613281,88.8168716430664,89.28409576416016,89.72126770019531
19,mlp,gate_proj,1,2,5.841236591339111,3.9537785053253174,83.45813751220703,89.80886840820312,65.44730377197266,65.44730377197266,75.8518295288086,79.17515563964844,80.47314453125,82.27598571777344,83.32068634033203,83.84544372558594,84.42261505126953,85.17070007324219,85.8984146118164,86.7069091796875,87.3094711303711,87.6523666381836,88.89611053466797,89.07515716552734,89.80886840820312
19,mlp,gate_proj,1,3,5.831797122955322,3.948810338973999,83.283935546875,89.96781921386719,64.30370330810547,64.30370330810547,73.66533660888672,77.51234436035156,80.76873016357422,82.29999542236328,83.37226867675781,84.15392303466797,85.06068420410156,85.35992431640625,86.56977081298828,86.76993560791016,87.09537506103516,87.97714233398438,88.13858032226562,89.52742767333984,89.96781921386719
19,mlp,gate_proj,1,4,5.856052875518799,3.954922914505005,83.66644287109375,89.3543701171875,65.60688781738281,65.60688781738281,76.58988189697266,79.34146881103516,79.95793151855469,80.34246826171875,83.55142211914062,84.55184936523438,85.16654968261719,86.33047485351562,86.98146057128906,87.33815002441406,87.56118774414062,88.16470336914062,88.6603775024414,89.16387939453125,89.3543701171875
19,mlp,gate_proj,2,3,5.826836109161377,3.951169490814209,83.24295043945312,89.66212463378906,65.7284164428711,65.7284164428711,75.6580581665039,77.94960021972656,78.64421844482422,80.99517059326172,83.64388275146484,83.99506378173828,84.71989440917969,85.61573028564453,85.80184173583984,86.63664245605469,87.22652435302734,87.58985900878906,88.83403015136719,89.18621063232422,89.66212463378906
19,mlp,gate_proj,2,4,5.845396518707275,3.9523677825927734,83.5002212524414,89.87588500976562,65.36846923828125,65.36846923828125,76.5379867553711,76.8151626586914,79.52134704589844,81.65654754638672,83.06517791748047,84.44657897949219,85.61222076416016,86.251708984375,86.53893280029297,86.93673706054688,87.3908462524414,87.9824447631836,88.38195037841797,89.62153625488281,89.87588500976562
19,mlp,gate_proj,3,4,5.840357303619385,3.9510958194732666,83.42062377929688,89.97684478759766,64.96682739257812,64.96682739257812,75.55292510986328,77.42232513427734,79.40068054199219,82.49372100830078,83.18900299072266,83.91108703613281,84.73408508300781,85.3914794921875,86.67781066894531,87.37992858886719,87.53620147705078,88.1415023803711,88.69144439697266,89.26399230957031,89.97684478759766
19,mlp,up_proj,0,1,5.83109188079834,3.95601224899292,83.34706115722656,89.73384094238281,67.36673736572266,67.36673736572266,77.99188232421875,78.60275268554688,80.08426666259766,81.27848052978516,81.8155288696289,83.8799057006836,83.97935485839844,84.49809265136719,85.84860229492188,86.33336639404297,87.12613677978516,87.24192810058594,88.42732238769531,89.34478759765625,89.73384094238281
19,mlp,up_proj,0,2,5.863968849182129,3.958555221557617,83.8095703125,89.93074798583984,68.56002044677734,68.56002044677734,75.96770477294922,78.55852508544922,79.81753540039062,82.3590316772461,82.79692077636719,84.25445556640625,84.85250091552734,85.65340423583984,86.34603881835938,86.7051773071289,87.9161605834961,88.57864379882812,89.06842041015625,89.58779907226562,89.93074798583984
19,mlp,up_proj,0,3,5.866886615753174,3.9622387886047363,83.88384246826172,89.64283752441406,69.71565246582031,69.71565246582031,76.46302032470703,80.28536224365234,80.65049743652344,82.25475311279297,82.9631576538086,84.41806030273438,84.59876251220703,85.15292358398438,86.01673889160156,86.97386169433594,87.27588653564453,87.81156921386719,88.44325256347656,89.4751968383789,89.64283752441406
19,mlp,up_proj,0,4,5.83311128616333,3.952998399734497,83.34534454345703,89.75947570800781,67.79273223876953,67.79273223876953,73.18842315673828,77.47000885009766,81.10247802734375,82.40039825439453,82.70925903320312,83.74856567382812,83.92945861816406,84.8726806640625,86.0524673461914,86.65444946289062,87.33670806884766,88.33334350585938,88.94253540039062,89.23253631591797,89.75947570800781
19,mlp,up_proj,1,2,5.851902484893799,3.9558587074279785,83.62027740478516,89.72783660888672,66.02899169921875,66.02899169921875,75.57461547851562,79.59828186035156,81.74169158935547,82.19436645507812,83.1921157836914,84.29546356201172,84.6573715209961,85.35872650146484,85.65397644042969,86.5252456665039,87.48564910888672,88.03822326660156,88.8780517578125,88.97382354736328,89.72783660888672
19,mlp,up_proj,1,3,5.853259563446045,3.9600393772125244,83.68006896972656,89.4365005493164,68.14266204833984,68.14266204833984,77.63683319091797,78.60283660888672,81.5090560913086,81.9959487915039,83.35386657714844,84.40706634521484,84.69770050048828,85.17919921875,85.87425994873047,86.56359100341797,86.96647644042969,87.53656005859375,88.43694305419922,88.54165649414062,89.4365005493164
19,mlp,up_proj,1,4,5.838437080383301,3.954758644104004,83.4302978515625,89.93132781982422,65.39424133300781,65.39424133300781,79.04117584228516,79.30242919921875,80.14622497558594,81.6608657836914,81.73683166503906,83.42302703857422,84.19200897216797,84.73793029785156,85.73413848876953,86.7254638671875,87.30247497558594,87.98665618896484,88.56218719482422,89.0079116821289,89.93132781982422
19,mlp,up_proj,2,3,5.843574523925781,3.956507921218872,83.51858520507812,89.90094757080078,68.64363861083984,68.64363861083984,75.29325866699219,77.86434173583984,79.8983154296875,82.03825378417969,83.34051513671875,84.01436614990234,84.23281860351562,84.84446716308594,85.91754913330078,86.27727508544922,87.8120346069336,88.19342041015625,88.91570281982422,89.11040496826172,89.90094757080078
19,mlp,up_proj,2,4,5.860692977905273,3.9545540809631348,83.72465515136719,89.58349609375,65.61698150634766,65.61698150634766,75.07906341552734,78.26394653320312,81.2699203491211,83.5224609375,83.5715560913086,83.83303833007812,84.60369873046875,85.51314544677734,86.67155456542969,87.00555419921875,87.79866790771484,88.43023681640625,89.31100463867188,89.5201187133789,89.58349609375
19,mlp,up_proj,3,4,5.845651149749756,3.9572508335113525,83.55352020263672,89.70133209228516,68.82843780517578,68.82843780517578,76.37074279785156,77.89677429199219,79.7777328491211,81.73220825195312,82.23318481445312,83.093017578125,84.80022430419922,85.21194458007812,86.53759765625,87.1999740600586,87.23737335205078,88.08492279052734,88.59712219238281,89.55375671386719,89.70133209228516
19,self_attn,k_proj,0,1,5.298899173736572,3.8205113410949707,75.29080200195312,88.92018127441406,55.97221755981445,55.97221755981445,59.01616287231445,64.40403747558594,67.36246490478516,70.60210418701172,71.62439727783203,73.46368408203125,76.08930969238281,77.9662094116211,79.1562271118164,80.32853698730469,82.83997344970703,84.38113403320312,84.85952758789062,87.66664123535156,88.92018127441406
19,self_attn,k_proj,0,2,5.27644157409668,3.8042991161346436,74.85244750976562,89.06314849853516,53.965511322021484,53.965511322021484,56.89726257324219,63.562652587890625,67.20175170898438,69.24018096923828,70.36241149902344,72.4234390258789,75.17558288574219,77.39008331298828,78.56535339355469,81.25584411621094,83.00975799560547,84.56233978271484,85.97361755371094,88.99010467529297,89.06314849853516
19,self_attn,k_proj,0,3,5.265644550323486,3.8113577365875244,74.8074722290039,89.3812026977539,56.46895980834961,56.46895980834961,60.73808288574219,62.76417541503906,65.2261962890625,68.9498519897461,71.0458755493164,72.15786743164062,74.92383575439453,76.37993621826172,79.92622375488281,81.5003662109375,82.48123168945312,84.25984191894531,84.82604217529297,85.889892578125,89.3812026977539
19,self_attn,k_proj,0,4,5.341312408447266,3.8276922702789307,75.87266540527344,89.90916442871094,57.67024230957031,57.67024230957031,59.32277297973633,61.96445083618164,67.12855529785156,70.38529968261719,72.12789154052734,75.01943969726562,78.19184875488281,78.46034240722656,80.63963317871094,82.30010986328125,83.31784057617188,84.44790649414062,85.8306884765625,87.24650573730469,89.90916442871094
19,self_attn,k_proj,1,2,5.361292839050293,3.8349974155426025,76.18933868408203,89.96023559570312,57.32627487182617,57.32627487182617,59.54527282714844,63.688636779785156,70.32762908935547,71.54226684570312,73.83084106445312,74.6824722290039,75.47239685058594,78.04667663574219,79.42269897460938,81.54582977294922,82.72206115722656,85.67291259765625,86.49986267089844,88.74329376220703,89.96023559570312
19,self_attn,k_proj,1,3,5.280029773712158,3.8096237182617188,74.9625015258789,89.16913604736328,58.8250846862793,58.8250846862793,59.216007232666016,61.338539123535156,64.09075927734375,68.0313949584961,70.21798706054688,72.4743423461914,74.79291534423828,78.98030853271484,79.64028930664062,81.74551391601562,82.68060302734375,84.61483001708984,85.56584167480469,88.01649475097656,89.16913604736328
19,self_attn,k_proj,1,4,5.295506477355957,3.8222992420196533,75.27705383300781,89.6855697631836,57.83796310424805,57.83796310424805,60.96689224243164,64.3986587524414,67.19843292236328,68.68665313720703,69.47342681884766,74.4203872680664,76.52849578857422,77.71815490722656,77.87249755859375,80.23857116699219,82.91266632080078,84.15669250488281,85.781982421875,86.55587768554688,89.6855697631836
19,self_attn,k_proj,2,3,5.2401814460754395,3.807345390319824,74.47232055664062,88.51892852783203,57.03779983520508,57.03779983520508,61.81068801879883,64.7121353149414,65.17181396484375,67.5470962524414,69.16996765136719,71.88399505615234,72.53205108642578,75.9619140625,78.29289245605469,81.45457458496094,82.04747772216797,82.41281127929688,85.82901763916016,87.17399597167969,88.51892852783203
19,self_attn,k_proj,2,4,5.297839641571045,3.8173182010650635,75.2534408569336,89.99861907958984,57.501766204833984,57.501766204833984,59.29071044921875,64.7484130859375,66.09064483642578,68.44735717773438,71.16050720214844,72.34041595458984,76.2164535522461,77.30769348144531,79.72380065917969,80.41381072998047,81.75018310546875,83.52814483642578,87.19125366210938,88.34526824951172,89.99861907958984
19,self_attn,k_proj,3,4,5.224020004272461,3.7858457565307617,74.042724609375,89.1728515625,53.52571487426758,53.52571487426758,56.243743896484375,61.83863067626953,63.45442199707031,68.1666488647461,68.62820434570312,72.91371154785156,73.01881408691406,76.82831573486328,79.9927978515625,81.75180053710938,82.6235580444336,84.09219360351562,84.7380599975586,87.69403839111328,89.1728515625
19,self_attn,o_proj,0,1,5.686516284942627,3.9285101890563965,81.19192504882812,89.88518524169922,65.20353698730469,65.20353698730469,72.99382781982422,74.95765686035156,75.6817855834961,77.93871307373047,78.9308090209961,80.41626739501953,81.2733383178711,82.75214385986328,83.6644058227539,84.58366394042969,86.28079223632812,86.62420654296875,88.33223724365234,89.55228424072266,89.88518524169922
19,self_attn,o_proj,0,2,5.714145660400391,3.9338300228118896,81.600341796875,89.33089447021484,65.682373046875,65.682373046875,72.66925048828125,74.58504486083984,77.73270416259766,77.93236541748047,80.61914825439453,81.52283477783203,81.63114166259766,83.3171615600586,84.4464340209961,85.11422729492188,86.53500366210938,86.98698425292969,88.598876953125,88.90104675292969,89.33089447021484
19,self_attn,o_proj,0,3,5.7508931159973145,3.9375064373016357,82.11231994628906,89.94696807861328,64.13033294677734,64.13033294677734,74.30774688720703,75.87590789794922,78.06904602050781,79.38206481933594,80.77262115478516,81.63419342041016,82.36434936523438,82.98567962646484,85.00269317626953,86.00755310058594,86.98797607421875,88.2661361694336,88.55438232421875,89.50944519042969,89.94696807861328
19,self_attn,o_proj,0,4,5.700859069824219,3.9310269355773926,81.40011596679688,89.78543090820312,64.48865509033203,64.48865509033203,73.21154022216797,74.95783233642578,77.35685729980469,78.6899185180664,79.46458435058594,80.26957702636719,81.42530059814453,82.54248809814453,84.7166519165039,85.49132537841797,86.0892105102539,87.32481384277344,88.07008361816406,88.51756286621094,89.78543090820312
19,self_attn,o_proj,1,2,5.706319332122803,3.9365530014038086,81.5279312133789,89.95697021484375,69.22899627685547,69.22899627685547,73.19420623779297,74.43960571289062,76.10509490966797,77.03565216064453,79.84758758544922,81.30079650878906,82.35130310058594,83.259033203125,84.42981719970703,84.80017852783203,85.80406951904297,86.80426788330078,87.4955062866211,88.3937759399414,89.95697021484375
19,self_attn,o_proj,1,3,5.772632598876953,3.9458847045898438,82.47960662841797,89.3719482421875,67.44092559814453,67.44092559814453,72.66798400878906,76.89485931396484,79.73709869384766,81.09490203857422,81.21540832519531,81.88529968261719,83.05744934082031,84.07799530029297,85.34194946289062,86.00482177734375,86.8187484741211,87.40245056152344,88.04717254638672,88.61466217041016,89.3719482421875
19,self_attn,o_proj,1,4,5.723036289215088,3.938931703567505,81.7656478881836,89.30703735351562,66.8663330078125,66.8663330078125,73.58264923095703,75.9448471069336,77.80350494384766,78.8978271484375,80.72103881835938,81.35520935058594,82.3963851928711,83.27651977539062,83.67373657226562,85.02323913574219,86.1131591796875,86.43429565429688,87.72186279296875,89.13275146484375,89.30703735351562
19,self_attn,o_proj,2,3,5.777261734008789,3.9481306076049805,82.56182098388672,89.96639251708984,67.00328826904297,67.00328826904297,75.8976058959961,77.31200408935547,79.30764770507812,80.23613739013672,81.9580307006836,82.37763977050781,83.06700897216797,83.7568130493164,84.20559692382812,85.54498291015625,85.78014373779297,87.04934692382812,88.4598617553711,89.06663513183594,89.96639251708984
19,self_attn,o_proj,2,4,5.747713565826416,3.9433813095092773,82.1309814453125,89.87528991699219,67.81224822998047,67.81224822998047,75.29157257080078,77.16486358642578,77.45787811279297,79.43856811523438,79.7015380859375,81.6949462890625,82.28007507324219,83.08265686035156,83.45133209228516,84.91564178466797,86.5435791015625,87.66249084472656,88.23925018310547,89.48381805419922,89.87528991699219
19,self_attn,o_proj,3,4,5.7592315673828125,3.944905996322632,82.29380798339844,89.70845794677734,66.11168670654297,66.11168670654297,75.40771484375,77.37641143798828,79.23429870605469,80.06681823730469,81.35316467285156,81.87934112548828,82.65351867675781,83.25404357910156,84.83851623535156,84.98978424072266,85.69117736816406,87.44120025634766,87.9578628540039,88.73685455322266,89.70845794677734
19,self_attn,q_proj,0,1,5.6109619140625,3.9125990867614746,80.06619262695312,89.9919662475586,62.30683898925781,62.30683898925781,71.2193374633789,73.85088348388672,75.42924499511719,75.68648529052734,78.44419860839844,79.14212036132812,79.71438598632812,80.97493743896484,83.5974349975586,84.24751281738281,85.31082916259766,85.91303253173828,86.84862518310547,88.3812484741211,89.9919662475586
19,self_attn,q_proj,0,2,5.629140853881836,3.9177498817443848,80.35227966308594,89.98480987548828,65.36669158935547,65.36669158935547,71.68883514404297,72.51712036132812,75.53700256347656,76.55896759033203,77.35938262939453,79.31869506835938,80.57563018798828,81.23909759521484,82.81586456298828,83.79206085205078,84.95907592773438,86.78089904785156,87.72754669189453,89.41473388671875,89.98480987548828
19,self_attn,q_proj,0,3,5.600138187408447,3.910062074661255,79.90762329101562,89.35517120361328,64.31838989257812,64.31838989257812,71.02140808105469,72.69049072265625,73.31185150146484,75.55322265625,76.57361602783203,78.1075668334961,79.4486083984375,81.97749328613281,83.4078140258789,84.33781433105469,85.7078857421875,86.441162109375,87.13536071777344,89.13414764404297,89.35517120361328
19,self_attn,q_proj,0,4,5.597740650177002,3.909416913986206,79.87175750732422,89.91902923583984,66.2806396484375,66.2806396484375,68.24668884277344,71.19160461425781,74.6534652709961,75.51835632324219,76.39604187011719,78.9068374633789,80.61331176757812,81.2222671508789,82.82135772705078,83.90005493164062,85.46640014648438,87.2621078491211,87.39070892333984,88.15926361083984,89.91902923583984
19,self_attn,q_proj,1,2,5.585836887359619,3.9045541286468506,79.66657257080078,89.96956634521484,61.169395446777344,61.169395446777344,69.60999298095703,71.4212646484375,73.7960205078125,76.3628921508789,78.55844116210938,79.39198303222656,80.61182403564453,81.88013458251953,82.55677032470703,83.70428466796875,84.78768920898438,86.31543731689453,87.0987548828125,87.43071746826172,89.96956634521484
19,self_attn,q_proj,1,3,5.641542434692383,3.9166927337646484,80.49852752685547,89.70594787597656,65.29086303710938,65.29086303710938,67.3248519897461,73.72354125976562,76.8318099975586,77.22227478027344,78.0633544921875,78.77344512939453,81.04999542236328,81.7063217163086,83.66143798828125,84.88615417480469,85.66413116455078,86.17857360839844,88.50721740722656,89.386474609375,89.70594787597656
19,self_attn,q_proj,1,4,5.608323097229004,3.906985282897949,79.97789764404297,89.8072738647461,61.909584045410156,61.909584045410156,70.77135467529297,71.89859771728516,73.12500762939453,74.46054077148438,78.51641845703125,78.89193725585938,81.17410278320312,81.85334014892578,83.99111938476562,84.5724868774414,85.09750366210938,86.62086486816406,87.85346984863281,89.1027603149414,89.8072738647461
19,self_attn,q_proj,2,3,5.6178879737854,3.9166722297668457,80.19784545898438,89.68518829345703,65.5896987915039,65.5896987915039,71.06554412841797,72.40982055664062,74.92841339111328,75.6588363647461,77.8634262084961,79.2763442993164,80.54426574707031,82.51087951660156,83.44287109375,84.46620178222656,85.1463394165039,85.57633209228516,86.08381652832031,88.91748046875,89.68518829345703
19,self_attn,q_proj,2,4,5.5682148933410645,3.8950459957122803,79.34747314453125,88.93272399902344,60.14707946777344,60.14707946777344,65.24810028076172,71.71389770507812,74.25627899169922,75.78343200683594,77.65550231933594,78.33613586425781,80.11211395263672,81.8341064453125,82.28375244140625,85.13873291015625,86.13294219970703,86.67510986328125,87.26054382324219,88.04914093017578,88.93272399902344
19,self_attn,q_proj,3,4,5.611026287078857,3.9082589149475098,80.02629089355469,89.83454895019531,63.79045867919922,63.79045867919922,68.04154205322266,71.35900115966797,74.0895004272461,75.75218963623047,77.95840454101562,80.10794067382812,80.35245513916016,81.44569396972656,84.05047607421875,84.98991394042969,85.73210144042969,86.76535034179688,87.6121597290039,88.5389175415039,89.83454895019531
19,self_attn,v_proj,0,1,5.3861403465271,3.8505215644836426,76.66053771972656,89.92154693603516,60.81085205078125,60.81085205078125,64.46012878417969,66.43221282958984,69.22134399414062,71.21756744384766,72.74126434326172,73.64876556396484,74.77305603027344,77.20929718017578,79.09439086914062,81.54393768310547,85.12600708007812,85.54288482666016,86.66429138183594,88.16102600097656,89.92154693603516
19,self_attn,v_proj,0,2,5.485206604003906,3.8790700435638428,78.16111755371094,89.82807922363281,63.523643493652344,63.523643493652344,66.5678939819336,67.40187072753906,70.21961212158203,73.48291015625,74.8521499633789,77.03365325927734,78.8285903930664,79.32292938232422,80.71865844726562,82.68170928955078,83.17940521240234,86.3890151977539,87.59518432617188,88.95262145996094,89.82807922363281
19,self_attn,v_proj,0,3,5.408925533294678,3.86038875579834,77.03129577636719,89.76130676269531,58.6444091796875,58.6444091796875,66.11865234375,68.70793151855469,69.98417663574219,73.22633361816406,74.7552719116211,74.76872253417969,75.96194458007812,77.5225830078125,79.08857727050781,81.07610321044922,83.29102325439453,84.4400634765625,86.94529724121094,88.2083740234375,89.76130676269531
19,self_attn,v_proj,0,4,5.456099510192871,3.8674263954162598,77.67843627929688,89.01285552978516,59.52666091918945,59.52666091918945,64.0071029663086,67.8551025390625,71.39149475097656,72.57463836669922,74.92059326171875,76.7376937866211,77.19551086425781,79.01852416992188,81.60425567626953,83.2402114868164,83.6882095336914,86.52831268310547,87.18818664550781,88.36570739746094,89.01285552978516
19,self_attn,v_proj,1,2,5.424949645996094,3.8539481163024902,77.1531982421875,89.29139709472656,55.84477615356445,55.84477615356445,66.06656646728516,66.39783477783203,67.70271301269531,70.52188873291016,75.0430908203125,76.6462631225586,78.6072006225586,79.51792907714844,81.24588012695312,82.74533081054688,83.95780944824219,85.94217681884766,86.5506362915039,88.3697509765625,89.29139709472656
19,self_attn,v_proj,1,3,5.357961654663086,3.850116014480591,76.3109130859375,88.78060150146484,59.86176300048828,59.86176300048828,65.04022216796875,67.02001953125,68.16580200195312,71.3129653930664,73.47821807861328,73.84637451171875,77.4118881225586,77.75331115722656,77.98171997070312,81.19762420654297,83.01284790039062,84.20711517333984,85.54772186279297,86.3564224243164,88.78060150146484
19,self_attn,v_proj,1,4,5.390649318695068,3.854457139968872,76.74959564208984,89.38985443115234,59.53544235229492,59.53544235229492,64.68968963623047,67.24805450439453,68.9023666381836,70.2633285522461,73.67424011230469,76.52733612060547,76.89213562011719,78.20590209960938,79.61116027832031,81.9082260131836,82.94105529785156,84.5666732788086,85.54924774169922,88.08885955810547,89.38985443115234
19,self_attn,v_proj,2,3,5.401922225952148,3.8618290424346924,76.96076202392578,87.97814178466797,61.1257209777832,61.1257209777832,64.70797729492188,67.14649963378906,69.00554656982422,71.84683990478516,74.39806365966797,75.67420196533203,77.1055679321289,79.38304901123047,81.08848571777344,82.29769134521484,83.0379867553711,84.4115219116211,85.39918518066406,86.7657241821289,87.97814178466797
19,self_attn,v_proj,2,4,5.439157009124756,3.8621904850006104,77.419677734375,89.2457504272461,60.303565979003906,60.303565979003906,63.54933166503906,67.1414566040039,69.2422103881836,72.17794036865234,75.3773422241211,75.84769439697266,76.77120208740234,79.66781616210938,80.807373046875,82.64323425292969,83.7843246459961,85.73627471923828,87.75072479248047,88.66868591308594,89.2457504272461
19,self_attn,v_proj,3,4,5.383095741271973,3.8461058139801025,76.57087707519531,89.36642456054688,58.49226760864258,58.49226760864258,63.252471923828125,65.22750854492188,67.29127502441406,71.82350158691406,72.83187103271484,76.26752471923828,77.25640106201172,77.46978759765625,80.9109878540039,81.25802612304688,84.10717010498047,85.38993072509766,86.33557891845703,87.85333251953125,89.36642456054688
20,mlp,down_proj,0,1,5.853426456451416,3.9651694297790527,83.73416137695312,89.0939712524414,75.2180404663086,75.2180404663086,76.90545654296875,78.02130126953125,79.56364440917969,81.42233276367188,82.85623168945312,83.13770294189453,84.00334167480469,84.59359741210938,86.24972534179688,86.41613006591797,87.4007797241211,87.70304107666016,88.44122314453125,88.72001647949219,89.0939712524414
20,mlp,down_proj,0,2,5.8238301277160645,3.9607436656951904,83.29918670654297,89.77592468261719,74.05036926269531,74.05036926269531,76.13264465332031,77.55142211914062,79.98860168457031,81.44293212890625,82.34841918945312,82.6172103881836,83.17735290527344,83.80928802490234,84.72747802734375,85.72037506103516,86.76688385009766,87.24931335449219,88.10638427734375,89.32242584228516,89.77592468261719
20,mlp,down_proj,0,3,5.830177307128906,3.9615321159362793,83.39080810546875,89.78060150146484,73.8763427734375,73.8763427734375,76.8927993774414,78.112060546875,79.49881744384766,81.38460540771484,81.85330963134766,82.08056640625,83.19055938720703,84.36247253417969,85.5472412109375,86.1663589477539,86.88443756103516,87.27238464355469,88.39765930175781,88.95277404785156,89.78060150146484
20,mlp,down_proj,0,4,5.839210510253906,3.963737726211548,83.53157806396484,89.9202651977539,75.6273193359375,75.6273193359375,75.88672637939453,78.54134368896484,79.30687713623047,80.98199462890625,82.54590606689453,83.2420654296875,84.04181671142578,84.8902359008789,85.31214141845703,85.8831558227539,86.45230865478516,87.42972564697266,87.56829833984375,88.87506103515625,89.9202651977539
20,mlp,down_proj,1,2,5.856497764587402,3.9651777744293213,83.7752685546875,89.74339294433594,74.38016510009766,74.38016510009766,78.24386596679688,78.93399047851562,79.96800231933594,80.91565704345703,81.83123016357422,82.60752868652344,83.52974700927734,84.6669921875,86.00921630859375,86.48835754394531,87.39230346679688,87.4605484008789,88.87383270263672,89.35955047607422,89.74339294433594
20,mlp,down_proj,1,3,5.822170257568359,3.962035894393921,83.28947448730469,89.94120788574219,74.5654067993164,74.5654067993164,76.71979522705078,78.33694458007812,80.09566497802734,81.33465576171875,82.19068145751953,82.75643920898438,83.16908264160156,83.37897491455078,84.67853546142578,85.52803039550781,86.38501739501953,86.96571350097656,87.3995590209961,89.1859359741211,89.94120788574219
20,mlp,down_proj,1,4,5.849663257598877,3.964639663696289,83.67909240722656,89.7835693359375,74.99645233154297,74.99645233154297,76.79666137695312,78.2743148803711,80.06880950927734,81.06649017333984,82.28130340576172,83.15241241455078,83.9550552368164,84.86884307861328,85.84109497070312,86.12071990966797,86.8692398071289,87.5146484375,88.23920440673828,89.03665161132812,89.7835693359375
20,mlp,down_proj,2,3,5.811164855957031,3.9596192836761475,83.12151336669922,89.61280059814453,75.49823760986328,75.49823760986328,77.13444519042969,77.61071014404297,78.80581665039062,79.49462890625,81.12960052490234,81.82603454589844,82.82727813720703,83.8061294555664,84.4607162475586,85.62850952148438,87.14244842529297,87.25148010253906,88.29906463623047,89.41631317138672,89.61280059814453
20,mlp,down_proj,2,4,5.839471340179443,3.962961196899414,83.52787780761719,89.82357025146484,74.67757415771484,74.67757415771484,76.92354583740234,78.87770080566406,79.56668853759766,80.6137924194336,80.8186264038086,83.23486328125,83.5562744140625,84.97447967529297,85.28399658203125,85.91490936279297,86.57109069824219,87.81230163574219,88.50223541259766,89.29437255859375,89.82357025146484
20,mlp,down_proj,3,4,5.8374786376953125,3.9611847400665283,83.48414611816406,89.90672302246094,72.85810089111328,72.85810089111328,76.59745788574219,77.77146911621094,80.4050064086914,81.18026733398438,81.81816864013672,83.27317810058594,83.98957824707031,84.74999237060547,84.82678985595703,86.03836822509766,86.40727996826172,87.73151397705078,88.79798889160156,89.39448547363281,89.90672302246094
20,mlp,gate_proj,0,1,5.831656455993652,3.944751501083374,83.23765563964844,89.55342864990234,61.15274429321289,61.15274429321289,75.35974884033203,78.15538787841797,78.80875396728516,81.79691314697266,83.77967834472656,84.66283416748047,84.78325653076172,86.24186706542969,86.76398468017578,87.05286407470703,87.88394927978516,88.11730194091797,88.71387481689453,88.97589874267578,89.55342864990234
20,mlp,gate_proj,0,2,5.833426475524902,3.944289207458496,83.25553131103516,89.88159942626953,60.70286560058594,60.70286560058594,75.4922866821289,76.61507415771484,81.29827117919922,82.14075469970703,83.31945037841797,84.7318115234375,85.2432632446289,85.3740005493164,86.5987777709961,86.89311981201172,87.59955596923828,88.36336517333984,88.49376678466797,89.34050750732422,89.88159942626953
20,mlp,gate_proj,0,3,5.8297576904296875,3.9448392391204834,83.21359252929688,89.73878479003906,61.373939514160156,61.373939514160156,74.78540802001953,76.54026794433594,81.96672058105469,82.14492797851562,84.00484466552734,84.14388275146484,84.81275939941406,85.26009368896484,86.26309204101562,86.92692565917969,87.25310516357422,88.06619262695312,88.84493255615234,89.2916488647461,89.73878479003906
20,mlp,gate_proj,0,4,5.836534023284912,3.9423727989196777,83.27531433105469,89.6111831665039,59.62538146972656,59.62538146972656,73.47307586669922,78.4953384399414,81.20793914794922,82.62368774414062,83.65385437011719,84.37845611572266,85.47592163085938,86.20501708984375,86.65789031982422,87.24552917480469,87.64910125732422,88.43535614013672,88.57167053222656,89.09571075439453,89.6111831665039
20,mlp,gate_proj,1,2,5.856881618499756,3.951070785522461,83.6387710571289,89.85657501220703,64.29119110107422,64.29119110107422,73.685546875,78.1174545288086,81.43291473388672,82.43914794921875,84.43473815917969,84.7423324584961,85.03084564208984,85.53164672851562,86.50177764892578,87.3440933227539,87.82917785644531,88.02272033691406,89.36521911621094,89.594970703125,89.85657501220703
20,mlp,gate_proj,1,3,5.824012756347656,3.9464142322540283,83.15557098388672,89.83048248291016,62.71577835083008,62.71577835083008,75.17709350585938,77.39933013916016,80.31108093261719,81.2503890991211,83.27727508544922,83.98565673828125,84.29048156738281,85.56122589111328,86.36251068115234,86.64652252197266,87.99138641357422,88.29022979736328,88.66207122802734,88.73760223388672,89.83048248291016
20,mlp,gate_proj,1,4,5.832147121429443,3.9462900161743164,83.26025390625,89.85686492919922,62.01929473876953,62.01929473876953,73.54256439208984,79.59691619873047,80.5308609008789,81.5919418334961,83.92674255371094,84.56835174560547,85.12818145751953,85.2877426147461,86.3452377319336,86.62611389160156,87.75762939453125,88.30264282226562,88.4443588256836,88.63871002197266,89.85686492919922
20,mlp,gate_proj,2,3,5.850245475769043,3.9492924213409424,83.53221130371094,89.72071075439453,63.28919982910156,63.28919982910156,75.00642395019531,77.7158432006836,80.61534881591797,81.8243408203125,83.56790924072266,84.27725982666016,84.9190444946289,86.2523193359375,86.75806427001953,87.39324188232422,88.04374694824219,88.49494934082031,89.23902130126953,89.39789581298828,89.72071075439453
20,mlp,gate_proj,2,4,5.8220744132995605,3.944669008255005,83.11062622070312,89.86811828613281,61.69327163696289,61.69327163696289,73.48567199707031,77.74479675292969,81.74182891845703,82.24739074707031,83.62792205810547,84.40103149414062,84.72386932373047,85.44392395019531,86.16984558105469,86.68165588378906,86.99952697753906,87.85977935791016,87.9802474975586,89.10110473632812,89.86811828613281
20,mlp,gate_proj,3,4,5.824127197265625,3.9461801052093506,83.15388488769531,89.45652770996094,62.495933532714844,62.495933532714844,73.54316711425781,78.6654281616211,79.74654388427734,83.08955383300781,83.21875762939453,84.65262603759766,85.06625366210938,85.67232513427734,86.20606994628906,86.27861022949219,87.19615936279297,87.76107025146484,88.5683364868164,88.84477233886719,89.45652770996094
20,mlp,up_proj,0,1,5.8532938957214355,3.956897497177124,83.65071105957031,89.91960144042969,67.7356948852539,67.7356948852539,75.52191162109375,78.83335876464844,79.70995330810547,81.98594665527344,83.5771713256836,84.07112884521484,84.61056518554688,85.57929229736328,86.62120056152344,86.84105682373047,87.7293472290039,88.05272674560547,88.67623901367188,88.94620513916016,89.91960144042969
20,mlp,up_proj,0,2,5.791904926300049,3.94638729095459,82.73722839355469,89.95560455322266,66.462890625,66.462890625,73.77651977539062,77.05751037597656,79.08367156982422,80.6037368774414,81.12165069580078,82.4378433227539,83.76136779785156,84.4406509399414,85.8841552734375,86.76974487304688,87.12496185302734,87.56636810302734,88.54612731933594,89.20287322998047,89.95560455322266
20,mlp,up_proj,0,3,5.852977752685547,3.9598774909973145,83.67636108398438,89.80447387695312,69.63876342773438,69.63876342773438,76.95693969726562,79.38984680175781,79.60202026367188,80.96910095214844,82.58381652832031,83.3608169555664,84.87153625488281,85.61236572265625,86.13442993164062,86.57359313964844,87.15775299072266,88.15103149414062,88.49105072021484,89.52422332763672,89.80447387695312
20,mlp,up_proj,0,4,5.822263717651367,3.948038339614868,83.15122985839844,89.80697631835938,65.0892562866211,65.0892562866211,72.2259750366211,79.08111572265625,80.05108642578125,81.63307189941406,82.28543853759766,84.1213150024414,84.50647735595703,85.74500274658203,86.23511505126953,86.34620666503906,87.614013671875,87.95171356201172,88.40312957763672,89.32382202148438,89.80697631835938
20,mlp,up_proj,1,2,5.859761714935303,3.9584829807281494,83.75314331054688,89.89726257324219,69.19650268554688,69.19650268554688,74.86174774169922,78.74589538574219,80.890625,81.9587631225586,82.77894592285156,83.10908508300781,84.80192565917969,85.25186157226562,86.88066864013672,87.20462799072266,87.70045471191406,88.49332427978516,89.1175308227539,89.16098022460938,89.89726257324219
20,mlp,up_proj,1,3,5.8498406410217285,3.959930658340454,83.63526916503906,89.58773040771484,70.3184585571289,70.3184585571289,75.08812713623047,79.98601531982422,80.34522247314453,81.68258666992188,82.6191635131836,83.1989974975586,84.29826354980469,85.07866668701172,86.29521942138672,86.67425537109375,87.15859985351562,87.75599670410156,88.61699676513672,89.4599609375,89.58773040771484
20,mlp,up_proj,1,4,5.8614678382873535,3.9589123725891113,83.77862548828125,89.77618408203125,67.74214172363281,67.74214172363281,76.46919250488281,79.06340026855469,80.99311065673828,82.5778579711914,83.0461654663086,83.93539428710938,84.37171173095703,85.32940673828125,86.77555084228516,87.13605499267578,87.44414520263672,88.23580932617188,88.58085632324219,88.98104858398438,89.77618408203125
20,mlp,up_proj,2,3,5.833714008331299,3.956474542617798,83.387451171875,89.55738830566406,68.72642517089844,68.72642517089844,76.95304870605469,77.16930389404297,79.81047058105469,81.5077133178711,82.05357360839844,83.76993560791016,84.4310073852539,85.1445083618164,85.56017303466797,86.31805419921875,87.9249038696289,88.08522033691406,88.47537231445312,88.71202850341797,89.55738830566406
20,mlp,up_proj,2,4,5.783198356628418,3.944885015487671,82.60848236083984,89.85923767089844,66.60025787353516,66.60025787353516,73.08577728271484,77.36424255371094,78.6474838256836,79.19850158691406,81.04503631591797,82.73426055908203,83.95162963867188,84.98204803466797,85.88864135742188,86.46084594726562,86.83942413330078,87.7061538696289,88.16751861572266,89.20457458496094,89.85923767089844
20,mlp,up_proj,3,4,5.839865207672119,3.95589017868042,83.46197509765625,89.95306396484375,67.31145477294922,67.31145477294922,75.36919403076172,78.21723175048828,81.0114974975586,82.55772399902344,83.3993911743164,84.24085998535156,84.95680236816406,85.1827392578125,85.47677612304688,86.06719207763672,86.44086456298828,87.64820861816406,88.54859924316406,89.00992584228516,89.95306396484375
20,self_attn,k_proj,0,1,5.351822853088379,3.836714267730713,76.09999084472656,89.98737335205078,58.43582534790039,58.43582534790039,62.22653579711914,64.18070983886719,69.5386962890625,70.38011932373047,71.66639709472656,74.12944793701172,76.1252212524414,78.25137329101562,79.69645690917969,80.58879852294922,81.72663879394531,84.82955169677734,86.661376953125,89.17530822753906,89.98737335205078
20,self_attn,k_proj,0,2,5.320216178894043,3.8292906284332275,75.64649963378906,89.6463394165039,58.934078216552734,58.934078216552734,61.92140579223633,64.80452728271484,66.49575805664062,69.9537124633789,70.87813568115234,73.44343566894531,74.38499450683594,78.55597686767578,79.87779998779297,80.65245819091797,82.2765121459961,84.48087310791016,86.04637145996094,87.99168395996094,89.6463394165039
20,self_attn,k_proj,0,3,5.360531806945801,3.8437626361846924,76.28276824951172,89.3682632446289,61.8272705078125,61.8272705078125,62.6990966796875,65.70777893066406,68.19197845458984,71.0490493774414,72.15731048583984,73.46411895751953,74.92070770263672,76.33284759521484,80.08013153076172,81.12834167480469,82.4101791381836,84.95185852050781,87.6068115234375,88.62847900390625,89.3682632446289
20,self_attn,k_proj,0,4,5.387948036193848,3.8441009521484375,76.61216735839844,89.39046478271484,59.84442138671875,59.84442138671875,62.02107238769531,65.31685638427734,67.68620300292969,69.30279541015625,71.43321228027344,74.97954559326172,78.79057312011719,79.1232681274414,81.2479248046875,81.48201751708984,84.44612884521484,85.39826965332031,86.58992004394531,88.74199676513672,89.39046478271484
20,self_attn,k_proj,1,2,5.332066059112549,3.82712459564209,75.76202392578125,89.02584075927734,57.639381408691406,57.639381408691406,61.83941650390625,63.371131896972656,64.90780639648438,69.55683898925781,73.22965240478516,74.38725280761719,77.1993408203125,77.73062896728516,78.42549896240234,81.20967102050781,82.48040771484375,84.85149383544922,87.73116302490234,88.60687255859375,89.02584075927734
20,self_attn,k_proj,1,3,5.402525424957275,3.8508236408233643,76.85196685791016,89.21463012695312,58.92039108276367,58.92039108276367,61.037628173828125,65.77136993408203,69.80071258544922,71.76648712158203,74.29592895507812,75.14259338378906,78.59877014160156,78.76273345947266,80.0894546508789,82.7847900390625,84.21458435058594,84.9178695678711,86.8087158203125,87.5049057006836,89.21463012695312
20,self_attn,k_proj,1,4,5.315032005310059,3.824444532394409,75.532470703125,89.96664428710938,57.36819076538086,57.36819076538086,63.14320373535156,63.55878448486328,64.95154571533203,69.81735229492188,72.15101623535156,72.49547576904297,74.3538589477539,77.72122192382812,80.71968841552734,81.07510375976562,83.14802551269531,84.69303894042969,86.0543441772461,87.3019790649414,89.96664428710938
20,self_attn,k_proj,2,3,5.341498374938965,3.8203847408294678,75.7999267578125,88.97144317626953,54.656517028808594,54.656517028808594,59.69643783569336,65.0745620727539,67.02091217041016,68.9175033569336,70.51072692871094,72.9979476928711,75.85574340820312,78.16216278076172,80.96012878417969,82.26604461669922,84.55297088623047,86.70817565917969,87.92325592041016,88.52426147460938,88.97144317626953
20,self_attn,k_proj,2,4,5.396605968475342,3.847548484802246,76.74798583984375,89.63300323486328,56.91670608520508,56.91670608520508,64.12385559082031,66.87372589111328,68.7239761352539,69.41707611083984,73.52503204345703,76.17623138427734,77.32550811767578,78.45194244384766,80.01561737060547,81.08263397216797,84.75702667236328,85.0489501953125,87.38861083984375,88.50777435302734,89.63300323486328
20,self_attn,k_proj,3,4,5.398158073425293,3.8418850898742676,76.7144775390625,89.9742202758789,59.09394073486328,59.09394073486328,62.536895751953125,64.93553924560547,66.35833740234375,69.46521759033203,72.71920013427734,75.1685562133789,75.74988555908203,78.9006576538086,81.89214324951172,83.05757141113281,84.74738311767578,86.64839172363281,87.58721923828125,88.59638977050781,89.9742202758789
20,self_attn,o_proj,0,1,5.786542892456055,3.9566750526428223,82.768798828125,89.5621566772461,75.10359191894531,75.10359191894531,76.45809936523438,77.4939193725586,78.1650390625,79.90446472167969,80.38813018798828,81.66303253173828,82.12710571289062,83.56351470947266,83.98697662353516,86.2901611328125,86.66606903076172,87.00960540771484,87.7182846069336,88.20059967041016,89.5621566772461
20,self_attn,o_proj,0,2,5.769671440124512,3.9512693881988525,82.49547576904297,89.13490295410156,73.11383819580078,73.11383819580078,74.92758178710938,75.5931396484375,78.10838317871094,79.46458435058594,81.07962799072266,81.49982452392578,83.07743072509766,83.33905029296875,84.44905853271484,85.4229736328125,86.28501892089844,87.13331604003906,88.3854751586914,88.9134521484375,89.13490295410156
20,self_attn,o_proj,0,3,5.746891975402832,3.9474408626556396,82.16128540039062,89.85578155517578,72.4695816040039,72.4695816040039,75.6338119506836,75.79918670654297,78.32178497314453,78.467041015625,79.19689178466797,80.17889404296875,81.6960220336914,83.80689239501953,84.40963745117188,84.63846588134766,85.73694610595703,86.9823989868164,88.58882904052734,88.79839324951172,89.85578155517578
20,self_attn,o_proj,0,4,5.730501651763916,3.9435267448425293,81.90953826904297,89.33901977539062,71.588134765625,71.588134765625,73.55216217041016,74.8675765991211,77.62894439697266,78.46084594726562,79.94926452636719,81.28091430664062,81.64382934570312,83.3740005493164,84.33926391601562,85.1827163696289,85.84258270263672,87.29157257080078,87.61258697509766,88.59919738769531,89.33901977539062
20,self_attn,o_proj,1,2,5.762741565704346,3.9510586261749268,82.4024887084961,89.71163177490234,72.327392578125,72.327392578125,75.2249755859375,77.64876556396484,78.16382598876953,78.57275390625,80.13032531738281,81.88619995117188,82.55216979980469,83.56343078613281,84.63371276855469,85.28218078613281,86.17915344238281,86.61463165283203,87.36341857910156,88.58531188964844,89.71163177490234
20,self_attn,o_proj,1,3,5.714212417602539,3.942805290222168,81.6917724609375,89.6656494140625,72.56002807617188,72.56002807617188,74.83905029296875,76.1637954711914,77.14149475097656,77.349609375,79.42765808105469,80.22761535644531,81.22442626953125,81.49986267089844,83.72396850585938,84.02690887451172,85.22503662109375,87.35409545898438,87.75404357910156,88.88501739501953,89.6656494140625
20,self_attn,o_proj,1,4,5.778922080993652,3.9545159339904785,82.64785766601562,89.9333724975586,73.67900848388672,73.67900848388672,75.33003997802734,77.61239624023438,78.56314849853516,79.93445587158203,80.33598327636719,82.23387145996094,82.7542953491211,83.78953552246094,84.38565826416016,85.07860565185547,85.62960815429688,86.30735778808594,87.6817398071289,89.11668395996094,89.9333724975586
20,self_attn,o_proj,2,3,5.750356674194336,3.9484264850616455,82.21597290039062,89.74445343017578,73.22541046142578,73.22541046142578,74.64965057373047,76.59046173095703,77.52571105957031,78.54167175292969,80.00318908691406,81.4144058227539,81.85498809814453,82.84046936035156,83.57110595703125,84.73837280273438,86.6640625,86.99224090576172,87.92227172851562,89.1771469116211,89.74445343017578
20,self_attn,o_proj,2,4,5.786332130432129,3.9541287422180176,82.74178314208984,89.64010620117188,73.17063903808594,73.17063903808594,75.67597198486328,78.05078125,78.2757339477539,79.53292083740234,80.23728942871094,81.41976165771484,82.40572357177734,83.47103881835938,84.671142578125,85.37387084960938,86.62336730957031,87.77779388427734,88.19496154785156,89.34745025634766,89.64010620117188
20,self_attn,o_proj,3,4,5.746335506439209,3.9473044872283936,82.15281677246094,89.90653991699219,73.55195617675781,73.55195617675781,74.63370513916016,75.42095184326172,77.31314086914062,78.361083984375,79.76921081542969,81.35033416748047,82.0523910522461,82.87415313720703,83.63328552246094,85.72816467285156,86.07595825195312,86.75872802734375,87.75283813476562,89.2626724243164,89.90653991699219
20,self_attn,q_proj,0,1,5.666853427886963,3.9301443099975586,80.95614624023438,89.82500457763672,68.52169799804688,68.52169799804688,71.1136703491211,74.08744049072266,76.2566146850586,78.64933013916016,79.56420135498047,80.49649810791016,81.05517578125,81.49143981933594,83.43855285644531,84.83125305175781,85.1769027709961,85.48922729492188,86.47105407714844,88.83023071289062,89.82500457763672
20,self_attn,q_proj,0,2,5.680750370025635,3.932466745376587,81.159423828125,89.57189178466797,70.61453247070312,70.61453247070312,72.33702850341797,74.30294799804688,75.83596801757812,77.23383331298828,78.00346374511719,79.83129119873047,80.78810119628906,81.9515151977539,82.75004577636719,84.89567565917969,86.18840789794922,87.42683410644531,88.019775390625,88.79955291748047,89.57189178466797
20,self_attn,q_proj,0,3,5.650859355926514,3.9257800579071045,80.70840454101562,88.94673156738281,67.96394348144531,67.96394348144531,70.92178344726562,72.71940612792969,76.43150329589844,76.89488983154297,78.85588836669922,79.97816467285156,81.67303466796875,82.24983215332031,83.22128295898438,84.19468688964844,84.83844757080078,86.3446273803711,87.50244140625,88.59784698486328,88.94673156738281
20,self_attn,q_proj,0,4,5.661506652832031,3.9241409301757812,80.83073425292969,89.82256317138672,68.7058334350586,68.7058334350586,70.69144439697266,72.9028091430664,75.1094970703125,75.49130249023438,78.2308578491211,79.74968719482422,80.9237060546875,81.96016693115234,83.80030822753906,85.00323486328125,86.34928894042969,87.39462280273438,87.82398223876953,89.33245849609375,89.82256317138672
20,self_attn,q_proj,1,2,5.725478172302246,3.9372081756591797,81.78237915039062,89.77044677734375,68.30331420898438,68.30331420898438,72.18577575683594,74.92930603027344,76.94486236572266,78.48970031738281,79.70558166503906,80.68020629882812,82.83172607421875,83.19796752929688,84.47161102294922,85.47477722167969,86.6111831665039,87.7962875366211,88.04660034179688,89.07882690429688,89.77044677734375
20,self_attn,q_proj,1,3,5.664949893951416,3.9294135570526123,80.92526245117188,89.54613494873047,68.6022720336914,68.6022720336914,72.81617736816406,73.92228698730469,74.81138610839844,76.51818084716797,79.53995513916016,80.10942077636719,81.54190063476562,82.20687866210938,83.20459747314453,84.12535095214844,85.60124206542969,86.54975128173828,87.15840911865234,88.55034637451172,89.54613494873047
20,self_attn,q_proj,1,4,5.6612725257873535,3.9284605979919434,80.86981201171875,89.78704071044922,70.88545989990234,70.88545989990234,71.83599090576172,72.70597839355469,73.74610137939453,77.67754364013672,78.3433837890625,79.88906860351562,80.9762191772461,82.30679321289062,83.22537231445312,84.71195983886719,85.19857025146484,85.89471435546875,87.81278991699219,88.92000579833984,89.78704071044922
20,self_attn,q_proj,2,3,5.691283702850342,3.933323621749878,81.30304718017578,89.99049377441406,69.77373504638672,69.77373504638672,72.51426696777344,74.13006591796875,75.2564926147461,77.5676498413086,79.31354522705078,79.49425506591797,82.09803009033203,82.72587585449219,83.5504379272461,84.78278350830078,85.96446228027344,86.85189056396484,87.69317626953125,89.14156341552734,89.99049377441406
20,self_attn,q_proj,2,4,5.675390243530273,3.9284846782684326,81.05078125,89.79432678222656,69.52701568603516,69.52701568603516,70.3659896850586,73.26126098632812,75.09810638427734,76.4500503540039,79.31607818603516,80.61329650878906,81.6824722290039,83.15414428710938,83.5344009399414,84.84103393554688,85.8290786743164,86.44003295898438,87.7421875,89.1629409790039,89.79432678222656
20,self_attn,q_proj,3,4,5.640274524688721,3.9226644039154053,80.54422760009766,89.60838317871094,68.93539428710938,68.93539428710938,70.92472839355469,72.68890380859375,74.80298614501953,75.85906982421875,78.26805877685547,79.7103042602539,80.56175231933594,81.37255096435547,82.6499252319336,84.31918334960938,85.9399185180664,86.47109985351562,87.54112243652344,89.05428314208984,89.60838317871094
20,self_attn,v_proj,0,1,5.430912017822266,3.8629231452941895,77.32659912109375,88.66907501220703,60.40190124511719,60.40190124511719,64.38455200195312,67.29924011230469,69.72059631347656,72.22569274902344,74.22505187988281,75.7502212524414,77.85565185546875,78.63046264648438,80.04420471191406,82.75506591796875,83.2468032836914,86.38150024414062,87.52112579345703,88.11431121826172,88.66907501220703
20,self_attn,v_proj,0,2,5.460559368133545,3.8743743896484375,77.80868530273438,89.61576843261719,62.060523986816406,62.060523986816406,67.5378189086914,69.24530029296875,69.6860122680664,70.1331787109375,75.58824920654297,75.9885025024414,77.64894104003906,79.93072509765625,80.52536010742188,82.35228729248047,84.39666748046875,85.1825942993164,87.19319152832031,87.85391998291016,89.61576843261719
20,self_attn,v_proj,0,3,5.46980094909668,3.8798036575317383,77.97208404541016,89.4475326538086,60.09794998168945,60.09794998168945,68.44556427001953,69.44986724853516,71.8914566040039,73.65289306640625,75.31651306152344,76.20926666259766,77.34217071533203,80.08351135253906,81.7112808227539,81.99738311767578,84.45516204833984,85.02427673339844,86.15058898925781,86.27790069580078,89.4475326538086
20,self_attn,v_proj,0,4,5.416969299316406,3.867244243621826,77.20597839355469,89.91848754882812,64.72779846191406,64.72779846191406,66.0206527709961,67.64173889160156,70.28512573242188,71.05692291259766,73.20256805419922,74.52700805664062,75.47584533691406,78.99201965332031,81.04711151123047,81.53215789794922,82.39530944824219,84.73536682128906,85.4234848022461,88.3139877319336,89.91848754882812
20,self_attn,v_proj,1,2,5.486604690551758,3.8774666786193848,78.15348815917969,89.83826446533203,60.36839294433594,60.36839294433594,62.74661636352539,70.78221130371094,72.271240234375,73.4095687866211,75.38695526123047,77.3341064453125,79.77426147460938,80.92269134521484,81.93809509277344,82.65171813964844,84.07852172851562,84.92608642578125,86.15988159179688,87.86725616455078,89.83826446533203
20,self_attn,v_proj,1,3,5.405401229858398,3.8582894802093506,76.97280883789062,89.44385528564453,61.032352447509766,61.032352447509766,64.70274353027344,69.1972427368164,69.87407684326172,71.62428283691406,71.94696807861328,74.55158233642578,76.1059341430664,77.980712890625,79.0021743774414,81.06745910644531,83.05755615234375,84.85983276367188,88.3719482421875,88.7462387084961,89.44385528564453
20,self_attn,v_proj,1,4,5.445852756500244,3.8594274520874023,77.47601318359375,89.89868927001953,59.147953033447266,59.147953033447266,65.98052215576172,66.36241912841797,70.09996795654297,71.7418441772461,72.61502838134766,73.41555786132812,76.34820556640625,79.74295043945312,81.74400329589844,83.97176361083984,85.91319274902344,86.61640930175781,87.0291976928711,88.98859405517578,89.89868927001953
20,self_attn,v_proj,2,3,5.427450180053711,3.8617441654205322,77.27766418457031,89.66297912597656,62.40279006958008,62.40279006958008,64.80587005615234,67.68717193603516,68.98204040527344,71.37541961669922,73.29444122314453,74.2079086303711,75.51102447509766,78.68285369873047,80.89620208740234,82.53921508789062,84.58383178710938,85.8913803100586,87.718505859375,88.20108032226562,89.66297912597656
20,self_attn,v_proj,2,4,5.427189350128174,3.8564565181732178,77.21466827392578,88.69108581542969,60.503143310546875,60.503143310546875,63.79507827758789,64.2537612915039,68.63349151611328,71.28533935546875,73.66362762451172,76.10076904296875,76.91280364990234,80.81473541259766,82.08964538574219,83.06096649169922,84.20856475830078,86.10693359375,87.12406158447266,88.19070434570312,88.69108581542969
20,self_attn,v_proj,3,4,5.399197578430176,3.857638120651245,76.88575744628906,89.1829605102539,59.81565856933594,59.81565856933594,64.66334533691406,67.67251586914062,68.807373046875,72.01212310791016,74.06929016113281,75.53121948242188,77.35421752929688,78.28733825683594,79.4208984375,80.73788452148438,83.57404327392578,85.13475799560547,86.31207275390625,87.59637451171875,89.1829605102539
21,mlp,down_proj,0,1,5.86397647857666,3.966076612472534,83.88313293457031,89.63213348388672,74.44080352783203,74.44080352783203,76.33853149414062,78.82601928710938,81.11309051513672,81.81049346923828,82.46849060058594,83.95133972167969,84.51983642578125,85.27285766601562,85.33274841308594,86.66981506347656,86.69856262207031,87.3930435180664,88.07987976074219,89.58246612548828,89.63213348388672
21,mlp,down_proj,0,2,5.871816635131836,3.968144655227661,84.0078125,89.87982940673828,76.50969696044922,76.50969696044922,77.78746032714844,78.51428985595703,80.76878356933594,81.13343811035156,81.94559478759766,83.5024642944336,84.07649230957031,84.79395294189453,85.77607727050781,86.22142028808594,87.28901672363281,87.61654663085938,88.96305084228516,89.34695434570312,89.87982940673828
21,mlp,down_proj,0,3,5.8662309646606445,3.9686081409454346,83.93754577636719,89.55677795410156,76.39838409423828,76.39838409423828,78.52474975585938,79.3283920288086,80.83566284179688,81.53187561035156,81.9692153930664,82.99009704589844,83.88367462158203,84.33061981201172,84.90444946289062,85.65096282958984,86.73193359375,88.35050201416016,88.81414031982422,89.1993179321289,89.55677795410156
21,mlp,down_proj,0,4,5.885164737701416,3.969435453414917,84.19839477539062,89.81778717041016,76.32333374023438,76.32333374023438,77.11055755615234,79.7843017578125,80.70890808105469,80.7739486694336,82.55508422851562,83.65608215332031,84.4616470336914,85.71747589111328,86.61132049560547,87.05933380126953,87.47628784179688,87.8637924194336,88.07088470458984,89.1834945678711,89.81778717041016
21,mlp,down_proj,1,2,5.827733993530273,3.9599153995513916,83.34284210205078,89.00514221191406,73.49748992919922,73.49748992919922,76.20497131347656,76.24834442138672,80.03465270996094,80.79810333251953,81.63407897949219,83.16293334960938,84.11578369140625,84.45903015136719,86.0158462524414,86.54912567138672,87.02130126953125,87.89192199707031,88.36420440673828,88.48255920410156,89.00514221191406
21,mlp,down_proj,1,3,5.844222545623779,3.9627091884613037,83.5880126953125,89.19368743896484,73.19312286376953,73.19312286376953,76.0902328491211,78.72347259521484,80.21237182617188,81.02395629882812,82.42794799804688,83.72802734375,83.7586669921875,85.0980453491211,85.85543060302734,86.1224136352539,86.94994354248047,87.56587219238281,88.4990463256836,88.96600341796875,89.19368743896484
21,mlp,down_proj,1,4,5.8452277183532715,3.962082862854004,83.5948486328125,89.63048553466797,71.56413269042969,71.56413269042969,76.35919189453125,79.55156707763672,80.7578125,81.72907257080078,81.97754669189453,82.97679138183594,84.36084747314453,85.0688705444336,86.0334243774414,86.45800018310547,86.78178405761719,87.38318634033203,88.11531829833984,88.76953887939453,89.63048553466797
21,mlp,down_proj,2,3,5.869947910308838,3.9683244228363037,83.98440551757812,89.70110321044922,76.061767578125,76.061767578125,78.13434600830078,78.56095123291016,80.72974395751953,81.36045837402344,82.56182098388672,83.40185546875,83.68759155273438,85.02041625976562,85.59563446044922,86.2463150024414,87.3843994140625,87.9999008178711,88.36702728271484,88.93721008300781,89.70110321044922
21,mlp,down_proj,2,4,5.876543998718262,3.9675393104553223,84.06504821777344,89.54203033447266,75.06537628173828,75.06537628173828,76.6727066040039,80.01336669921875,81.05823516845703,81.50878143310547,82.0174560546875,82.54663848876953,84.15596008300781,85.78705596923828,86.0694351196289,86.70306396484375,88.01411437988281,88.24378967285156,88.3984375,89.24437713623047,89.54203033447266
21,mlp,down_proj,3,4,5.880868911743164,3.9708454608917236,84.15397644042969,89.7910385131836,76.13520812988281,76.13520812988281,78.09283447265625,80.09164428710938,81.70722961425781,82.3228988647461,82.56311798095703,83.86565399169922,84.14057922363281,84.71343231201172,85.7820053100586,86.12815856933594,86.67591857910156,87.29227447509766,87.94305419921875,89.2185287475586,89.7910385131836
21,mlp,gate_proj,0,1,5.868502616882324,3.958395004272461,83.86592864990234,89.64152526855469,66.33277130126953,66.33277130126953,76.46469116210938,80.50975036621094,80.94845581054688,82.32608795166016,83.40581512451172,84.30506134033203,85.52115631103516,85.7183609008789,86.4356918334961,86.63300323486328,87.76818084716797,88.2952880859375,88.49787139892578,89.05111694335938,89.64152526855469
21,mlp,gate_proj,0,2,5.889858722686768,3.9619038105010986,84.18690490722656,89.92493438720703,68.40486145019531,68.40486145019531,75.61029815673828,80.48334503173828,81.57716369628906,82.93212127685547,83.7243881225586,84.11131286621094,85.28780364990234,86.29525756835938,86.3521957397461,87.12361907958984,87.96836853027344,88.5305404663086,89.1649398803711,89.4993667602539,89.92493438720703
21,mlp,gate_proj,0,3,5.899837017059326,3.9645681381225586,84.34528350830078,89.61383056640625,67.93180084228516,67.93180084228516,78.16845703125,80.18109893798828,82.77483367919922,83.39179992675781,83.61882019042969,85.13239288330078,85.52354431152344,85.97390747070312,86.367431640625,87.04090881347656,87.53668975830078,88.19953918457031,88.52336883544922,89.54612731933594,89.61383056640625
21,mlp,gate_proj,0,4,5.886258125305176,3.959618330001831,84.1146011352539,89.94380950927734,66.1190414428711,66.1190414428711,76.4751205444336,80.41259002685547,81.30692291259766,83.52304077148438,83.82585144042969,84.94113159179688,85.31831359863281,86.19281768798828,86.61299896240234,87.1226577758789,87.75218963623047,88.27810668945312,88.6968994140625,89.31214141845703,89.94380950927734
21,mlp,gate_proj,1,2,5.854764938354492,3.9564597606658936,83.66730499267578,89.84825134277344,69.78189086914062,69.78189086914062,72.44156646728516,78.13258361816406,81.31449127197266,81.88070678710938,82.41861724853516,83.98857879638672,84.58619689941406,86.07862854003906,86.53071594238281,87.1850814819336,87.76461029052734,88.23933410644531,88.85845184326172,89.62715148925781,89.84825134277344
21,mlp,gate_proj,1,3,5.874445915222168,3.961123466491699,83.97346496582031,89.62236022949219,68.69706726074219,68.69706726074219,75.62366485595703,80.21076965332031,81.31832122802734,82.1374740600586,83.66815948486328,84.22500610351562,85.01146697998047,85.90587615966797,86.25616455078125,86.85027313232422,87.52323150634766,88.39105987548828,88.99969482421875,89.13481140136719,89.62236022949219
21,mlp,gate_proj,1,4,5.885844707489014,3.959503173828125,84.10923767089844,89.78546905517578,67.07512664794922,67.07512664794922,75.71961212158203,79.45911407470703,81.57780456542969,82.61224365234375,83.63237762451172,84.72370910644531,85.67479705810547,86.46955108642578,86.93073272705078,87.18330383300781,87.47650146484375,88.54964447021484,89.33988952636719,89.5379409790039,89.78546905517578
21,mlp,gate_proj,2,3,5.887506008148193,3.963819742202759,84.17437744140625,89.8944320678711,69.624267578125,69.624267578125,76.18115997314453,80.32012176513672,82.25029754638672,82.58190155029297,83.07341766357422,83.95366668701172,85.16356658935547,85.98143768310547,86.70003509521484,87.34760284423828,87.59049987792969,88.20597839355469,88.37474822998047,89.54691314697266,89.8944320678711
21,mlp,gate_proj,2,4,5.885688781738281,3.963202953338623,84.14454650878906,89.97236633300781,69.83058166503906,69.83058166503906,76.86966705322266,78.63938903808594,81.53048706054688,81.91328430175781,83.5049057006836,84.32657623291016,85.40479278564453,85.71533203125,87.03015899658203,87.33779907226562,87.97123718261719,88.16796112060547,88.9032211303711,89.19499206542969,89.97236633300781
21,mlp,gate_proj,3,4,5.8872389793396,3.9623758792877197,84.15667724609375,89.9776611328125,68.6320571899414,68.6320571899414,77.64837646484375,79.09888458251953,80.70098876953125,83.02350616455078,83.19209289550781,83.6613998413086,85.24858093261719,86.24919128417969,87.22767639160156,87.66889190673828,87.73529052734375,88.32477569580078,88.64103698730469,89.47634887695312,89.9776611328125
21,mlp,up_proj,0,1,5.897021770477295,3.967850923538208,84.34124755859375,89.76184844970703,71.95132446289062,71.95132446289062,77.76123809814453,79.12450408935547,81.70983123779297,82.72479248046875,83.69951629638672,84.53956604003906,85.47525787353516,85.91442108154297,86.44705963134766,87.06804656982422,87.3840103149414,88.12391662597656,88.69314575195312,89.08155059814453,89.76184844970703
21,mlp,up_proj,0,2,5.899322032928467,3.9714415073394775,84.40663146972656,89.73637390136719,74.38175201416016,74.38175201416016,78.41310119628906,80.35401153564453,82.54076385498047,82.67572784423828,83.63265228271484,84.13822937011719,84.626220703125,84.76374816894531,85.71038818359375,86.48930358886719,87.28636169433594,87.96060180664062,88.32215118408203,89.4747085571289,89.73637390136719
21,mlp,up_proj,0,3,5.916289329528809,3.973172426223755,84.65103149414062,89.9480972290039,74.36072540283203,74.36072540283203,79.26603698730469,81.15778350830078,81.28811645507812,83.39379119873047,83.80772399902344,83.97029113769531,84.74307250976562,85.88224792480469,86.32907104492188,86.96346282958984,87.82328796386719,88.05506896972656,88.61402893066406,88.8137435913086,89.9480972290039
21,mlp,up_proj,0,4,5.914179801940918,3.9719486236572266,84.61087036132812,89.51483917236328,73.97677612304688,73.97677612304688,76.95561981201172,81.33808898925781,82.65827178955078,82.90052795410156,83.94203186035156,84.50164031982422,85.57013702392578,85.74466705322266,86.3389892578125,87.185546875,87.67210388183594,88.03176879882812,88.5040512084961,88.93894958496094,89.51483917236328
21,mlp,up_proj,1,2,5.879837512969971,3.9646921157836914,84.08106994628906,89.81523895263672,71.86421203613281,71.86421203613281,75.30157470703125,79.51347351074219,80.96997833251953,82.82533264160156,83.37989807128906,84.50135040283203,85.23564910888672,85.67430877685547,86.49745178222656,86.93462371826172,87.52516174316406,87.58964538574219,87.95933532714844,89.70992279052734,89.81523895263672
21,mlp,up_proj,1,3,5.904798984527588,3.969119071960449,84.45790100097656,89.53675842285156,72.88648223876953,72.88648223876953,76.43950653076172,80.97709655761719,81.7464370727539,82.50589752197266,84.01071166992188,84.7980728149414,85.04200744628906,85.27175903320312,86.5596694946289,86.97337341308594,88.06964874267578,88.46846008300781,88.7313003540039,89.3093032836914,89.53675842285156
21,mlp,up_proj,1,4,5.893523693084717,3.966205596923828,84.27816772460938,89.67778778076172,70.48344421386719,70.48344421386719,77.96631622314453,80.41262817382812,81.31179809570312,82.52140808105469,82.69168853759766,84.3458480834961,85.43374633789062,85.84740447998047,86.53246307373047,87.33238983154297,87.62232208251953,88.1514892578125,88.91413879394531,89.20573425292969,89.67778778076172
21,mlp,up_proj,2,3,5.902721881866455,3.9709510803222656,84.44774627685547,89.887451171875,74.1661376953125,74.1661376953125,78.84520721435547,79.74217987060547,81.58438873291016,82.66132354736328,83.26057434082031,84.0137939453125,84.8670883178711,85.72476196289062,86.20404815673828,86.55522918701172,87.27484130859375,88.126220703125,88.51551818847656,89.73515319824219,89.887451171875
21,mlp,up_proj,2,4,5.910824775695801,3.9716360569000244,84.56297302246094,89.8827133178711,74.08232116699219,74.08232116699219,78.29113006591797,79.62828063964844,81.4428482055664,83.61026763916016,84.06358337402344,85.04390716552734,85.19120788574219,85.60655212402344,85.95479583740234,86.83566284179688,87.4723892211914,88.37937927246094,88.67455291748047,88.8480224609375,89.8827133178711
21,mlp,up_proj,3,4,5.916250228881836,3.973602056503296,84.65453338623047,89.62666320800781,74.65572357177734,74.65572357177734,78.8759765625,80.98191833496094,82.1585922241211,83.1470718383789,83.83196258544922,84.47211456298828,84.6843032836914,86.043701171875,86.52957153320312,86.72770690917969,87.40130615234375,87.53791046142578,88.61249542236328,89.18549346923828,89.62666320800781
21,self_attn,k_proj,0,1,5.270867347717285,3.8182835578918457,74.94647216796875,89.16156005859375,58.468048095703125,58.468048095703125,62.38357162475586,63.08672332763672,65.5948257446289,68.7876968383789,72.03652954101562,72.94100952148438,74.87857055664062,75.15154266357422,77.9899673461914,80.98941802978516,81.74238586425781,83.59673309326172,84.96939849853516,87.3655014038086,89.16156005859375
21,self_attn,k_proj,0,2,5.382427215576172,3.8368136882781982,76.4619140625,89.4292221069336,55.55537414550781,55.55537414550781,60.77159118652344,66.49392700195312,67.8694839477539,70.89082336425781,72.7686767578125,75.36811828613281,75.99931335449219,77.86351776123047,80.26879119873047,83.53103637695312,84.42373657226562,86.48346710205078,86.8106460571289,88.86287689208984,89.4292221069336
21,self_attn,k_proj,0,3,5.278465747833252,3.81667423248291,75.01834869384766,89.71366119384766,57.60146713256836,57.60146713256836,61.61778259277344,64.2125244140625,64.40882873535156,69.17283630371094,70.47610473632812,73.41060638427734,75.89312744140625,76.18346405029297,78.35546875,79.9212875366211,82.32527160644531,83.78484344482422,86.17401885986328,87.04229736328125,89.71366119384766
21,self_attn,k_proj,0,4,5.300570964813232,3.828763246536255,75.40542602539062,89.5184555053711,58.61644744873047,58.61644744873047,62.00629806518555,64.43868255615234,69.03706359863281,69.5322494506836,71.8313980102539,72.57818603515625,75.3981704711914,76.72418212890625,78.14299774169922,79.8812484741211,82.65104675292969,84.3766098022461,85.7930908203125,85.96070098876953,89.5184555053711
21,self_attn,k_proj,1,2,5.292642593383789,3.8163535594940186,75.1802749633789,89.27584075927734,55.966609954833984,55.966609954833984,62.27889633178711,63.20478439331055,65.89229583740234,68.77339935302734,69.7032470703125,73.38569641113281,75.74262237548828,77.36537170410156,78.50798797607422,82.02117919921875,82.66837310791016,83.14706420898438,86.4958267211914,88.45513916015625,89.27584075927734
21,self_attn,k_proj,1,3,5.25955867767334,3.806687831878662,74.68573760986328,89.27620697021484,54.693058013916016,54.693058013916016,60.36880111694336,64.93873596191406,66.02638244628906,67.101806640625,70.59657287597656,72.19515991210938,72.93175506591797,76.55736541748047,79.68940734863281,80.60237121582031,83.44053649902344,84.55923461914062,85.75963592529297,86.23482513427734,89.27620697021484
21,self_attn,k_proj,1,4,5.352413654327393,3.843046188354492,76.17401123046875,89.89728546142578,60.22157669067383,60.22157669067383,63.039302825927734,65.20109558105469,69.14885711669922,71.03330993652344,71.9066390991211,73.9218521118164,76.10183715820312,77.6033706665039,78.66656494140625,81.03775787353516,82.91573333740234,84.5560531616211,86.30366516113281,87.22916412353516,89.89728546142578
21,self_attn,k_proj,2,3,5.3622283935546875,3.8348679542541504,76.20782470703125,89.72811126708984,59.170772552490234,59.170772552490234,61.37919235229492,63.7950439453125,67.67711639404297,70.49977111816406,71.87042999267578,73.52446746826172,75.60497283935547,77.45867156982422,80.42355346679688,81.91437530517578,84.5171127319336,85.76339721679688,87.31376647949219,88.68441772460938,89.72811126708984
21,self_attn,k_proj,2,4,5.3993635177612305,3.8527588844299316,76.837158203125,89.80966186523438,57.98326873779297,57.98326873779297,64.83450317382812,68.17635345458984,69.74459075927734,71.33380889892578,72.35687255859375,74.250244140625,75.08611297607422,78.41874694824219,81.5814208984375,82.97087860107422,83.97925567626953,84.42329406738281,86.62947845458984,87.81610870361328,89.80966186523438
21,self_attn,k_proj,3,4,5.344355583190918,3.8253767490386963,75.88013458251953,89.89591217041016,53.4886589050293,53.4886589050293,61.56707763671875,65.25859069824219,65.4949951171875,71.10890197753906,72.01232147216797,75.17503356933594,76.24430847167969,78.82990264892578,79.65589904785156,82.02301025390625,82.58908081054688,85.17377471923828,86.74857330322266,88.81605529785156,89.89591217041016
21,self_attn,o_proj,0,1,5.732047080993652,3.9457650184631348,81.95147705078125,89.6915054321289,72.70792388916016,72.70792388916016,74.10774230957031,76.08794403076172,77.58277893066406,78.78186798095703,79.84366607666016,80.14064025878906,81.85179138183594,83.13045501708984,84.10176849365234,84.7754135131836,85.4822006225586,86.6723861694336,87.40303039550781,88.862548828125,89.6915054321289
21,self_attn,o_proj,0,2,5.753537178039551,3.950667142868042,82.27876281738281,89.72007751464844,73.7733383178711,73.7733383178711,74.82750701904297,77.09146118164062,78.66302490234375,79.59542083740234,79.97013854980469,80.56832122802734,81.30821228027344,82.28693389892578,84.3637924194336,85.37086486816406,85.92791748046875,87.22662353515625,87.38787841796875,88.37872314453125,89.72007751464844
21,self_attn,o_proj,0,3,5.791003704071045,3.954732656478882,82.80870819091797,89.70929718017578,73.1904067993164,73.1904067993164,74.84492492675781,77.5842056274414,78.77096557617188,79.54956817626953,80.74504852294922,82.74836730957031,83.2760009765625,83.84563446044922,84.2642822265625,85.0111312866211,86.95140075683594,87.25419616699219,88.0792465209961,89.11466979980469,89.70929718017578
21,self_attn,o_proj,0,4,5.811610698699951,3.961643695831299,83.1463623046875,89.75621795654297,76.09917449951172,76.09917449951172,77.15036010742188,77.90599060058594,79.90725708007812,80.83711242675781,81.50732421875,81.7839584350586,82.27134704589844,83.31571197509766,84.70365142822266,85.5564193725586,85.8819351196289,86.78515625,88.15828704833984,88.72186279296875,89.75621795654297
21,self_attn,o_proj,1,2,5.743750095367432,3.9495582580566406,82.14032745361328,89.83357238769531,73.0596923828125,73.0596923828125,75.73332214355469,77.14366149902344,78.4565658569336,79.00572967529297,79.86001586914062,80.6408462524414,81.89006042480469,82.63243103027344,83.08431243896484,84.171142578125,85.81848907470703,87.07608795166016,87.24829864501953,88.59101867675781,89.83357238769531
21,self_attn,o_proj,1,3,5.758854389190674,3.951613187789917,82.35716247558594,89.64192962646484,73.10295867919922,73.10295867919922,76.38513946533203,77.19928741455078,78.21455383300781,78.38079071044922,79.86006927490234,80.89539337158203,82.5770263671875,83.64928436279297,84.03424072265625,85.46759033203125,85.984375,86.67622375488281,87.12710571289062,88.51868438720703,89.64192962646484
21,self_attn,o_proj,1,4,5.806176662445068,3.95719051361084,83.03244018554688,89.87318420410156,74.42362213134766,74.42362213134766,75.94992065429688,76.8742446899414,78.5156478881836,80.10143280029297,80.86305236816406,81.58478546142578,82.94474792480469,84.11085510253906,85.46005249023438,86.44389343261719,86.8665542602539,87.4037094116211,88.04158782958984,89.06179809570312,89.87318420410156
21,self_attn,o_proj,2,3,5.761322498321533,3.949083089828491,82.36538696289062,89.71276092529297,71.8576889038086,71.8576889038086,75.14909362792969,77.02193450927734,78.32791900634766,78.78605651855469,79.5522232055664,81.36308288574219,82.3999252319336,83.21296691894531,83.86859130859375,84.9043197631836,86.36617279052734,87.65475463867188,88.29988861083984,89.36881256103516,89.71276092529297
21,self_attn,o_proj,2,4,5.775059700012207,3.9529600143432617,82.58226776123047,89.7199478149414,72.98848724365234,72.98848724365234,75.4178466796875,77.06989288330078,77.86499786376953,80.01666259765625,80.32307434082031,82.22193908691406,82.63264465332031,84.1729965209961,84.6948013305664,85.05329132080078,85.5173110961914,86.4064712524414,87.94894409179688,89.26702117919922,89.7199478149414
21,self_attn,o_proj,3,4,5.795001983642578,3.9567770957946777,82.88094329833984,89.67340087890625,73.66481018066406,73.66481018066406,76.3252944946289,77.27445220947266,79.5952377319336,80.11273956298828,81.0146484375,82.06834411621094,82.67874908447266,83.33360290527344,84.3045883178711,85.22925567626953,86.00627136230469,87.15637969970703,88.25446319580078,89.4028549194336,89.67340087890625
21,self_attn,q_proj,0,1,5.5625104904174805,3.9033937454223633,79.369140625,89.88211059570312,65.864501953125,65.864501953125,69.36161804199219,72.05496215820312,72.87389373779297,74.72645568847656,77.29791259765625,77.9283447265625,78.2492904663086,78.79088592529297,81.1446533203125,84.12452697753906,84.50511169433594,85.90180206298828,88.31605529785156,88.88412475585938,89.88211059570312
21,self_attn,q_proj,0,2,5.578441619873047,3.9069106578826904,79.60331726074219,89.43122863769531,65.68606567382812,65.68606567382812,69.38289642333984,72.8122329711914,73.03666687011719,74.29723358154297,76.58295440673828,77.6725082397461,79.41777801513672,80.71803283691406,83.7666244506836,84.28617095947266,85.04978942871094,85.79347229003906,87.20929718017578,88.51007843017578,89.43122863769531
21,self_attn,q_proj,0,3,5.506085395812988,3.8944506645202637,78.5753173828125,89.41050720214844,66.85672760009766,66.85672760009766,69.98371887207031,70.60948944091797,71.39813995361328,72.98001861572266,74.7790756225586,75.99530792236328,78.51795196533203,79.46845245361328,81.44244384765625,82.66698455810547,83.71192932128906,84.83993530273438,86.5903091430664,87.95404815673828,89.41050720214844
21,self_attn,q_proj,0,4,5.627305507659912,3.9176104068756104,80.32672882080078,89.50810241699219,67.32647705078125,67.32647705078125,68.01576232910156,71.85943603515625,75.11233520507812,76.46056365966797,78.35834503173828,79.72919464111328,82.41690063476562,82.54364776611328,83.43262481689453,84.16673278808594,85.0704345703125,86.18441009521484,87.28128814697266,87.76139831542969,89.50810241699219
21,self_attn,q_proj,1,2,5.566681861877441,3.9031264781951904,79.41812896728516,89.70771026611328,66.43879699707031,66.43879699707031,68.76910400390625,69.95777893066406,72.5385513305664,74.17893981933594,76.91829681396484,77.88499450683594,80.11966705322266,81.14828491210938,82.61632537841797,83.22356414794922,85.47050476074219,86.19634246826172,87.04464721679688,88.47650146484375,89.70771026611328
21,self_attn,q_proj,1,3,5.571362018585205,3.9023489952087402,79.4661865234375,89.51079559326172,62.81825637817383,62.81825637817383,69.28765106201172,72.1815185546875,72.98283386230469,76.13973999023438,76.36279296875,78.00077056884766,79.01293182373047,80.71510314941406,82.91797637939453,83.93998718261719,84.9793701171875,86.5454330444336,87.98554992675781,88.07826232910156,89.51079559326172
21,self_attn,q_proj,1,4,5.590064525604248,3.9055206775665283,79.73463439941406,89.41192626953125,64.94075775146484,64.94075775146484,67.95294189453125,70.18333435058594,73.87899017333984,74.18912506103516,77.39064025878906,79.90653228759766,80.84198760986328,82.31034851074219,83.04224395751953,83.9288101196289,85.67086029052734,86.39012908935547,87.13671875,88.57877349853516,89.41192626953125
21,self_attn,q_proj,2,3,5.5996270179748535,3.91263747215271,79.92698669433594,89.83328247070312,65.55572509765625,65.55572509765625,70.63457489013672,72.43675994873047,74.59224700927734,75.41876220703125,77.25637817382812,77.63423156738281,80.30689239501953,82.25557708740234,82.43772888183594,83.6351547241211,85.13987731933594,86.70924377441406,87.07627868652344,87.9090576171875,89.83328247070312
21,self_attn,q_proj,2,4,5.591375350952148,3.907989025115967,79.77742004394531,89.71469116210938,66.55236053466797,66.55236053466797,68.52904510498047,70.09825897216797,74.12407684326172,75.78279113769531,76.8268814086914,78.3781967163086,80.21480560302734,80.78626251220703,83.04813385009766,84.36539459228516,85.54181671142578,86.50008392333984,86.91996765136719,89.0560073852539,89.71469116210938
21,self_attn,q_proj,3,4,5.642325401306152,3.9209671020507812,80.55282592773438,89.76202392578125,67.56722259521484,67.56722259521484,70.60833740234375,71.86441802978516,74.43376922607422,76.14448547363281,79.08360290527344,79.91057586669922,81.06084442138672,82.36275482177734,83.42694854736328,84.31391143798828,85.06430053710938,86.64018249511719,88.12458801269531,88.4772720336914,89.76202392578125
21,self_attn,v_proj,0,1,5.403552055358887,3.8662829399108887,77.03173828125,88.81117248535156,64.02069091796875,64.02069091796875,65.90534210205078,68.4438705444336,70.34929656982422,71.8914794921875,72.72776794433594,74.47451782226562,76.3596420288086,78.63912963867188,79.49687194824219,81.01063537597656,81.18179321289062,85.13317108154297,86.37258911132812,87.68987274169922,88.81117248535156
21,self_attn,v_proj,0,2,5.419394493103027,3.854166030883789,77.09720611572266,89.68276977539062,59.23497772216797,59.23497772216797,63.16942596435547,67.50076293945312,68.89665222167969,71.45340728759766,72.91799926757812,75.36284637451172,76.24334716796875,78.85018920898438,80.14649963378906,83.06546020507812,84.80291748046875,86.77128601074219,87.03224182128906,88.42452239990234,89.68276977539062
21,self_attn,v_proj,0,3,5.412424564361572,3.864926338195801,77.12654113769531,89.69470977783203,63.87797546386719,63.87797546386719,65.69129180908203,67.81388092041016,69.41548919677734,70.78165435791016,73.34538269042969,74.86109924316406,77.3167724609375,78.34195709228516,80.41381072998047,81.16630554199219,82.38494873046875,83.59502410888672,86.83767700195312,88.48655700683594,89.69470977783203
21,self_attn,v_proj,0,4,5.445377826690674,3.877171754837036,77.65064239501953,89.85734558105469,63.513065338134766,63.513065338134766,66.9803695678711,69.02069854736328,70.65370178222656,73.40235900878906,75.40400695800781,76.19868469238281,76.72505187988281,79.17656707763672,80.45281982421875,81.16604614257812,82.86136627197266,83.85364532470703,84.48792266845703,88.65660858154297,89.85734558105469
21,self_attn,v_proj,1,2,5.457517147064209,3.8737196922302246,77.76350402832031,89.87287139892578,62.43803405761719,62.43803405761719,65.97915649414062,67.6629409790039,69.35041046142578,73.07038116455078,74.91056060791016,76.73265075683594,77.69877624511719,79.87571716308594,82.07276916503906,82.68804931640625,83.32669830322266,84.59800720214844,85.69502258300781,88.24409484863281,89.87287139892578
21,self_attn,v_proj,1,3,5.337606906890869,3.8459434509277344,76.02915954589844,89.19497680664062,63.052711486816406,63.052711486816406,64.56641387939453,65.20303344726562,69.16133880615234,69.8995361328125,71.6127700805664,73.78388214111328,74.95433044433594,76.61354064941406,79.41204833984375,81.21723175048828,81.85540771484375,83.042236328125,85.88397216796875,87.01313781738281,89.19497680664062
21,self_attn,v_proj,1,4,5.527806758880615,3.8899803161621094,78.80029296875,89.79251098632812,63.51741027832031,63.51741027832031,68.75080871582031,70.56719207763672,71.10289001464844,72.34957122802734,75.71294403076172,76.3396987915039,77.98606872558594,79.61455535888672,82.86006927490234,84.2857437133789,85.60346984863281,86.37399291992188,87.59797668457031,88.34982299804688,89.79251098632812
21,self_attn,v_proj,2,3,5.4037556648254395,3.8550703525543213,76.91361236572266,89.96669006347656,59.860450744628906,59.860450744628906,63.804264068603516,65.17913818359375,69.30612182617188,71.08338928222656,74.48624420166016,75.03558349609375,77.55284881591797,80.50914764404297,81.63848876953125,82.48236083984375,82.73514556884766,83.62487030029297,86.28657531738281,87.06647491455078,89.96669006347656
21,self_attn,v_proj,2,4,5.435494422912598,3.864659070968628,77.40318298339844,89.66551971435547,61.16502380371094,61.16502380371094,64.56707763671875,68.5931396484375,71.08548736572266,71.65689849853516,73.26182556152344,74.8465805053711,77.35448455810547,78.1141128540039,79.7046127319336,82.29631042480469,84.30895233154297,85.88113403320312,86.70057678222656,89.24925994873047,89.66551971435547
21,self_attn,v_proj,3,4,5.421116352081299,3.8618321418762207,77.19920349121094,89.55424499511719,62.9715461730957,62.9715461730957,63.55692672729492,67.15176391601562,69.09932708740234,71.23957824707031,73.88851165771484,75.22449493408203,76.53245544433594,78.78202819824219,80.98551177978516,83.10417175292969,83.30465698242188,84.4601821899414,86.69170379638672,88.64016723632812,89.55424499511719
22,mlp,down_proj,0,1,5.88409948348999,3.9704976081848145,84.19408416748047,89.64602661132812,76.06646728515625,76.06646728515625,79.00794982910156,79.35767364501953,81.15666198730469,81.82630920410156,82.30473327636719,83.09418487548828,83.94524383544922,85.57167053222656,85.84961700439453,86.6871337890625,87.05670166015625,88.14938354492188,88.41317749023438,88.97240447998047,89.64602661132812
22,mlp,down_proj,0,2,5.862802982330322,3.965916156768799,83.86605834960938,89.66402435302734,74.25022888183594,74.25022888183594,77.21569061279297,79.08491516113281,79.9682388305664,81.37704467773438,83.037353515625,83.55754852294922,83.88871002197266,85.01331329345703,85.69650268554688,86.72342681884766,87.09931182861328,87.79666900634766,88.38359069824219,89.10032653808594,89.66402435302734
22,mlp,down_proj,0,3,5.870938301086426,3.9671854972839355,83.98680114746094,89.90858459472656,74.34394073486328,74.34394073486328,78.44480895996094,79.76912689208984,80.2959213256836,81.24261474609375,82.53079223632812,83.73774719238281,83.9041976928711,84.45579528808594,85.12847137451172,85.81084442138672,87.22825622558594,88.50592041015625,89.05030822753906,89.4315185546875,89.90858459472656
22,mlp,down_proj,0,4,5.911736488342285,3.9737648963928223,84.59561920166016,89.63822174072266,76.52194213867188,76.52194213867188,78.40438842773438,79.69828033447266,81.5488052368164,82.70014953613281,84.05426025390625,84.65876770019531,85.4039535522461,85.59443664550781,86.14704132080078,86.61174011230469,87.20938110351562,87.75025177001953,88.2507553100586,89.33759307861328,89.63822174072266
22,mlp,down_proj,1,2,5.885835647583008,3.9681129455566406,84.1942138671875,89.96810150146484,72.82085418701172,72.82085418701172,78.51850891113281,80.26197052001953,81.17416381835938,82.17198181152344,83.35527801513672,83.61234283447266,84.00755310058594,84.79511260986328,86.06185913085938,86.64382934570312,87.56865692138672,88.13374328613281,88.83690643310547,89.17658233642578,89.96810150146484
22,mlp,down_proj,1,3,5.866286277770996,3.964872360229492,83.90204620361328,89.9357681274414,71.89805603027344,71.89805603027344,78.62947082519531,79.08470153808594,80.2768783569336,82.50469207763672,82.81440734863281,83.42801666259766,83.94363403320312,84.44586181640625,85.97502136230469,86.61632537841797,87.02542877197266,87.36833190917969,88.70421600341797,89.78194427490234,89.9357681274414
22,mlp,down_proj,1,4,5.878805637359619,3.9681649208068848,84.10075378417969,89.99273681640625,73.18401336669922,73.18401336669922,79.32063293457031,79.98936462402344,81.53170776367188,82.20178985595703,82.71089172363281,83.24827575683594,84.01560974121094,85.00485229492188,85.27344512939453,85.77266693115234,86.6439437866211,88.29965209960938,88.95540618896484,89.467041015625,89.99273681640625
22,mlp,down_proj,2,3,5.872988224029541,3.9673855304718018,84.01579284667969,89.68096160888672,74.03240203857422,74.03240203857422,77.7695083618164,79.13899230957031,81.12300109863281,81.76656341552734,82.25460815429688,84.16854095458984,84.84716033935547,85.11959075927734,86.02857971191406,86.1922836303711,86.51099395751953,87.26465606689453,88.89173889160156,89.46318817138672,89.68096160888672
22,mlp,down_proj,2,4,5.84195613861084,3.9648048877716064,83.57772064208984,89.44109344482422,73.59825134277344,73.59825134277344,77.90460205078125,79.24693298339844,80.5380630493164,81.86997985839844,82.36306762695312,82.65170288085938,84.1734390258789,84.48836517333984,85.12713623046875,85.84310150146484,86.36859130859375,86.8697738647461,87.90101623535156,88.85846710205078,89.44109344482422
22,mlp,down_proj,3,4,5.860429763793945,3.965657949447632,83.83181762695312,89.86589813232422,73.40819549560547,73.40819549560547,78.01264953613281,79.91511535644531,80.58444213867188,81.40682220458984,81.6562728881836,83.00873565673828,84.22736358642578,84.63024139404297,85.56747436523438,86.52629089355469,87.41421508789062,87.66459655761719,88.50879669189453,88.91205596923828,89.86589813232422
22,mlp,gate_proj,0,1,5.8957600593566895,3.9646174907684326,84.29376220703125,89.86033630371094,71.4471206665039,71.4471206665039,75.78547668457031,78.6102294921875,80.45135498046875,82.37373352050781,83.86327362060547,84.86491394042969,86.00885772705078,86.54749298095703,86.75404357910156,87.1781234741211,87.67195129394531,88.4612045288086,89.25176239013672,89.57035827636719,89.86033630371094
22,mlp,gate_proj,0,2,5.874882698059082,3.9617722034454346,83.98672485351562,89.9436264038086,70.37947082519531,70.37947082519531,75.51458740234375,78.04086303710938,81.59696960449219,82.38074493408203,83.16484069824219,84.46163177490234,84.5228500366211,85.38704681396484,86.90972900390625,87.32764434814453,87.7407455444336,88.2281723022461,88.9166488647461,89.2720947265625,89.9436264038086
22,mlp,gate_proj,0,3,5.873225212097168,3.962902069091797,83.975341796875,89.93318939208984,70.93204498291016,70.93204498291016,75.17887878417969,78.84583282470703,81.06063842773438,83.43363952636719,83.7314453125,84.16746520996094,84.9083480834961,85.1174087524414,86.0866928100586,87.10673522949219,87.3427734375,88.31797790527344,88.55641174316406,88.88587188720703,89.93318939208984
22,mlp,gate_proj,0,4,5.896552085876465,3.962263345718384,84.28131103515625,89.9470443725586,70.1019515991211,70.1019515991211,74.34068298339844,78.7835464477539,81.8235092163086,82.4699935913086,83.3667984008789,85.1880111694336,85.96783447265625,86.3919906616211,86.45372772216797,87.7106704711914,88.127197265625,88.5141830444336,89.47340393066406,89.84044647216797,89.9470443725586
22,mlp,gate_proj,1,2,5.889221668243408,3.966538667678833,84.22409057617188,89.88514709472656,71.58173370361328,71.58173370361328,77.20136260986328,79.00933837890625,81.45623016357422,82.83543395996094,83.92752075195312,84.64612579345703,85.5638656616211,85.73394012451172,86.10935974121094,86.6385498046875,87.35884094238281,87.91976165771484,88.76200866699219,88.95623779296875,89.88514709472656
22,mlp,gate_proj,1,3,5.881837844848633,3.9650344848632812,84.11093139648438,89.61099243164062,71.15107727050781,71.15107727050781,76.99864196777344,79.53569793701172,80.67249298095703,82.4335708618164,83.46508026123047,84.5645980834961,84.89204406738281,85.32759857177734,86.39228820800781,86.972412109375,87.27547454833984,88.40415954589844,88.78974914550781,89.28907775878906,89.61099243164062
22,mlp,gate_proj,1,4,5.87410306930542,3.9643845558166504,84.00129699707031,89.42925262451172,71.33533477783203,71.33533477783203,76.19507598876953,79.29159545898438,80.9715347290039,82.27193450927734,83.40332794189453,84.41838073730469,85.46312713623047,85.6529541015625,86.38410186767578,86.51220703125,87.15764617919922,87.96930694580078,88.65021514892578,88.91475677490234,89.42925262451172
22,mlp,gate_proj,2,3,5.9050469398498535,3.967303514480591,84.4429702758789,89.89239501953125,70.21834564208984,70.21834564208984,78.70629119873047,79.81008911132812,81.18357849121094,83.32295989990234,84.00276184082031,84.93538665771484,85.72692108154297,86.16451263427734,86.52568817138672,86.92002868652344,87.20301818847656,88.03852081298828,88.85710144042969,89.57987213134766,89.89239501953125
22,mlp,gate_proj,2,4,5.89717960357666,3.965528964996338,84.32113647460938,89.52699279785156,71.22357177734375,71.22357177734375,76.30953216552734,78.23507690429688,81.48936462402344,82.86193084716797,84.10648345947266,85.05732727050781,85.71662139892578,86.07905578613281,87.02649688720703,87.23267364501953,87.84918975830078,88.64921569824219,88.73326110839844,89.04144287109375,89.52699279785156
22,mlp,gate_proj,3,4,5.89226770401001,3.9648869037628174,84.24908447265625,89.85401153564453,70.80435180664062,70.80435180664062,76.38139343261719,79.35144805908203,80.82093811035156,83.20039367675781,83.35309600830078,84.81580352783203,85.24391174316406,85.98245239257812,86.56625366210938,87.0074462890625,87.58345031738281,88.55638122558594,88.87364196777344,89.59041595458984,89.85401153564453
22,mlp,up_proj,0,1,5.905435085296631,3.9696569442749023,84.47161102294922,89.70820617675781,72.9094467163086,72.9094467163086,77.82183074951172,79.85851287841797,81.37583923339844,83.2219467163086,83.74378204345703,84.54680633544922,84.8767318725586,86.03634643554688,86.18099975585938,87.04039001464844,87.96497344970703,88.43317413330078,88.72607421875,89.10073852539062,89.70820617675781
22,mlp,up_proj,0,2,5.89967155456543,3.97216796875,84.41841125488281,89.97098541259766,75.29472351074219,75.29472351074219,79.27046203613281,80.65567779541016,81.20549774169922,82.4691390991211,83.14338684082031,83.90142059326172,84.80811309814453,85.06926727294922,85.56549835205078,86.17385864257812,87.04576873779297,88.16242980957031,88.93844604492188,89.01998901367188,89.97098541259766
22,mlp,up_proj,0,3,5.910521507263184,3.9722344875335693,84.56416320800781,89.52863311767578,73.24290466308594,73.24290466308594,79.52069854736328,80.80882263183594,81.16722869873047,83.53839111328125,84.30293273925781,84.65428924560547,85.20073699951172,85.84172821044922,85.95350646972656,86.99945068359375,87.45835876464844,87.92288970947266,88.13912963867188,88.74691009521484,89.52863311767578
22,mlp,up_proj,0,4,5.90778923034668,3.9723961353302,84.52926635742188,89.43690490722656,74.07463836669922,74.07463836669922,79.70402526855469,80.44525909423828,81.81646728515625,82.47460174560547,83.38137817382812,83.84330749511719,85.2135009765625,86.04480743408203,86.44937896728516,86.87283325195312,87.26522827148438,88.08885192871094,88.61149597167969,88.74560546875,89.43690490722656
22,mlp,up_proj,1,2,5.929955005645752,3.97379994392395,84.84129333496094,89.9427719116211,74.39410400390625,74.39410400390625,80.02978515625,80.64878845214844,80.700439453125,82.7968978881836,83.89144897460938,85.162353515625,85.35028076171875,86.27758026123047,86.42144012451172,87.31429290771484,87.6093978881836,88.23120880126953,89.02661895751953,89.66326141357422,89.9427719116211
22,mlp,up_proj,1,3,5.918942451477051,3.9738078117370605,84.69297790527344,89.79541778564453,75.55658721923828,75.55658721923828,78.63247680664062,80.15030670166016,82.11441802978516,82.868896484375,84.17501068115234,84.48548126220703,84.91210174560547,85.73575592041016,86.16474914550781,86.64464569091797,87.65805053710938,88.27404022216797,88.36199188232422,89.55774688720703,89.79541778564453
22,mlp,up_proj,1,4,5.93737268447876,3.975321054458618,84.9559326171875,89.82450103759766,76.22341918945312,76.22341918945312,77.80691528320312,80.29743957519531,82.27214813232422,83.36912536621094,84.55570220947266,85.29663848876953,85.62846374511719,85.96650695800781,86.51409149169922,86.90676879882812,87.9493179321289,88.46260833740234,88.69886779785156,89.52251434326172,89.82450103759766
22,mlp,up_proj,2,3,5.951992511749268,3.977440595626831,85.1737060546875,89.89340209960938,76.07197570800781,76.07197570800781,80.10250091552734,80.9191665649414,82.66963958740234,82.97361755371094,83.22437286376953,85.36708068847656,86.02290344238281,86.2774887084961,86.98714447021484,87.87238311767578,88.02601623535156,88.14916229248047,89.00938415527344,89.21309661865234,89.89340209960938
22,mlp,up_proj,2,4,5.9147257804870605,3.973134994506836,84.62991333007812,89.5757064819336,75.96747589111328,75.96747589111328,77.4052505493164,80.678466796875,81.8948974609375,83.43680572509766,83.77571868896484,83.9158935546875,84.81201934814453,85.27571105957031,85.87654113769531,87.23666381835938,87.4184341430664,88.4267349243164,89.14624786376953,89.23600769042969,89.5757064819336
22,mlp,up_proj,3,4,5.926169395446777,3.9743971824645996,84.79586791992188,89.79291534423828,75.01435089111328,75.01435089111328,79.64409637451172,80.7285385131836,81.5506362915039,82.59862518310547,84.04911041259766,84.3824462890625,85.66641998291016,85.95784759521484,86.38179016113281,87.20589447021484,87.80842590332031,87.99209594726562,88.49434661865234,89.46625518798828,89.79291534423828
22,self_attn,k_proj,0,1,5.2584381103515625,3.801703929901123,74.60771942138672,87.47067260742188,52.500221252441406,52.500221252441406,59.27330017089844,62.55720901489258,65.95338439941406,66.92909240722656,70.77478790283203,72.68934631347656,75.27716064453125,79.33480072021484,80.31787109375,81.26164245605469,83.043701171875,84.45391082763672,85.27873229980469,86.60768127441406,87.47067260742188
22,self_attn,k_proj,0,2,5.257824420928955,3.7916641235351562,74.49182891845703,88.93079376220703,51.82231903076172,51.82231903076172,57.03324890136719,59.59733200073242,65.95077514648438,68.3916015625,71.23128509521484,73.25265502929688,75.6058349609375,76.58744049072266,78.90196990966797,81.11174011230469,83.55033874511719,85.76532745361328,86.07464599609375,88.06197357177734,88.93079376220703
22,self_attn,k_proj,0,3,5.218363285064697,3.7908334732055664,74.03553771972656,89.45272827148438,55.026893615722656,55.026893615722656,58.21987533569336,60.710609436035156,64.70747375488281,67.57967376708984,69.9736557006836,71.8235092163086,72.80631256103516,77.07785034179688,79.112548828125,80.98491668701172,81.95790100097656,83.04583740234375,85.35948181152344,86.7293701171875,89.45272827148438
22,self_attn,k_proj,0,4,5.280509948730469,3.809688091278076,74.97271728515625,89.19818878173828,56.86288070678711,56.86288070678711,62.362548828125,63.263790130615234,65.12704467773438,65.77643585205078,69.4646224975586,71.29171752929688,75.52786254882812,77.67064666748047,78.67154693603516,80.86670684814453,82.43882751464844,85.73895263671875,86.76924896240234,88.53243255615234,89.19818878173828
22,self_attn,k_proj,1,2,5.28695011138916,3.8140008449554443,75.09280395507812,89.71182250976562,57.93800354003906,57.93800354003906,60.08926773071289,62.98588180541992,65.80738067626953,68.76935577392578,70.47826385498047,74.10232543945312,74.74481964111328,75.4237060546875,79.06742858886719,80.10077667236328,81.44876098632812,84.95520782470703,87.21305847167969,88.64884948730469,89.71182250976562
22,self_attn,k_proj,1,3,5.266805648803711,3.8180718421936035,74.8956069946289,89.56231689453125,58.47513961791992,58.47513961791992,61.433414459228516,64.52919006347656,65.55534362792969,68.07392120361328,71.4816665649414,72.85432434082031,75.11029815673828,77.20532989501953,78.06560516357422,79.20044708251953,81.82147216796875,84.00691986083984,84.77227020263672,86.18203735351562,89.56231689453125
22,self_attn,k_proj,1,4,5.201934814453125,3.7867093086242676,73.8027572631836,87.92037963867188,55.13988494873047,55.13988494873047,58.686363220214844,60.981441497802734,63.75245666503906,66.78441619873047,68.29827117919922,72.58424377441406,73.35576629638672,74.96207427978516,78.14973449707031,81.6167984008789,82.88648223876953,84.16212463378906,84.61676025390625,86.94692993164062,87.92037963867188
22,self_attn,k_proj,2,3,5.248371601104736,3.802258014678955,74.5184555053711,89.43379211425781,57.527225494384766,57.527225494384766,62.03229522705078,63.398353576660156,63.88907241821289,65.36731719970703,68.58321380615234,69.68205261230469,75.25402069091797,77.63673400878906,79.05379486083984,80.61685180664062,81.13835144042969,84.40018463134766,85.72756958007812,88.554443359375,89.43379211425781
22,self_attn,k_proj,2,4,5.2856526374816895,3.810615301132202,75.04124450683594,89.64044189453125,56.888587951660156,56.888587951660156,60.09756088256836,62.88877868652344,65.56948852539062,68.26383972167969,70.07499694824219,73.12782287597656,75.13412475585938,77.51079559326172,78.37492370605469,79.49803924560547,81.51958465576172,86.10679626464844,86.8895263671875,89.07453155517578,89.64044189453125
22,self_attn,k_proj,3,4,5.291425704956055,3.813875436782837,75.14686584472656,89.74016571044922,58.8695182800293,58.8695182800293,60.422088623046875,62.98739242553711,65.91089630126953,67.63870239257812,69.16658782958984,71.05035400390625,75.08299255371094,77.7368392944336,79.06490325927734,82.31932067871094,83.17222595214844,84.66209411621094,85.81354522705078,88.71223449707031,89.74016571044922
22,self_attn,o_proj,0,1,5.716490745544434,3.9375689029693604,81.66981506347656,89.81051635742188,69.36356353759766,69.36356353759766,72.27069091796875,75.61715698242188,76.42747497558594,78.0450668334961,79.78949737548828,80.89285278320312,81.43740844726562,83.25298309326172,84.20014190673828,85.36143493652344,85.77845001220703,86.83280181884766,88.01446533203125,89.62254333496094,89.81051635742188
22,self_attn,o_proj,0,2,5.7397565841674805,3.941632032394409,82.0107192993164,89.3896484375,68.88675689697266,68.88675689697266,73.13572692871094,75.38041687011719,76.89196014404297,79.3086929321289,80.3519287109375,81.39104461669922,83.22918701171875,83.48014068603516,84.84748840332031,85.20563507080078,86.25151062011719,87.51993560791016,88.34351348876953,88.5579833984375,89.3896484375
22,self_attn,o_proj,0,3,5.780472755432129,3.950847864151001,82.63278198242188,89.9231948852539,72.17237091064453,72.17237091064453,72.91407012939453,77.33338165283203,78.30955505371094,79.83970642089844,80.1867904663086,82.46361541748047,83.64534759521484,84.47111511230469,84.76451110839844,85.21381378173828,86.49603271484375,87.40018463134766,87.8598403930664,89.13089752197266,89.9231948852539
22,self_attn,o_proj,0,4,5.723692893981934,3.9381966590881348,81.7674560546875,89.61602783203125,66.93328857421875,66.93328857421875,73.85674285888672,75.4212417602539,77.63108825683594,78.35712432861328,80.31947326660156,80.69062042236328,82.58477020263672,83.34764099121094,84.46585083007812,85.31468963623047,86.37295532226562,86.5303955078125,88.02091979980469,88.81641387939453,89.61602783203125
22,self_attn,o_proj,1,2,5.728576183319092,3.9422366619110107,81.87201690673828,89.73957824707031,71.58804321289062,71.58804321289062,72.9319076538086,74.75615692138672,76.10531616210938,78.50704193115234,80.22323608398438,81.7524185180664,83.04676818847656,83.65679931640625,83.96929168701172,85.03594970703125,85.7088851928711,86.4026870727539,87.72806549072266,88.80010223388672,89.73957824707031
22,self_attn,o_proj,1,3,5.743556976318359,3.9452016353607178,82.09664916992188,89.88787078857422,73.73772430419922,73.73772430419922,74.11030578613281,74.84882354736328,76.63648986816406,77.95548248291016,79.16358947753906,80.61259460449219,81.79971313476562,83.60630798339844,84.78315734863281,85.4476318359375,86.17484283447266,87.54473876953125,88.45944213867188,88.77772521972656,89.88787078857422
22,self_attn,o_proj,1,4,5.732624053955078,3.940493106842041,81.906982421875,89.90363311767578,69.508056640625,69.508056640625,71.30704498291016,76.19640350341797,77.66110229492188,78.7096939086914,80.70167541503906,81.4808578491211,82.5381088256836,83.32156372070312,84.02674865722656,84.8712387084961,85.57996368408203,87.50739288330078,88.37832641601562,88.81983184814453,89.90363311767578
22,self_attn,o_proj,2,3,5.7290754318237305,3.9437434673309326,81.89204406738281,89.2043228149414,69.20328521728516,69.20328521728516,75.49913787841797,76.1857681274414,77.78433227539062,79.36083984375,79.55319213867188,81.27630615234375,81.85797882080078,82.39392852783203,84.18799591064453,84.98712158203125,85.99213409423828,86.6142578125,87.6584701538086,88.51370239257812,89.2043228149414
22,self_attn,o_proj,2,4,5.701704978942871,3.9381539821624756,81.48222351074219,88.96626281738281,67.62486267089844,67.62486267089844,74.5893325805664,76.1722412109375,77.73933410644531,78.2799301147461,79.07524108886719,80.79583740234375,81.49127197265625,82.88761901855469,83.61695861816406,85.10067749023438,85.71153259277344,86.12042236328125,87.50997161865234,88.0339584350586,88.96626281738281
22,self_attn,o_proj,3,4,5.784002304077148,3.951594829559326,82.68592071533203,89.93658447265625,70.37129974365234,70.37129974365234,75.60772705078125,76.81636810302734,78.96418762207031,80.34014892578125,81.479248046875,81.54578399658203,82.77262115478516,84.1644058227539,84.30941772460938,84.83148956298828,86.85092163085938,87.77147674560547,88.28543090820312,88.92768096923828,89.93658447265625
22,self_attn,q_proj,0,1,5.520771026611328,3.893101215362549,78.74082946777344,89.35132598876953,63.67146301269531,63.67146301269531,67.46632385253906,70.29168701171875,71.35636138916016,75.91382598876953,76.79083251953125,78.4668197631836,79.1529541015625,80.27220153808594,80.71006774902344,81.58442687988281,83.77348327636719,85.758544921875,86.59553527832031,88.69752502441406,89.35132598876953
22,self_attn,q_proj,0,2,5.633985996246338,3.916171073913574,80.3974838256836,89.54901123046875,64.97189331054688,64.97189331054688,69.8659439086914,72.4272232055664,74.92279052734375,75.7886734008789,76.92399597167969,80.41584014892578,81.97309875488281,83.0938491821289,83.70145416259766,84.29780578613281,84.97586059570312,87.32589721679688,87.68985748291016,88.4365463256836,89.54901123046875
22,self_attn,q_proj,0,3,5.538290023803711,3.9007275104522705,79.03739929199219,89.36579895019531,66.22940826416016,66.22940826416016,67.96451568603516,71.17057037353516,73.26150512695312,75.19175720214844,76.72915649414062,77.17414093017578,78.55326843261719,80.68466186523438,81.29000854492188,82.5497817993164,84.09848022460938,85.29386901855469,86.97301483154297,88.06845092773438,89.36579895019531
22,self_attn,q_proj,0,4,5.5032782554626465,3.8917391300201416,78.50857543945312,88.33988189697266,64.01771545410156,64.01771545410156,67.23434448242188,69.73077392578125,71.24662780761719,75.50177001953125,77.29847717285156,77.46456146240234,79.53192901611328,80.25680541992188,81.34263610839844,82.482666015625,83.25454711914062,84.40201568603516,86.43299102783203,87.59947967529297,88.33988189697266
22,self_attn,q_proj,1,2,5.559139728546143,3.9056508541107178,79.34690856933594,89.83920288085938,65.2367172241211,65.2367172241211,69.5642318725586,72.4173583984375,73.45741271972656,75.37628173828125,77.30393981933594,78.1648178100586,78.90332794189453,80.46116638183594,81.76612854003906,82.7160873413086,84.16149139404297,85.78034210205078,86.32245635986328,88.07949829101562,89.83920288085938
22,self_attn,q_proj,1,3,5.554433345794678,3.8984217643737793,79.21636199951172,89.81603240966797,63.91947555541992,63.91947555541992,68.20828247070312,71.29591369628906,73.04643249511719,74.85635375976562,76.07450103759766,77.23500061035156,78.7596206665039,81.41886901855469,82.17898559570312,83.64451599121094,84.42780303955078,85.67705535888672,87.33720397949219,89.56572723388672,89.81603240966797
22,self_attn,q_proj,1,4,5.547205448150635,3.8992228507995605,79.13560485839844,89.41958618164062,66.30352020263672,66.30352020263672,68.07898712158203,70.73117065429688,73.19190979003906,74.23126983642578,76.1877212524414,77.0970230102539,77.68108367919922,79.11955261230469,82.7616195678711,84.16265106201172,85.3155517578125,85.8323974609375,87.53165435791016,88.52391815185547,89.41958618164062
22,self_attn,q_proj,2,3,5.566923141479492,3.895158290863037,79.33879089355469,89.47755432128906,62.253597259521484,62.253597259521484,68.72174835205078,69.84153747558594,70.68081665039062,73.29581451416016,76.87966918945312,78.6560287475586,80.60948944091797,81.93348693847656,83.3590087890625,84.83628845214844,86.03166961669922,86.81376647949219,87.59041595458984,88.43982696533203,89.47755432128906
22,self_attn,q_proj,2,4,5.565938949584961,3.9048430919647217,79.42501831054688,89.95655822753906,66.71322631835938,66.71322631835938,67.2659912109375,72.01314544677734,72.56190490722656,76.1561279296875,77.3411636352539,77.64633178710938,79.8942642211914,80.39108276367188,81.85227966308594,83.0875015258789,84.42657470703125,86.30948638916016,87.384765625,87.79979705810547,89.95655822753906
22,self_attn,q_proj,3,4,5.501114845275879,3.887530565261841,78.44293212890625,89.92379760742188,65.65784454345703,65.65784454345703,67.0902099609375,68.47608184814453,69.70553588867188,73.92561340332031,75.6227798461914,77.77989959716797,79.0796127319336,80.04784393310547,80.93102264404297,83.0887222290039,84.18521118164062,84.91166687011719,86.9603500366211,87.7006607055664,89.92379760742188
22,self_attn,v_proj,0,1,5.412539482116699,3.8562817573547363,77.02914428710938,88.98937225341797,56.62744903564453,56.62744903564453,66.5517349243164,67.835693359375,68.9021224975586,72.68072509765625,73.68922424316406,75.91197204589844,76.77139282226562,78.18033599853516,79.70408630371094,81.865478515625,82.99160766601562,85.7022705078125,87.7475357055664,88.31524658203125,88.98937225341797
22,self_attn,v_proj,0,2,5.383867263793945,3.8496713638305664,76.6189193725586,89.34831237792969,59.90764617919922,59.90764617919922,62.98985290527344,65.74970245361328,68.57463073730469,71.14234924316406,73.67037200927734,74.97566223144531,77.42438507080078,78.47179412841797,80.06321716308594,81.05970764160156,83.3495101928711,84.55657958984375,85.840087890625,88.77892303466797,89.34831237792969
22,self_attn,v_proj,0,3,5.424473285675049,3.856907844543457,77.17445373535156,88.63497161865234,55.4693489074707,55.4693489074707,64.22566986083984,68.01194763183594,70.7435073852539,72.68550109863281,73.13082885742188,76.38270568847656,77.51972198486328,80.67216491699219,81.60721588134766,82.43937683105469,83.2621841430664,85.5927734375,86.74320983886719,87.67013549804688,88.63497161865234
22,self_attn,v_proj,0,4,5.380442142486572,3.847757577896118,76.56024932861328,89.75941467285156,59.467681884765625,59.467681884765625,63.14165115356445,67.1587905883789,69.55057525634766,70.84735107421875,71.96353912353516,74.16881561279297,76.58621978759766,77.85863494873047,79.9323501586914,81.29448699951172,81.8489990234375,84.82604217529297,87.5651626586914,88.99429321289062,89.75941467285156
22,self_attn,v_proj,1,2,5.385246753692627,3.8357057571411133,76.48292541503906,89.7154769897461,54.3636360168457,54.3636360168457,62.27400207519531,66.6528091430664,66.95995330810547,70.72978973388672,71.53974914550781,75.18587493896484,76.95162963867188,78.39781951904297,81.2933578491211,82.12799072265625,85.38065338134766,86.46684265136719,87.0077133178711,88.67953491210938,89.7154769897461
22,self_attn,v_proj,1,3,5.452612400054932,3.8695006370544434,77.64871215820312,88.41699981689453,57.98676681518555,57.98676681518555,62.49305725097656,70.89085388183594,71.70626068115234,74.043701171875,74.89630126953125,76.85466766357422,79.42506408691406,79.986328125,81.86695861816406,82.10686492919922,83.17343139648438,84.9546127319336,86.48028564453125,87.09723663330078,88.41699981689453
22,self_attn,v_proj,1,4,5.388799667358398,3.8506875038146973,76.6778793334961,89.42052459716797,54.8302001953125,54.8302001953125,66.58280944824219,68.00691986083984,69.48577880859375,71.61228942871094,73.12954711914062,75.3442611694336,76.64317321777344,78.18157958984375,80.90139770507812,81.81034088134766,83.03973388671875,84.24246978759766,86.62432861328125,86.99073028564453,89.42052459716797
22,self_attn,v_proj,2,3,5.482191562652588,3.868570327758789,78.01148986816406,89.71178436279297,58.49672317504883,58.49672317504883,65.42822265625,68.41032409667969,69.87466430664062,71.32843780517578,74.16045379638672,77.39309692382812,77.73785400390625,80.5666732788086,82.63475036621094,84.71417236328125,85.7651138305664,86.39865112304688,86.90077209472656,88.66221618652344,89.71178436279297
22,self_attn,v_proj,2,4,5.360720634460449,3.842275381088257,76.26074981689453,89.68898010253906,58.32601547241211,58.32601547241211,62.771141052246094,66.12974548339844,67.34234619140625,69.38787078857422,73.17725372314453,74.88762664794922,77.4733657836914,79.34798431396484,80.60040283203125,81.62065887451172,82.51995086669922,84.87073516845703,85.3222427368164,86.70572662353516,89.68898010253906
22,self_attn,v_proj,3,4,5.371720314025879,3.846508264541626,76.43982696533203,89.7176742553711,58.450439453125,58.450439453125,64.31571197509766,65.90062713623047,69.27654266357422,71.41471099853516,73.13092803955078,75.0110855102539,75.96566009521484,77.00240325927734,78.05029296875,82.23139953613281,83.27889251708984,84.43924713134766,86.56172943115234,88.28990936279297,89.7176742553711
23,mlp,down_proj,0,1,5.8610358238220215,3.9648170471191406,83.83133697509766,89.99794006347656,71.85230255126953,71.85230255126953,78.5208511352539,78.8553237915039,81.15303802490234,81.87623596191406,83.34563446044922,83.7752456665039,83.84429931640625,84.577880859375,85.3429183959961,86.06915283203125,86.78022003173828,87.64169311523438,88.55372619628906,89.11495971679688,89.99794006347656
23,mlp,down_proj,0,2,5.859692573547363,3.963898181915283,83.80522155761719,89.66659545898438,73.24556732177734,73.24556732177734,75.89643096923828,79.2435531616211,79.72135162353516,81.82003784179688,82.42234802246094,83.10491180419922,84.78999328613281,85.80453491210938,86.27229309082031,86.64580535888672,87.22246551513672,87.87854766845703,88.21489715576172,88.9342041015625,89.66659545898438
23,mlp,down_proj,0,3,5.874481678009033,3.9677624702453613,84.0394058227539,89.99662017822266,74.70161437988281,74.70161437988281,77.20974731445312,78.99425506591797,80.63987731933594,81.98323059082031,83.1768798828125,83.93372344970703,85.01136016845703,85.14288330078125,85.8874740600586,86.29641723632812,86.57862091064453,87.48542022705078,88.23705291748047,89.35521697998047,89.99662017822266
23,mlp,down_proj,0,4,5.862991809844971,3.965770959854126,83.866943359375,89.55830383300781,73.10121154785156,73.10121154785156,78.00968933105469,79.76226043701172,80.59973907470703,81.35259246826172,82.39794921875,83.67784118652344,84.15946197509766,84.46024322509766,85.64970397949219,86.24267578125,87.32260131835938,87.46148681640625,88.800537109375,89.31471252441406,89.55830383300781
23,mlp,down_proj,1,2,5.842358112335205,3.963841438293457,83.5740737915039,89.74555206298828,73.021240234375,73.021240234375,78.63768005371094,79.45967864990234,80.56328582763672,81.05943298339844,82.34667205810547,82.68460083007812,83.05284118652344,84.06962585449219,85.34452056884766,85.46371459960938,86.3802261352539,86.99819946289062,88.73223876953125,89.625732421875,89.74555206298828
23,mlp,down_proj,1,3,5.880462646484375,3.9690520763397217,84.1311264038086,89.79335021972656,73.34947204589844,73.34947204589844,78.77647399902344,80.71906280517578,81.18862915039062,82.4911880493164,82.95564270019531,83.58238983154297,84.62568664550781,85.0506820678711,85.53633880615234,86.4930648803711,86.87028503417969,87.16006469726562,88.2657699584961,89.23990631103516,89.79335021972656
23,mlp,down_proj,1,4,5.871026992797852,3.968632459640503,84.00128936767578,89.62137603759766,74.41254425048828,74.41254425048828,78.39344787597656,79.69654846191406,81.49609375,81.75666809082031,82.3974609375,83.52446746826172,84.65542602539062,85.15293884277344,86.04734802246094,86.4405517578125,86.59466552734375,86.9030990600586,87.7766342163086,89.15137481689453,89.62137603759766
23,mlp,down_proj,2,3,5.899477481842041,3.970583915710449,84.401123046875,89.82849884033203,76.00021362304688,76.00021362304688,77.21414947509766,79.5369644165039,81.22100067138672,82.28418731689453,83.07423400878906,83.39543151855469,84.78422546386719,85.1927261352539,86.19104766845703,86.94996643066406,88.04524230957031,88.50439453125,88.9528579711914,89.24275207519531,89.82849884033203
23,mlp,down_proj,2,4,5.882396697998047,3.9689838886260986,84.156982421875,89.74759674072266,74.71305084228516,74.71305084228516,78.91630554199219,80.06097412109375,80.95618438720703,81.53783416748047,82.0199203491211,83.51360321044922,83.74893188476562,84.52592468261719,85.66107177734375,86.89263916015625,87.88702392578125,88.3014907836914,88.75457000732422,89.27462768554688,89.74759674072266
23,mlp,down_proj,3,4,5.878451347351074,3.968428134918213,84.09893035888672,89.9592514038086,74.94527435302734,74.94527435302734,78.51296997070312,79.68135833740234,80.1883316040039,80.58345031738281,82.22178649902344,84.21397399902344,84.79800415039062,85.3197250366211,85.80146026611328,86.60286712646484,87.43026733398438,88.03682708740234,88.44270324707031,88.84465789794922,89.9592514038086
23,mlp,gate_proj,0,1,5.889681816101074,3.957498550415039,84.1423110961914,89.94532012939453,67.82360076904297,67.82360076904297,74.17008209228516,76.06715393066406,82.2220687866211,82.82546997070312,84.31562042236328,85.68775939941406,85.85985565185547,86.47537994384766,87.76995849609375,87.85910034179688,88.16735076904297,88.41221618652344,89.24555206298828,89.4305191040039,89.94532012939453
23,mlp,gate_proj,0,2,5.889862060546875,3.964287519454956,84.21128845214844,89.71053314208984,71.24832916259766,71.24832916259766,75.11739349365234,79.072021484375,81.86650848388672,82.44606018066406,83.78836059570312,84.22911071777344,85.19093322753906,85.95116424560547,86.64153289794922,87.5412368774414,87.7689437866211,88.29862213134766,89.09984588623047,89.40996551513672,89.71053314208984
23,mlp,gate_proj,0,3,5.911252975463867,3.9622604846954346,84.47664642333984,89.92337799072266,67.63738250732422,67.63738250732422,74.9678955078125,80.55895233154297,81.66878509521484,83.97183990478516,84.80167388916016,85.56820678710938,85.9234848022461,86.3873291015625,86.70943450927734,88.088134765625,88.21556091308594,88.69441223144531,88.85187530517578,89.65795135498047,89.92337799072266
23,mlp,gate_proj,0,4,5.914665699005127,3.9639909267425537,84.5394515991211,89.8034439086914,68.5206527709961,68.5206527709961,74.4582748413086,81.5268783569336,82.7455062866211,83.4963607788086,85.14482116699219,85.54830932617188,85.7595443725586,86.37737274169922,87.06631469726562,87.17687225341797,87.5294418334961,88.50682830810547,89.31429290771484,89.65632629394531,89.8034439086914
23,mlp,gate_proj,1,2,5.859406471252441,3.954914093017578,83.71360778808594,89.72171783447266,70.05559539794922,70.05559539794922,70.36775207519531,76.91209411621094,81.37277221679688,82.54344940185547,83.38487243652344,85.17987823486328,85.68095397949219,86.36653900146484,86.80297088623047,87.14525604248047,87.85960388183594,88.11947631835938,88.76030731201172,89.14442443847656,89.72171783447266
23,mlp,gate_proj,1,3,5.868399143218994,3.95503568649292,83.83203887939453,89.88268280029297,66.43953704833984,66.43953704833984,71.84735870361328,80.92158508300781,81.99160766601562,83.45120239257812,83.725830078125,84.65275573730469,84.95953369140625,85.48741149902344,86.33104705810547,87.46510314941406,87.89892578125,88.13919067382812,88.91498565673828,89.20390319824219,89.88268280029297
23,mlp,gate_proj,1,4,5.870110034942627,3.9560554027557373,83.86648559570312,89.81547546386719,67.83361053466797,67.83361053466797,72.72075653076172,77.9688949584961,80.6457748413086,83.50653076171875,83.8228759765625,85.27478790283203,85.76206970214844,86.07234191894531,86.95735931396484,87.278564453125,88.013671875,88.25845336914062,88.80797576904297,89.12461853027344,89.81547546386719
23,mlp,gate_proj,2,3,5.881519794464111,3.959606409072876,84.05384826660156,89.78643035888672,69.7553939819336,69.7553939819336,72.20823669433594,79.26316833496094,81.7210922241211,83.06826782226562,84.13040924072266,84.2115249633789,85.29552459716797,86.34001922607422,87.29127502441406,87.5929946899414,87.9082260131836,88.05369567871094,89.0088119506836,89.22648620605469,89.78643035888672
23,mlp,gate_proj,2,4,5.877665042877197,3.962308406829834,84.02900695800781,89.82499694824219,71.20608520507812,71.20608520507812,73.63072967529297,79.11904907226562,82.36981201171875,82.87275695800781,83.62883758544922,84.11555480957031,84.77174377441406,85.16957092285156,85.92015075683594,87.3753433227539,87.87665557861328,88.16836547851562,88.86209869384766,89.55238342285156,89.82499694824219
23,mlp,gate_proj,3,4,5.877617359161377,3.9595932960510254,84.00099182128906,89.93746948242188,68.4693832397461,68.4693832397461,74.11347961425781,78.5275650024414,82.7973403930664,83.57469177246094,84.01207733154297,84.0648193359375,84.79985046386719,85.58943939208984,86.6619644165039,87.24925994873047,87.94386291503906,88.2840576171875,88.92398834228516,89.06670379638672,89.93746948242188
23,mlp,up_proj,0,1,5.890295505523682,3.9664227962493896,84.2373046875,89.46165466308594,71.58554077148438,71.58554077148438,76.18710327148438,80.6075668334961,81.46217346191406,81.93959045410156,83.2874984741211,84.84547424316406,85.64839172363281,86.13026428222656,86.4959487915039,86.91925811767578,87.90850067138672,88.15760803222656,88.4247817993164,88.73554992675781,89.46165466308594
23,mlp,up_proj,0,2,5.903446674346924,3.968440532684326,84.43326568603516,89.80549621582031,73.37567901611328,73.37567901611328,74.86299133300781,80.82008361816406,81.99085998535156,82.87089538574219,84.02198791503906,84.5250244140625,85.17507934570312,86.07764434814453,86.54312896728516,87.23616027832031,87.47367858886719,88.39993286132812,88.76045989990234,88.99308776855469,89.80549621582031
23,mlp,up_proj,0,3,5.874708652496338,3.9658005237579346,84.02333068847656,89.70115661621094,72.4573745727539,72.4573745727539,77.05082702636719,79.17535400390625,80.61380767822266,82.49024200439453,83.31262969970703,84.0733642578125,84.48133087158203,85.84473419189453,85.9056167602539,86.3014144897461,87.37946319580078,87.81568145751953,88.4730224609375,89.29733276367188,89.70115661621094
23,mlp,up_proj,0,4,5.89942741394043,3.9698824882507324,84.39334106445312,89.83004760742188,74.52760314941406,74.52760314941406,76.17667388916016,80.57241821289062,81.39270782470703,82.66395568847656,83.95854187011719,84.12120056152344,85.15501403808594,85.57423400878906,85.98616790771484,87.06896209716797,87.20811462402344,88.32112121582031,88.5720443725586,89.16472625732422,89.83004760742188
23,mlp,up_proj,1,2,5.911576271057129,3.9688656330108643,84.5467300415039,89.93949127197266,73.14085388183594,73.14085388183594,75.52265167236328,81.3782958984375,81.65420532226562,82.69143676757812,83.21119689941406,84.80463409423828,85.0471420288086,85.84703826904297,87.0169448852539,87.72692108154297,87.8941421508789,88.28688049316406,88.95401000976562,89.63182067871094,89.93949127197266
23,mlp,up_proj,1,3,5.917801380157471,3.969560384750366,84.63653564453125,89.92007446289062,71.75006103515625,71.75006103515625,77.59134674072266,79.36642456054688,82.88359832763672,83.65068817138672,84.44739532470703,85.33666229248047,85.66213989257812,85.89703369140625,86.30591583251953,86.93223571777344,87.71961975097656,88.48133087158203,88.65762329101562,89.5824966430664,89.92007446289062
23,mlp,up_proj,1,4,5.9116082191467285,3.9717371463775635,84.57438659667969,89.80320739746094,73.98336029052734,73.98336029052734,77.58369445800781,80.6086654663086,82.0157699584961,83.81163787841797,84.0598373413086,84.309326171875,85.1058120727539,85.49888610839844,86.2559814453125,86.58228302001953,87.7125244140625,88.15818786621094,88.33247375488281,89.3685073852539,89.80320739746094
23,mlp,up_proj,2,3,5.910006046295166,3.9701616764068604,84.53787231445312,89.8067398071289,73.09407806396484,73.09407806396484,77.69273376464844,79.81941986083984,81.7188720703125,83.39107513427734,83.60122680664062,84.47443389892578,84.90959167480469,86.15926361083984,86.96311950683594,87.18521881103516,87.67134857177734,88.37736511230469,88.52175903320312,89.21966552734375,89.8067398071289
23,mlp,up_proj,2,4,5.925671577453613,3.9729690551757812,84.77580261230469,89.80721282958984,75.48802185058594,75.48802185058594,77.0717544555664,79.58805084228516,82.87919616699219,83.30522918701172,83.8542251586914,84.49166107177734,85.41639709472656,85.5879135131836,86.62152099609375,87.26277923583984,88.20011138916016,88.2875747680664,88.8572998046875,89.6938705444336,89.80721282958984
23,mlp,up_proj,3,4,5.9101104736328125,3.971564531326294,84.55281066894531,89.67123413085938,74.50189971923828,74.50189971923828,77.40428924560547,80.64037322998047,81.86785888671875,83.27067565917969,83.38539123535156,83.8902587890625,84.8792724609375,85.67861938476562,86.46404266357422,87.29976654052734,87.5513687133789,88.47881317138672,88.8133773803711,89.0477294921875,89.67123413085938
23,self_attn,k_proj,0,1,5.318943023681641,3.8169548511505127,75.49370574951172,89.01041412353516,54.90501403808594,54.90501403808594,61.0203857421875,63.127037048339844,65.38162231445312,67.14379119873047,70.96752166748047,75.1559066772461,77.33438873291016,77.54291534423828,80.14551544189453,81.99333953857422,83.84210205078125,86.07035064697266,86.82210540771484,87.43687438964844,89.01041412353516
23,self_attn,k_proj,0,2,5.226318836212158,3.7884016036987305,74.07575988769531,89.32051086425781,48.493309020996094,48.493309020996094,58.65755081176758,62.20623016357422,65.97437286376953,68.38227844238281,71.46065521240234,73.9912109375,75.19876098632812,76.714111328125,77.83104705810547,79.13072967529297,81.17005157470703,83.93636322021484,84.92564392089844,87.81938171386719,89.32051086425781
23,self_attn,k_proj,0,3,5.298292636871338,3.81087589263916,75.17256164550781,89.83946228027344,51.80821228027344,51.80821228027344,60.644466400146484,62.70903396606445,64.8974380493164,71.1927719116211,72.72360229492188,73.5964584350586,75.68077087402344,76.62881469726562,80.35956573486328,81.67769622802734,84.04936981201172,84.60054779052734,85.3889389038086,86.9637451171875,89.83946228027344
23,self_attn,k_proj,0,4,5.27868127822876,3.8108603954315186,74.9403305053711,88.69534301757812,52.62856674194336,52.62856674194336,59.11562728881836,63.47909927368164,66.90505981445312,70.19576263427734,71.90222930908203,72.72429656982422,76.91797637939453,78.13603973388672,79.04273986816406,81.62271118164062,82.5228500366211,83.47540283203125,84.57288360595703,87.10868072509766,88.69534301757812
23,self_attn,k_proj,1,2,5.276196479797363,3.807000160217285,74.88446807861328,89.93637084960938,54.91119384765625,54.91119384765625,59.23503112792969,63.73051071166992,64.7613296508789,68.63819122314453,69.9695053100586,74.3145751953125,76.22954559326172,77.53450012207031,78.25243377685547,80.09999084472656,80.46780395507812,84.5954360961914,87.18851470947266,88.28649139404297,89.93637084960938
23,self_attn,k_proj,1,3,5.274842739105225,3.8141980171203613,74.93828582763672,89.80421447753906,53.83689498901367,53.83689498901367,61.023658752441406,63.9918327331543,67.98609161376953,68.86820983886719,71.98025512695312,72.77586364746094,75.90795135498047,76.6772689819336,78.73522186279297,80.41394805908203,81.72382354736328,83.03587341308594,85.87950134277344,86.37197875976562,89.80421447753906
23,self_attn,k_proj,1,4,5.272225856781006,3.8178789615631104,74.94818115234375,88.06840515136719,55.659881591796875,55.659881591796875,59.840938568115234,65.01606750488281,68.07807922363281,69.69094848632812,71.16832733154297,73.74079132080078,75.20942687988281,76.61314392089844,78.08314514160156,81.25322723388672,81.91088104248047,82.5066909790039,84.92749786376953,87.40348815917969,88.06840515136719
23,self_attn,k_proj,2,3,5.260367393493652,3.7914938926696777,74.5281982421875,89.7484359741211,51.01861572265625,51.01861572265625,59.98920822143555,61.56316375732422,66.60919952392578,67.56918334960938,68.38025665283203,71.0982437133789,73.8666000366211,76.92804718017578,78.58116149902344,81.8923110961914,83.83502197265625,85.84510803222656,86.6683349609375,88.8582763671875,89.7484359741211
23,self_attn,k_proj,2,4,5.243892669677734,3.794710636138916,74.3605728149414,89.67151641845703,50.42744445800781,50.42744445800781,58.96049880981445,64.73735809326172,65.88875579833984,68.46078491210938,69.87881469726562,71.34485626220703,73.52607727050781,77.68895721435547,79.06979370117188,81.60305786132812,82.22303009033203,82.73170471191406,86.23776245117188,87.31871795654297,89.67151641845703
23,self_attn,k_proj,3,4,5.244532108306885,3.792452812194824,74.36329650878906,88.9534683227539,55.04296875,55.04296875,57.97930145263672,63.31850051879883,64.60224914550781,65.57781219482422,69.13104248046875,70.19649505615234,75.21756744384766,76.36381530761719,78.82550048828125,80.32899475097656,83.23088836669922,85.94413757324219,86.8230209350586,88.27690887451172,88.9534683227539
23,self_attn,o_proj,0,1,5.816709518432617,3.9598162174224854,83.19624328613281,89.71289825439453,73.7356185913086,73.7356185913086,76.74259948730469,77.92145538330078,79.87061309814453,80.41633605957031,81.25659942626953,82.5822525024414,83.02188873291016,83.75928497314453,85.1883773803711,85.64771270751953,86.42398071289062,87.20154571533203,88.40319061279297,89.25550842285156,89.71289825439453
23,self_attn,o_proj,0,2,5.818521976470947,3.9582676887512207,83.20529174804688,89.88619232177734,72.80929565429688,72.80929565429688,75.5341567993164,78.20571899414062,79.05796813964844,80.65558624267578,81.86466979980469,82.19581604003906,83.90877532958984,83.98031616210938,85.15776824951172,86.4634780883789,86.77666473388672,87.20674133300781,88.3678207397461,89.21372985839844,89.88619232177734
23,self_attn,o_proj,0,3,5.860651969909668,3.9655745029449463,83.83419799804688,89.99523162841797,74.13545989990234,74.13545989990234,78.2350082397461,78.6500015258789,78.96388244628906,81.87271881103516,83.01447296142578,83.39823150634766,84.00051879882812,84.84679412841797,85.40740966796875,86.29996490478516,87.01380157470703,87.82476806640625,88.7030029296875,88.98591613769531,89.99523162841797
23,self_attn,o_proj,0,4,5.827444553375244,3.9609713554382324,83.34922790527344,89.7051773071289,73.7998275756836,73.7998275756836,76.94286346435547,77.7229995727539,78.93162536621094,80.59478759765625,82.49603271484375,82.86662292480469,83.4293212890625,84.47676849365234,85.44271087646484,85.69132232666016,86.85418701171875,87.52946472167969,88.17433166503906,88.9295883178711,89.7051773071289
23,self_attn,o_proj,1,2,5.825293064117432,3.959638833999634,83.30850982666016,89.37106323242188,74.72100830078125,74.72100830078125,76.30980682373047,77.77371978759766,78.07258605957031,79.72347259521484,81.02955627441406,82.3680419921875,84.06961059570312,84.75853729248047,85.363525390625,86.03179931640625,87.21760559082031,88.30317687988281,88.63628387451172,89.18636322021484,89.37106323242188
23,self_attn,o_proj,1,3,5.797868728637695,3.957775592803955,82.9281234741211,89.63453674316406,74.2217788696289,74.2217788696289,76.06503295898438,77.73237609863281,78.76453399658203,80.28887939453125,81.15496826171875,82.02861022949219,83.39893341064453,83.76880645751953,84.09103393554688,85.55522155761719,86.80500793457031,86.98369598388672,87.75934600830078,88.59722137451172,89.63453674316406
23,self_attn,o_proj,1,4,5.810368537902832,3.95658016204834,83.0815200805664,89.75373840332031,72.71538543701172,72.71538543701172,75.0082778930664,78.01502227783203,79.21479797363281,79.8468246459961,80.91636657714844,82.8279800415039,83.72354888916016,83.88375091552734,85.75477600097656,86.10017395019531,86.46802520751953,87.04777526855469,88.63619995117188,89.39167785644531,89.75373840332031
23,self_attn,o_proj,2,3,5.859407424926758,3.9669764041900635,83.8310317993164,89.96941375732422,75.66365051269531,75.66365051269531,77.46241760253906,79.6926040649414,80.07064819335938,81.50537109375,82.30009460449219,82.85919189453125,83.79228973388672,84.47271728515625,84.96166229248047,86.50150299072266,87.24771881103516,87.6013412475586,88.39238739013672,88.80357360839844,89.96941375732422
23,self_attn,o_proj,2,4,5.81899356842041,3.959167003631592,83.22006225585938,89.75849151611328,73.53252410888672,73.53252410888672,75.32462310791016,77.84945678710938,79.2353744506836,80.48995971679688,82.25022888183594,82.95183563232422,83.70893859863281,84.49919128417969,85.23609924316406,86.2782211303711,86.51124572753906,86.85086822509766,87.75709533691406,89.28680419921875,89.75849151611328
23,self_attn,o_proj,3,4,5.851686477661133,3.9652950763702393,83.71217346191406,89.63053131103516,74.19990539550781,74.19990539550781,78.16797637939453,79.4049072265625,80.54716491699219,81.17967987060547,82.10890197753906,82.2564926147461,83.46434020996094,84.75653076171875,85.07740020751953,85.60223388671875,87.6159896850586,87.81565856933594,88.10076904296875,89.46634674072266,89.63053131103516
23,self_attn,q_proj,0,1,5.501505374908447,3.8841543197631836,78.40919494628906,89.76250457763672,60.7956657409668,60.7956657409668,67.19014739990234,68.95232391357422,73.24020385742188,74.8251953125,76.00643920898438,76.67259979248047,77.89817810058594,79.73346710205078,80.98570251464844,83.39529418945312,84.33296966552734,85.72293090820312,87.0472183227539,87.9863052368164,89.76250457763672
23,self_attn,q_proj,0,2,5.5683112144470215,3.902538537979126,79.42782592773438,89.10330963134766,62.62961959838867,62.62961959838867,67.89640045166016,71.73368835449219,74.6076431274414,76.20426177978516,76.88961029052734,78.96639251708984,79.38862609863281,81.29411315917969,82.08877563476562,83.82363891601562,84.75569152832031,86.56800842285156,87.0059585571289,87.88939666748047,89.10330963134766
23,self_attn,q_proj,0,3,5.501449108123779,3.8882100582122803,78.4515151977539,89.55128479003906,62.99164962768555,62.99164962768555,66.75082397460938,70.32402038574219,72.9456787109375,74.02062225341797,76.56787109375,76.74970245361328,78.52938842773438,80.179443359375,80.49697875976562,82.6695556640625,83.26641845703125,84.56024169921875,87.19265747070312,88.42789459228516,89.55128479003906
23,self_attn,q_proj,0,4,5.539926528930664,3.893254041671753,78.98206329345703,89.18441772460938,63.628658294677734,63.628658294677734,67.05277252197266,69.26848602294922,72.2400894165039,74.68006896972656,77.00142669677734,77.37913513183594,78.92095184326172,80.99430847167969,81.9746322631836,83.44757080078125,85.7748031616211,86.05310821533203,87.54346466064453,88.5691146850586,89.18441772460938
23,self_attn,q_proj,1,2,5.565389156341553,3.9022300243377686,79.38768005371094,89.7998275756836,61.671897888183594,61.671897888183594,70.133544921875,72.49542236328125,73.87589263916016,74.99384307861328,76.92849731445312,78.42487335205078,79.97923278808594,80.83121490478516,82.64557647705078,83.08820343017578,84.27579498291016,85.89331817626953,86.4990234375,88.66679382324219,89.7998275756836
23,self_attn,q_proj,1,3,5.581525802612305,3.90415096282959,79.60494232177734,88.9574203491211,59.88361740112305,59.88361740112305,69.24994659423828,73.21404266357422,74.74457550048828,75.99066162109375,77.97342681884766,79.72711944580078,80.6687240600586,81.43458557128906,83.482421875,83.8442611694336,84.2605972290039,85.39558410644531,86.85762786865234,87.9945068359375,88.9574203491211
23,self_attn,q_proj,1,4,5.532212734222412,3.891047239303589,78.85738372802734,89.58167266845703,59.689388275146484,59.689388275146484,68.29194641113281,70.04124450683594,73.78237915039062,75.57551574707031,76.42133331298828,79.0302963256836,79.751220703125,80.3951644897461,80.92749786376953,82.87892150878906,83.89820098876953,85.31856536865234,87.3456039428711,88.78913116455078,89.58167266845703
23,self_attn,q_proj,2,3,5.487569332122803,3.885103225708008,78.24285888671875,88.50001525878906,61.3011474609375,61.3011474609375,64.71713256835938,70.42504119873047,74.03266906738281,74.80448913574219,76.29741668701172,78.00804901123047,79.15773010253906,79.86248779296875,81.35301971435547,82.59710693359375,83.06031799316406,84.52271270751953,86.1146011352539,87.13170623779297,88.50001525878906
23,self_attn,q_proj,2,4,5.5796217918396,3.9024229049682617,79.56624603271484,89.18724060058594,60.46163558959961,60.46163558959961,69.0389633178711,72.6673583984375,74.81172943115234,76.2673110961914,76.72698211669922,78.37207794189453,80.44294738769531,81.77618408203125,82.42993927001953,83.38365936279297,84.75634002685547,86.64038848876953,87.88761138916016,88.20955657958984,89.18724060058594
23,self_attn,q_proj,3,4,5.535240173339844,3.8917202949523926,78.90325927734375,88.8390884399414,61.165428161621094,61.165428161621094,66.13204956054688,71.12193298339844,72.41020202636719,74.47267150878906,76.67982482910156,79.5191650390625,80.02997589111328,81.45867919921875,82.17659759521484,82.8625717163086,84.69514465332031,85.73514556884766,86.8967056274414,88.25696563720703,88.8390884399414
23,self_attn,v_proj,0,1,5.4217705726623535,3.86362886428833,77.22821807861328,89.41128540039062,63.49142074584961,63.49142074584961,64.94182586669922,68.15583038330078,69.31157684326172,71.56555938720703,73.34364318847656,74.63724517822266,75.5406723022461,76.74430084228516,80.823486328125,82.16497802734375,84.08305358886719,85.94819641113281,86.9169921875,88.5714111328125,89.41128540039062
23,self_attn,v_proj,0,2,5.454763412475586,3.8696162700653076,77.69050598144531,89.23981475830078,62.30891799926758,62.30891799926758,66.9574203491211,67.9981918334961,68.76192474365234,70.12522888183594,73.78520965576172,75.03563690185547,78.07549285888672,79.67173767089844,81.83800506591797,83.63854217529297,85.00611877441406,85.39556884765625,87.10082244873047,88.10954284667969,89.23981475830078
23,self_attn,v_proj,0,3,5.458102703094482,3.872032642364502,77.75262451171875,89.69664764404297,62.04649353027344,62.04649353027344,64.95247650146484,65.94850158691406,72.2882080078125,73.78752899169922,74.71595764160156,75.75224304199219,78.13762664794922,79.38654327392578,81.14103698730469,82.3943099975586,83.86760711669922,84.43334197998047,86.97289276123047,88.5206298828125,89.69664764404297
23,self_attn,v_proj,0,4,5.421283721923828,3.8630881309509277,77.21015930175781,89.20525360107422,62.123348236083984,62.123348236083984,63.21077346801758,65.95860290527344,70.17362976074219,73.13023376464844,73.95402526855469,74.65837860107422,78.94678497314453,79.50965881347656,80.56016540527344,82.291259765625,83.60794067382812,84.68102264404297,85.80318450927734,87.54835510253906,89.20525360107422
23,self_attn,v_proj,1,2,5.431202411651611,3.858855962753296,77.28877258300781,89.87338256835938,61.241241455078125,61.241241455078125,62.22520446777344,66.50435638427734,68.78975677490234,71.41777801513672,74.02621459960938,76.26898956298828,77.10797882080078,79.53872680664062,82.39730834960938,82.98861694335938,84.38713073730469,84.64274597167969,87.02465057373047,88.18635559082031,89.87338256835938
23,self_attn,v_proj,1,3,5.444922924041748,3.865983486175537,77.52971649169922,88.3480224609375,61.453067779541016,61.453067779541016,64.75492858886719,65.77223205566406,70.1839599609375,72.00738525390625,74.17781829833984,76.85846710205078,77.52189636230469,79.60155487060547,79.99530792236328,83.94577026367188,84.344482421875,86.13539123535156,87.06722259521484,88.30793762207031,88.3480224609375
23,self_attn,v_proj,1,4,5.474510192871094,3.875948190689087,77.99494934082031,89.1897964477539,62.20564270019531,62.20564270019531,64.39785766601562,68.84796905517578,71.876708984375,73.1497573852539,75.28936004638672,75.65707397460938,77.37186431884766,79.89588928222656,80.70890808105469,83.5914535522461,84.4002914428711,85.4879150390625,87.12844848632812,88.72016143798828,89.1897964477539
23,self_attn,v_proj,2,3,5.423551559448242,3.858759880065918,77.19146728515625,89.39042663574219,58.83217239379883,58.83217239379883,64.61007690429688,66.17851257324219,69.8763427734375,72.20439147949219,73.53020477294922,75.4393310546875,77.71399688720703,79.10310363769531,81.17125701904297,83.38621520996094,84.59732818603516,85.32486724853516,86.15277099609375,87.55240631103516,89.39042663574219
23,self_attn,v_proj,2,4,5.467244625091553,3.8689205646514893,77.83238220214844,89.8660659790039,60.25542068481445,60.25542068481445,64.35469818115234,67.13143157958984,71.40754699707031,72.6206283569336,74.1773910522461,74.82617950439453,78.99656677246094,81.18460083007812,82.33366394042969,82.6740493774414,84.4864501953125,85.64317321777344,86.41158294677734,88.9486083984375,89.8660659790039
23,self_attn,v_proj,3,4,5.357776641845703,3.8430826663970947,76.24068450927734,88.54582977294922,61.82986068725586,61.82986068725586,62.74966812133789,65.6196060180664,67.74837493896484,69.49637603759766,71.41922760009766,72.00312805175781,76.18702697753906,79.9274673461914,80.44957733154297,82.14530181884766,82.79690551757812,84.13917541503906,87.30004119873047,87.49345397949219,88.54582977294922
24,mlp,down_proj,0,1,5.843577861785889,3.9614861011505127,83.56784057617188,89.97904968261719,72.70075225830078,72.70075225830078,75.91380310058594,77.98694610595703,80.2551498413086,81.35755157470703,82.63541412353516,83.24340057373047,83.83738708496094,84.86857604980469,85.9387435913086,86.40203857421875,87.08382415771484,87.62036895751953,88.03849792480469,89.22396850585938,89.97904968261719
24,mlp,down_proj,0,2,5.83875036239624,3.963754892349243,83.52594757080078,89.87918853759766,76.11092376708984,76.11092376708984,76.70985412597656,78.61511993408203,79.57089233398438,80.09886169433594,81.76119995117188,82.89936065673828,84.0352554321289,84.54170989990234,84.8147964477539,85.12809753417969,86.57073974609375,87.93754577636719,88.31974029541016,89.42193603515625,89.87918853759766
24,mlp,down_proj,0,3,5.835599422454834,3.9619011878967285,83.46650695800781,89.7722396850586,75.7883529663086,75.7883529663086,76.40216064453125,76.74639129638672,78.90772247314453,80.19263458251953,82.00822448730469,83.2955322265625,83.6583023071289,84.67327880859375,85.5367660522461,86.49188232421875,87.122802734375,87.60735321044922,88.05396270751953,89.20648956298828,89.7722396850586
24,mlp,down_proj,0,4,5.862595081329346,3.9671871662139893,83.8756103515625,89.74290466308594,76.2748031616211,76.2748031616211,77.49122619628906,78.5265121459961,79.97454833984375,81.56453704833984,82.22004699707031,83.43785858154297,84.45112609863281,84.81777954101562,85.10575866699219,85.67962646484375,86.87696838378906,88.10665893554688,88.41957092285156,89.31971740722656,89.74290466308594
24,mlp,down_proj,1,2,5.867557525634766,3.967127799987793,83.94091796875,89.86891174316406,73.9148178100586,73.9148178100586,78.7107162475586,79.59376525878906,80.8037109375,82.11679077148438,82.47124481201172,82.60807037353516,83.66819763183594,84.4742202758789,85.37957000732422,86.56071472167969,87.15746307373047,88.02300262451172,88.39251708984375,89.3109130859375,89.86891174316406
24,mlp,down_proj,1,3,5.858630180358887,3.964934825897217,83.80084228515625,89.84370422363281,73.71878814697266,73.71878814697266,75.66641235351562,79.83177947998047,80.8558349609375,81.61341094970703,82.96504211425781,83.60317993164062,84.27986145019531,85.25930786132812,85.50519561767578,85.97809600830078,86.63514709472656,87.27889251708984,88.72869110107422,89.0500717163086,89.84370422363281
24,mlp,down_proj,1,4,5.845956802368164,3.9661200046539307,83.64376831054688,89.49384307861328,75.28702545166016,75.28702545166016,78.45030212402344,79.56196594238281,80.33256530761719,80.57877349853516,81.43949890136719,82.61483764648438,84.07903289794922,84.9410629272461,85.1102294921875,85.84066772460938,86.64263153076172,87.11273193359375,87.7430648803711,89.07205963134766,89.49384307861328
24,mlp,down_proj,2,3,5.872685432434082,3.970165729522705,84.03800964355469,89.14891052246094,75.85458374023438,75.85458374023438,78.21924591064453,80.1230697631836,81.3050765991211,81.57713317871094,82.16694641113281,83.94571685791016,84.52821350097656,85.17195892333984,85.99916076660156,86.25896453857422,86.83287811279297,87.54931640625,87.7971420288086,88.12987518310547,89.14891052246094
24,mlp,down_proj,2,4,5.848864555358887,3.963306427001953,83.65564727783203,89.82747650146484,74.12626647949219,74.12626647949219,75.67560577392578,78.53495788574219,80.13195037841797,81.471923828125,81.85787200927734,83.57914733886719,84.54203796386719,85.33834075927734,85.65084075927734,85.93743133544922,86.44276428222656,87.78339385986328,88.43155670166016,89.15884399414062,89.82747650146484
24,mlp,down_proj,3,4,5.8708038330078125,3.968034029006958,83.99310302734375,89.95524597167969,75.56664276123047,75.56664276123047,78.02127075195312,79.47758483886719,80.11882019042969,81.21099853515625,82.51376342773438,83.4861068725586,84.2509536743164,84.49063110351562,85.6514663696289,86.3509521484375,87.39993286132812,87.78038787841797,88.56520080566406,89.0496826171875,89.95524597167969
24,mlp,gate_proj,0,1,5.886678695678711,3.9584290981292725,84.11068725585938,89.91619110107422,67.83613586425781,67.83613586425781,73.18946075439453,80.13597106933594,81.03257751464844,82.90100860595703,83.8385238647461,84.4931411743164,85.91049194335938,86.6183853149414,86.82142639160156,87.46573638916016,88.41931915283203,88.74244689941406,89.0270767211914,89.42301940917969,89.91619110107422
24,mlp,gate_proj,0,2,5.834414958953857,3.9515297412872314,83.3480224609375,89.9636001586914,67.22139739990234,67.22139739990234,72.57766723632812,77.1337890625,80.58151245117188,82.25777435302734,82.58918762207031,83.94439697265625,84.97076416015625,85.85626983642578,86.61289978027344,87.13792419433594,87.31365966796875,87.88345336914062,88.18611145019531,89.33786010742188,89.9636001586914
24,mlp,gate_proj,0,3,5.846823692321777,3.9556970596313477,83.5531234741211,89.3823471069336,68.63192749023438,68.63192749023438,72.143798828125,78.83575439453125,81.3936767578125,82.97411346435547,83.86455535888672,83.96317291259766,84.5910415649414,85.17398071289062,85.83795166015625,86.85672760009766,87.42671203613281,88.13606262207031,88.46379852294922,89.17437744140625,89.3823471069336
24,mlp,gate_proj,0,4,5.858921051025391,3.9566650390625,83.72381591796875,89.96027374267578,68.82319641113281,68.82319641113281,72.62791442871094,78.40840911865234,81.75554656982422,82.71253204345703,83.11685180664062,84.10688781738281,84.81751251220703,85.74588775634766,86.82516479492188,87.02465057373047,87.56511688232422,87.95658874511719,88.50585174560547,89.62860870361328,89.96027374267578
24,mlp,gate_proj,1,2,5.855468273162842,3.9535655975341797,83.6473388671875,89.56360626220703,68.5241928100586,68.5241928100586,70.40192413330078,78.19145965576172,80.88412475585938,82.72028350830078,83.55853271484375,84.83790588378906,85.88825225830078,86.07364654541016,86.39102935791016,87.52362823486328,87.6369400024414,88.1694107055664,88.87528991699219,89.11714172363281,89.56360626220703
24,mlp,gate_proj,1,3,5.840559482574463,3.9509119987487793,83.42375946044922,89.81110382080078,67.93472290039062,67.93472290039062,70.3490219116211,79.53767395019531,80.250732421875,81.06355285644531,83.18453979492188,83.52423095703125,84.44551849365234,85.29573059082031,86.85575103759766,87.45143127441406,87.75312805175781,88.5909652709961,89.18250274658203,89.54950714111328,89.81110382080078
24,mlp,gate_proj,1,4,5.8469061851501465,3.953341484069824,83.53143310546875,89.77742767333984,68.373291015625,68.373291015625,70.85822296142578,78.94049072265625,80.90818786621094,82.19319152832031,82.8996810913086,84.56372833251953,85.0624771118164,85.89662170410156,85.9590072631836,87.12471771240234,87.79246520996094,88.01341247558594,88.8744125366211,89.26559448242188,89.77742767333984
24,mlp,gate_proj,2,3,5.855779647827148,3.955357551574707,83.66867065429688,89.96527099609375,68.34639739990234,68.34639739990234,71.46717834472656,79.48544311523438,81.17269134521484,82.7904281616211,83.32756042480469,84.19573211669922,85.66642761230469,86.11258697509766,86.22432708740234,87.02497863769531,87.3800277709961,87.87002563476562,88.79529571533203,88.87442016601562,89.96527099609375
24,mlp,gate_proj,2,4,5.826798915863037,3.9497785568237305,83.23208618164062,89.92436218261719,69.41407775878906,69.41407775878906,70.82881927490234,76.98896026611328,78.47676086425781,81.481201171875,81.94422149658203,83.1753158569336,85.03650665283203,85.70528411865234,86.38123321533203,87.2826156616211,88.10920715332031,88.45262145996094,89.23910522460938,89.27302551269531,89.92436218261719
24,mlp,gate_proj,3,4,5.840670585632324,3.9521007537841797,83.43714904785156,89.78612518310547,68.80287170410156,68.80287170410156,70.48986053466797,78.29196166992188,80.23051452636719,81.78504180908203,82.95369720458984,84.12651824951172,85.14688110351562,86.00816345214844,86.50896453857422,86.7262954711914,87.35884857177734,87.85214233398438,89.26020050048828,89.666259765625,89.78612518310547
24,mlp,up_proj,0,1,5.891388893127441,3.9625158309936523,84.21339416503906,89.98002624511719,68.58901977539062,68.58901977539062,75.8960952758789,81.06107330322266,81.72964477539062,82.48120880126953,83.61642456054688,84.06498718261719,84.94698333740234,85.9266128540039,86.85517120361328,87.28244018554688,87.68238830566406,88.24732208251953,89.2608642578125,89.79395294189453,89.98002624511719
24,mlp,up_proj,0,2,5.889355182647705,3.9661169052124023,84.22195434570312,89.9660415649414,71.49292755126953,71.49292755126953,76.71602630615234,80.56587982177734,81.04229736328125,82.37220001220703,83.11848449707031,83.69207000732422,84.92318725585938,86.02415466308594,86.96826171875,87.14265441894531,88.06291198730469,88.1613998413086,88.56669616699219,88.736083984375,89.9660415649414
24,mlp,up_proj,0,3,5.880325794219971,3.9654133319854736,84.09346771240234,89.16558837890625,69.9581527709961,69.9581527709961,79.35786437988281,79.55427551269531,81.18016815185547,82.32735443115234,83.81157684326172,84.04884338378906,84.47737121582031,85.4382095336914,85.99940490722656,86.98529815673828,87.4930648803711,88.19581604003906,88.38662719726562,89.1158447265625,89.16558837890625
24,mlp,up_proj,0,4,5.868029594421387,3.961552858352661,83.89185333251953,89.71524810791016,68.66612243652344,68.66612243652344,77.02029418945312,80.44619750976562,81.19550323486328,82.11175537109375,82.37692260742188,83.91985321044922,85.1445083618164,85.695556640625,85.90028381347656,87.0228042602539,87.58834838867188,87.98368835449219,88.40869903564453,89.07389831542969,89.71524810791016
24,mlp,up_proj,1,2,5.913872718811035,3.96970534324646,84.58467864990234,89.67937469482422,71.10690307617188,71.10690307617188,78.59661102294922,80.6933822631836,82.96392059326172,83.15130615234375,83.79097747802734,84.66426849365234,85.36176300048828,85.77299499511719,86.63275146484375,87.12324523925781,87.42634582519531,87.83523559570312,89.01134490966797,89.5444107055664,89.67937469482422
24,mlp,up_proj,1,3,5.896366119384766,3.965039014816284,84.304443359375,89.53697204589844,69.22362518310547,69.22362518310547,78.16253662109375,79.90773010253906,81.22740173339844,82.91181182861328,83.8739242553711,84.11605072021484,85.49427032470703,85.7209701538086,86.7015380859375,87.67731475830078,87.94278717041016,88.38609313964844,88.86087799072266,89.12708282470703,89.53697204589844
24,mlp,up_proj,1,4,5.907974720001221,3.9657695293426514,84.46699523925781,89.9422607421875,69.10782623291016,69.10782623291016,77.13331604003906,80.12816619873047,82.01569366455078,83.47213745117188,84.77921295166016,85.11334991455078,85.82777404785156,86.338623046875,86.76168060302734,87.09559631347656,87.56724548339844,88.02749633789062,88.61406707763672,89.54740142822266,89.9422607421875
24,mlp,up_proj,2,3,5.902074337005615,3.9691007137298584,84.42060852050781,89.5816650390625,71.53949737548828,71.53949737548828,78.67143249511719,80.73666381835938,81.79806518554688,82.65943145751953,83.39867401123047,84.93888092041016,85.3762435913086,85.56583404541016,86.22180938720703,86.8636703491211,87.67279815673828,88.02880859375,88.16275787353516,89.51339721679688,89.5816650390625
24,mlp,up_proj,2,4,5.908203601837158,3.9675662517547607,84.48764038085938,89.54237365722656,69.8513412475586,69.8513412475586,79.32335662841797,80.8647689819336,81.17821502685547,82.50895690917969,84.09165954589844,84.54157257080078,85.16690063476562,85.96013641357422,86.39750671386719,87.68306732177734,88.20726776123047,88.36934661865234,88.80476379394531,89.31101989746094,89.54237365722656
24,mlp,up_proj,3,4,5.893280029296875,3.9670345783233643,84.28265380859375,89.95409393310547,70.73151397705078,70.73151397705078,77.35143280029297,80.9996109008789,81.86351776123047,82.98558044433594,84.08036041259766,84.42253112792969,84.79452514648438,85.54495239257812,86.08747100830078,87.0025863647461,87.36477661132812,87.6483383178711,88.64237976074219,89.04877471923828,89.95409393310547
24,self_attn,k_proj,0,1,5.368422508239746,3.8403210639953613,76.33403015136719,89.71977233886719,58.190860748291016,58.190860748291016,61.90180969238281,64.16169738769531,68.78147888183594,71.08854675292969,73.14823150634766,75.20074462890625,76.22203063964844,78.08740234375,80.332763671875,81.59083557128906,82.93695068359375,84.54023742675781,86.61952209472656,88.82164001464844,89.71977233886719
24,self_attn,k_proj,0,2,5.303419589996338,3.8120930194854736,75.2651138305664,89.5592041015625,56.38692092895508,56.38692092895508,59.97511672973633,62.852928161621094,66.41547393798828,67.54911041259766,68.55821990966797,72.74980926513672,76.2892837524414,77.85073852539062,79.43106079101562,81.44070434570312,84.23992919921875,85.80364227294922,87.18417358398438,87.95548248291016,89.5592041015625
24,self_attn,k_proj,0,3,5.2628583908081055,3.804417371749878,74.70075988769531,89.6423568725586,55.684722900390625,55.684722900390625,59.27241897583008,62.156028747558594,65.94518280029297,66.89791870117188,70.1904067993164,72.29573059082031,74.79051208496094,77.47579193115234,80.26948547363281,81.41502380371094,83.00953674316406,84.30260467529297,85.04827117919922,86.81627655029297,89.6423568725586
24,self_attn,k_proj,0,4,5.26784086227417,3.8171589374542236,74.89077758789062,89.03693389892578,56.611820220947266,56.611820220947266,58.93104553222656,65.1130599975586,67.54031372070312,70.49612426757812,71.5389175415039,74.15839385986328,74.45650482177734,76.63848876953125,77.66304779052734,79.63160705566406,80.87570190429688,84.07142639160156,84.87252044677734,86.61647033691406,89.03693389892578
24,self_attn,k_proj,1,2,5.192007064819336,3.790774345397949,73.72936248779297,88.27055358886719,57.0224723815918,57.0224723815918,58.236183166503906,59.254940032958984,65.73995208740234,67.45055389404297,70.24590301513672,72.28873443603516,73.05175018310547,76.55647277832031,77.64075469970703,79.6339340209961,80.8727035522461,82.9638442993164,84.35274505615234,86.08834838867188,88.27055358886719
24,self_attn,k_proj,1,3,5.302760124206543,3.823411464691162,75.37540435791016,89.94673919677734,58.08170700073242,58.08170700073242,59.40023422241211,64.82373809814453,68.23789978027344,70.78498077392578,72.78548431396484,72.96553039550781,74.0926513671875,76.87932586669922,77.12870788574219,80.19629669189453,81.26512908935547,84.59243774414062,85.8731689453125,88.9524154663086,89.94673919677734
24,self_attn,k_proj,1,4,5.331688404083252,3.8349502086639404,75.8356704711914,89.86505889892578,56.942901611328125,56.942901611328125,62.43830871582031,64.99161529541016,68.5090103149414,71.52517700195312,73.20396423339844,74.22074890136719,76.16954040527344,77.80573272705078,78.5503921508789,79.67110443115234,81.90149688720703,83.9748764038086,86.08842468261719,87.51234436035156,89.86505889892578
24,self_attn,k_proj,2,3,5.27545690536499,3.813502311706543,74.941650390625,88.95164489746094,55.38140869140625,55.38140869140625,60.139442443847656,62.697288513183594,67.56147003173828,68.713134765625,72.3084716796875,73.54180145263672,75.21685791015625,75.54756927490234,79.48098754882812,80.1463623046875,82.14551544189453,84.8602523803711,85.66565704345703,86.7085189819336,88.95164489746094
24,self_attn,k_proj,2,4,5.252099514007568,3.802177906036377,74.5499267578125,89.49712371826172,56.42841720581055,56.42841720581055,59.16575241088867,60.91796112060547,64.21475219726562,66.80060577392578,70.30755615234375,74.5151596069336,76.01622772216797,77.48634338378906,79.53730773925781,80.65973663330078,81.17652130126953,83.8705825805664,85.15068817138672,87.05403137207031,89.49712371826172
24,self_attn,k_proj,3,4,5.268510341644287,3.80877423286438,74.81581115722656,89.7729721069336,55.525245666503906,55.525245666503906,59.935726165771484,65.25548553466797,65.87065887451172,67.34449005126953,70.5906753540039,71.70616912841797,75.19220733642578,77.17974090576172,78.70902252197266,80.09803009033203,81.27584075927734,83.76396179199219,86.22178649902344,88.61103057861328,89.7729721069336
24,self_attn,o_proj,0,1,5.802207946777344,3.9583535194396973,82.99092102050781,89.79219818115234,74.74996948242188,74.74996948242188,76.51158142089844,77.45301055908203,78.15277862548828,79.84334564208984,80.68499755859375,83.07742309570312,83.36621856689453,84.34696960449219,84.77739715576172,85.6038589477539,86.1151123046875,87.1242446899414,87.53044891357422,88.72518920898438,89.79219818115234
24,self_attn,o_proj,0,2,5.823068141937256,3.960454225540161,83.28579711914062,88.96428680419922,72.89210510253906,72.89210510253906,76.07405090332031,77.61121368408203,79.67662811279297,81.4649429321289,82.54927825927734,83.72245788574219,84.10885620117188,84.5519027709961,84.98831939697266,85.6515884399414,86.06532287597656,87.76461791992188,87.99268341064453,88.49446105957031,88.96428680419922
24,self_attn,o_proj,0,3,5.801777362823486,3.956088066101074,82.96346282958984,89.50927734375,72.81993865966797,72.81993865966797,75.49372863769531,77.32225799560547,78.76944732666016,80.39372253417969,81.49057006835938,82.49168395996094,83.35698699951172,83.99214935302734,84.07349395751953,85.84357452392578,86.79058074951172,87.2992935180664,88.6849365234375,89.0837173461914,89.50927734375
24,self_attn,o_proj,0,4,5.808947563171387,3.9554316997528076,83.05133056640625,89.47696685791016,72.28498077392578,72.28498077392578,74.16969299316406,75.93778991699219,80.03291320800781,81.1128158569336,82.35139465332031,82.58549499511719,83.40100860595703,84.4439468383789,84.97525787353516,86.16847229003906,87.15087127685547,87.65988159179688,88.16364288330078,88.90617370605469,89.47696685791016
24,self_attn,o_proj,1,2,5.793957710266113,3.9536964893341064,82.83723449707031,89.71110534667969,71.78731536865234,71.78731536865234,74.23176574707031,77.17601776123047,79.58172607421875,80.77804565429688,81.4455337524414,82.14292907714844,82.69764709472656,83.96350860595703,84.71326446533203,85.26799774169922,86.98242950439453,87.48824310302734,88.40780639648438,89.02037811279297,89.71110534667969
24,self_attn,o_proj,1,3,5.802464962005615,3.9550697803497314,82.9618911743164,89.55213928222656,71.00188446044922,71.00188446044922,74.45545196533203,77.9909896850586,80.05402374267578,81.25909423828125,81.62064361572266,82.54132843017578,83.30496978759766,84.00444030761719,84.60848999023438,85.91715240478516,86.70075988769531,87.27325439453125,88.389892578125,88.71576690673828,89.55213928222656
24,self_attn,o_proj,1,4,5.741631507873535,3.9439737796783447,82.05824279785156,89.68091583251953,70.84747314453125,70.84747314453125,72.42842864990234,75.46446228027344,77.32182312011719,79.52235412597656,80.52861022949219,81.74443054199219,82.73240661621094,83.61494445800781,84.58963775634766,85.27213287353516,85.9326400756836,86.7753677368164,87.67599487304688,88.80023193359375,89.68091583251953
24,self_attn,o_proj,2,3,5.797924995422363,3.9553356170654297,82.90525817871094,89.66291046142578,72.79228210449219,72.79228210449219,75.05651092529297,75.9854507446289,78.81484985351562,81.33740234375,81.95989227294922,82.80191040039062,83.27530670166016,84.42577362060547,85.05463409423828,85.1524658203125,86.0250244140625,86.58548736572266,88.44788360595703,89.10635375976562,89.66291046142578
24,self_attn,o_proj,2,4,5.732822895050049,3.945286512374878,81.95709228515625,89.93721771240234,72.05035400390625,72.05035400390625,74.42902374267578,76.33413696289062,77.90103149414062,78.84366607666016,79.2657699584961,80.94650268554688,81.6783447265625,82.32339477539062,83.09640502929688,84.84996032714844,85.66139221191406,87.16156768798828,88.14326477050781,88.69146728515625,89.93721771240234
24,self_attn,o_proj,3,4,5.760088920593262,3.948535203933716,82.34367370605469,89.78917694091797,71.46277618408203,71.46277618408203,75.1750717163086,75.8365249633789,78.51802062988281,78.54928588867188,80.49784088134766,81.33832550048828,82.75653839111328,82.9655532836914,84.59364318847656,85.6686019897461,86.2599105834961,87.22303771972656,88.03539276123047,88.82913208007812,89.78917694091797
24,self_attn,q_proj,0,1,5.563068866729736,3.8976027965545654,79.31689453125,89.39089965820312,65.07435607910156,65.07435607910156,66.96507263183594,69.81170654296875,71.57130432128906,74.30925750732422,75.93798065185547,78.40367889404297,79.94115447998047,82.76720428466797,83.39773559570312,83.88114166259766,84.25273895263672,86.68608093261719,87.69346618652344,88.9865951538086,89.39089965820312
24,self_attn,q_proj,0,2,5.609206676483154,3.9124748706817627,80.04542541503906,89.11659240722656,64.28010559082031,64.28010559082031,69.5330810546875,73.02263641357422,75.62592315673828,76.19322204589844,77.82241821289062,78.58641815185547,79.51172637939453,81.82185363769531,81.9542465209961,84.34231567382812,85.37847900390625,86.56273651123047,88.2171859741211,88.75788116455078,89.11659240722656
24,self_attn,q_proj,0,3,5.57924222946167,3.9009788036346436,79.55416870117188,89.9345474243164,65.9129638671875,65.9129638671875,66.96226501464844,67.83673858642578,73.81681060791016,76.76602935791016,77.47471618652344,77.79811096191406,79.0831527709961,81.2021255493164,82.7376708984375,83.9517593383789,84.94161987304688,86.47795104980469,88.76775360107422,89.2024917602539,89.9345474243164
24,self_attn,q_proj,0,4,5.576842784881592,3.901055097579956,79.52278137207031,88.69380950927734,64.76312255859375,64.76312255859375,67.56069946289062,68.03070831298828,73.1821060180664,75.03877258300781,77.38553619384766,79.31263732910156,80.30602264404297,82.05225372314453,83.72245788574219,84.5717544555664,85.23983764648438,86.89891052246094,87.18653869628906,88.41941833496094,88.69380950927734
24,self_attn,q_proj,1,2,5.574207305908203,3.9028584957122803,79.5082015991211,88.97380065917969,64.59973907470703,64.59973907470703,68.09074401855469,71.11688995361328,72.54903411865234,73.81849670410156,77.85655212402344,78.20658111572266,80.4695816040039,82.12364196777344,83.16542053222656,84.34062194824219,84.65731048583984,86.31463623046875,87.23651885986328,88.61165618896484,88.97380065917969
24,self_attn,q_proj,1,3,5.632356643676758,3.91800594329834,80.39583587646484,89.94784545898438,66.453857421875,66.453857421875,69.8053207397461,71.95240020751953,75.4664535522461,76.26256561279297,77.80876159667969,79.61067962646484,81.08252716064453,82.24092864990234,83.45986938476562,84.66787719726562,85.17118072509766,86.24391174316406,87.1592025756836,88.99999237060547,89.94784545898438
24,self_attn,q_proj,1,4,5.544467926025391,3.899472236633301,79.09979248046875,89.2264175415039,63.52156066894531,63.52156066894531,68.02752685546875,72.20854949951172,73.20410919189453,75.10092163085938,77.06196594238281,77.80008697509766,79.22920989990234,80.4782943725586,82.12002563476562,82.73880004882812,83.95980834960938,85.62431335449219,87.32110595703125,87.97396850585938,89.2264175415039
24,self_attn,q_proj,2,3,5.597142696380615,3.9034295082092285,79.80169677734375,89.88263702392578,64.2537841796875,64.2537841796875,65.32292938232422,70.91087341308594,73.87797546386719,76.17851257324219,77.22332000732422,78.81362915039062,82.04595947265625,82.18464660644531,83.57666015625,84.20661163330078,85.41487884521484,86.51570129394531,87.67462921142578,88.74434661865234,89.88263702392578
24,self_attn,q_proj,2,4,5.58149528503418,3.907287359237671,79.64559936523438,89.51233673095703,66.14167022705078,66.14167022705078,68.30339813232422,72.54236602783203,73.36945343017578,75.70648193359375,76.40231323242188,78.1331558227539,78.89936828613281,81.36495971679688,82.2511215209961,83.34349060058594,85.88164520263672,86.99649810791016,87.34198760986328,88.13935089111328,89.51233673095703
24,self_attn,q_proj,3,4,5.584537506103516,3.910752534866333,79.71813201904297,89.34439849853516,66.48856353759766,66.48856353759766,69.46134185791016,73.47164916992188,74.15730285644531,74.73986053466797,76.38835144042969,78.00545501708984,79.97526550292969,81.83296203613281,82.11875915527344,83.82434844970703,83.89214324951172,85.92549896240234,87.01918029785156,88.84507751464844,89.34439849853516
24,self_attn,v_proj,0,1,5.353245735168457,3.8338801860809326,76.05506134033203,88.54969787597656,50.0366096496582,50.0366096496582,64.53251647949219,65.5624771118164,70.30168151855469,71.69590759277344,73.4707260131836,74.40864562988281,77.02543640136719,78.51475524902344,81.25138092041016,82.2293472290039,82.72692108154297,84.21224212646484,85.66903686523438,86.69358825683594,88.54969787597656
24,self_attn,v_proj,0,2,5.252269268035889,3.787346601486206,74.33763885498047,87.8788833618164,44.362571716308594,44.362571716308594,58.432891845703125,64.14311981201172,66.16407012939453,66.88184356689453,71.83749389648438,74.64497375488281,75.02134704589844,77.98729705810547,80.38926696777344,81.2569580078125,82.72289276123047,83.94656372070312,86.20398712158203,87.52799987792969,87.8788833618164
24,self_attn,v_proj,0,3,5.343692302703857,3.827924966812134,75.87256622314453,89.65955352783203,48.15440368652344,48.15440368652344,64.42750549316406,68.63745880126953,69.51470947265625,71.41019439697266,73.243896484375,74.53912353515625,76.20195770263672,77.48059844970703,77.95616912841797,80.32550811767578,82.99744415283203,84.4969711303711,86.20433807373047,88.7112808227539,89.65955352783203
24,self_attn,v_proj,0,4,5.297308444976807,3.8125128746032715,75.15294647216797,88.49906158447266,47.33574676513672,47.33574676513672,62.75887680053711,64.16138458251953,67.34353637695312,71.26192474365234,72.62787628173828,75.88231658935547,76.88681030273438,77.31526184082031,78.49327087402344,80.1997299194336,81.49982452392578,84.96629333496094,86.25228881835938,86.9629135131836,88.49906158447266
24,self_attn,v_proj,1,2,5.291266441345215,3.795614242553711,74.89320373535156,88.83807373046875,46.9537353515625,46.9537353515625,54.81532669067383,62.56679153442383,68.90504455566406,69.73018646240234,71.5841293334961,74.07743835449219,77.27831268310547,78.65511322021484,81.240966796875,82.31389617919922,82.9607162475586,84.87420654296875,85.96572875976562,87.53153991699219,88.83807373046875
24,self_attn,v_proj,1,3,5.329866409301758,3.829381227493286,75.72914123535156,88.17198181152344,49.71620178222656,49.71620178222656,65.25582885742188,66.75635528564453,69.08541107177734,71.12984466552734,73.0970458984375,74.22882843017578,76.10822296142578,77.73746490478516,80.37312316894531,80.86251068115234,81.53192138671875,84.22724914550781,85.41891479492188,87.96540069580078,88.17198181152344
24,self_attn,v_proj,1,4,5.362236499786377,3.8291690349578857,76.11814880371094,89.75399017333984,50.137908935546875,50.137908935546875,63.52401351928711,64.755126953125,67.96439361572266,71.93557739257812,73.27074432373047,75.90185546875,77.33903503417969,78.34428405761719,79.14283752441406,82.54100036621094,83.66820526123047,84.45538330078125,86.56230926513672,88.59375762939453,89.75399017333984
24,self_attn,v_proj,2,3,5.3153791427612305,3.7957992553710938,75.15082550048828,89.62928009033203,41.7255744934082,41.7255744934082,61.84127426147461,62.165435791015625,67.3724136352539,69.00969696044922,72.98653411865234,74.04853820800781,76.28460693359375,78.12915802001953,81.1515884399414,82.79593658447266,84.24578094482422,85.9664306640625,87.39217376708984,87.66883850097656,89.62928009033203
24,self_attn,v_proj,2,4,5.295191287994385,3.7975149154663086,74.96727752685547,89.48313903808594,46.72287368774414,46.72287368774414,58.5505485534668,61.81280517578125,66.23409271240234,69.95703887939453,72.6319580078125,73.79239654541016,77.4710693359375,78.03007507324219,80.13438415527344,81.18209838867188,84.1496810913086,84.61186981201172,86.73046112060547,87.98196411132812,89.48313903808594
24,self_attn,v_proj,3,4,5.433440208435059,3.8395748138427734,77.07942962646484,89.6678237915039,48.69853973388672,48.69853973388672,62.089324951171875,68.47077178955078,70.03845977783203,72.07197570800781,73.51998901367188,75.27560424804688,79.31510925292969,79.87625885009766,81.17487335205078,83.00801086425781,86.3863754272461,87.28569030761719,88.02558135986328,88.36649322509766,89.6678237915039
25,mlp,down_proj,0,1,5.825521469116211,3.9542384147644043,83.25575256347656,89.9887924194336,66.74288177490234,66.74288177490234,76.6756591796875,78.89519500732422,80.30521392822266,81.2906494140625,81.82652282714844,83.6717300415039,84.26831817626953,84.93121337890625,85.92271423339844,86.0650405883789,86.51818084716797,87.3770980834961,88.5796890258789,89.03314208984375,89.9887924194336
25,mlp,down_proj,0,2,5.811370849609375,3.9548375606536865,83.076416015625,89.80010986328125,69.26225280761719,69.26225280761719,75.73469543457031,77.74041748046875,80.1719741821289,81.0377197265625,81.63479614257812,82.5752182006836,84.71134948730469,84.80299377441406,85.09705352783203,85.90172576904297,86.90817260742188,87.20730590820312,87.26568603515625,89.3712158203125,89.80010986328125
25,mlp,down_proj,0,3,5.792389392852783,3.95015287399292,82.78180694580078,89.84117126464844,68.93408966064453,68.93408966064453,75.68350219726562,76.97509765625,77.62773895263672,80.31169891357422,81.51860809326172,81.83212280273438,83.47616577148438,84.10543823242188,84.9516372680664,86.8935775756836,87.40587615966797,87.74679565429688,88.28691101074219,88.9185562133789,89.84117126464844
25,mlp,down_proj,0,4,5.800422191619873,3.9499731063842773,82.88343811035156,89.77827453613281,66.7081069946289,66.7081069946289,74.20634460449219,78.68301391601562,80.37501525878906,81.43709564208984,81.75691986083984,82.68016052246094,83.34505462646484,84.29857635498047,84.64056396484375,86.44283294677734,87.04207611083984,87.54078674316406,87.9315414428711,89.26871490478516,89.77827453613281
25,mlp,down_proj,1,2,5.758345127105713,3.945688247680664,82.29267120361328,89.3412094116211,69.3708724975586,69.3708724975586,74.57543182373047,75.55570220947266,77.81527709960938,79.66293334960938,80.27444458007812,81.96976470947266,82.32073211669922,83.78181457519531,84.67697143554688,86.47240447998047,86.72068786621094,86.9027328491211,88.05244445800781,89.18929290771484,89.3412094116211
25,mlp,down_proj,1,3,5.784274101257324,3.95058536529541,82.67937469482422,89.96786499023438,69.28948211669922,69.28948211669922,76.43634796142578,77.18688201904297,78.47476959228516,79.65155029296875,79.96438598632812,82.1523666381836,83.67650604248047,84.4165267944336,84.65865325927734,86.1304931640625,86.55232238769531,86.92929077148438,88.32770538330078,89.0548095703125,89.96786499023438
25,mlp,down_proj,1,4,5.811611175537109,3.952428102493286,83.05472564697266,89.49371337890625,66.79646301269531,66.79646301269531,76.76374816894531,78.21018981933594,79.53262329101562,81.11274719238281,82.19910430908203,82.8741683959961,83.49214935302734,84.8266830444336,85.00122833251953,86.24954223632812,86.78157043457031,88.0619888305664,88.51213836669922,88.967529296875,89.49371337890625
25,mlp,down_proj,2,3,5.7917304039001465,3.950975179672241,82.78135681152344,89.89653015136719,70.3966064453125,70.3966064453125,73.38861083984375,76.41915130615234,79.82727813720703,80.8274154663086,81.12779235839844,82.4429931640625,83.43699645996094,84.22078704833984,85.32608032226562,85.51751708984375,86.7196044921875,87.14329528808594,88.2832260131836,89.52774810791016,89.89653015136719
25,mlp,down_proj,2,4,5.791601657867432,3.9496004581451416,82.76673889160156,89.85491943359375,70.1251220703125,70.1251220703125,74.37164306640625,75.56730651855469,77.45353698730469,79.8964614868164,81.87683868408203,82.95579528808594,83.80817413330078,84.7773666381836,85.08658599853516,86.0694351196289,86.71048736572266,87.84579467773438,88.63124084472656,89.23712921142578,89.85491943359375
25,mlp,down_proj,3,4,5.823272705078125,3.954091787338257,83.22650909423828,89.63365173339844,68.81900787353516,68.81900787353516,75.00437927246094,77.445068359375,78.72828674316406,81.82805633544922,82.80602264404297,82.98113250732422,84.03394317626953,85.29034423828125,85.8739013671875,86.33182525634766,87.23184967041016,87.82577514648438,88.74555969238281,89.04542541503906,89.63365173339844
25,mlp,gate_proj,0,1,5.866474628448486,3.9528260231018066,83.78253173828125,89.90715026855469,64.01915740966797,64.01915740966797,73.68145751953125,79.41392517089844,82.71541595458984,83.47406005859375,83.87132263183594,84.45003509521484,85.79828643798828,86.16522216796875,86.3872299194336,86.66423034667969,87.17054748535156,88.48712158203125,88.87507629394531,89.44023895263672,89.90715026855469
25,mlp,gate_proj,0,2,5.853386402130127,3.950464963912964,83.58891296386719,89.42497253417969,66.75042724609375,66.75042724609375,70.62140655517578,77.57612609863281,80.6091079711914,81.9609146118164,83.95408630371094,84.97093200683594,85.4647216796875,86.45653533935547,87.00077056884766,87.77651977539062,88.1796875,88.46570587158203,88.85620880126953,89.35448455810547,89.42497253417969
25,mlp,gate_proj,0,3,5.842718601226807,3.954263687133789,83.48507690429688,89.8949966430664,68.08900451660156,68.08900451660156,73.0728530883789,78.15890502929688,80.02227020263672,82.4802017211914,83.21985626220703,83.85480499267578,84.61979675292969,85.75502014160156,86.24197387695312,86.82193756103516,87.62261199951172,88.30902862548828,88.66537475585938,88.93264770507812,89.8949966430664
25,mlp,gate_proj,0,4,5.856414794921875,3.9540815353393555,83.66358947753906,89.44782257080078,67.37865447998047,67.37865447998047,70.56464385986328,80.81244659423828,81.34439086914062,83.0894546508789,84.07095336914062,84.12987518310547,85.25492858886719,85.96659088134766,86.57660675048828,86.7573013305664,87.53560638427734,87.61997985839844,88.79650115966797,89.27166748046875,89.44782257080078
25,mlp,gate_proj,1,2,5.885244846343994,3.9566023349761963,84.07079315185547,89.254150390625,64.9346694946289,64.9346694946289,74.91227722167969,79.87767791748047,82.41694641113281,83.22814178466797,83.5261001586914,85.11000061035156,85.50262451171875,86.7049789428711,87.21173095703125,87.55569458007812,88.32765197753906,88.67521667480469,88.81805419921875,89.0768051147461,89.254150390625
25,mlp,gate_proj,1,3,5.866239547729492,3.95526385307312,83.80561828613281,89.75955200195312,66.01264190673828,66.01264190673828,74.1630630493164,79.34403228759766,80.04283142089844,83.58042907714844,83.86651611328125,84.79199981689453,85.82984161376953,86.0409927368164,86.42366027832031,87.03125,87.65930938720703,88.29753112792969,88.58113861083984,89.46508026123047,89.75955200195312
25,mlp,gate_proj,1,4,5.877784252166748,3.958430290222168,83.99170684814453,89.75849914550781,67.96011352539062,67.96011352539062,73.46472930908203,79.11670684814453,82.55829620361328,82.9161605834961,83.28307342529297,84.67684936523438,85.618408203125,85.99430847167969,86.71881866455078,87.09599304199219,87.7668228149414,88.66565704345703,89.04539489746094,89.22750854492188,89.75849914550781
25,mlp,gate_proj,2,3,5.886349201202393,3.958908796310425,84.11012268066406,89.99816131591797,66.91441345214844,66.91441345214844,75.09635925292969,79.31604766845703,81.44078063964844,83.24835205078125,84.41737365722656,84.85780334472656,85.52793884277344,85.61700439453125,86.65132141113281,87.52693176269531,87.97821044921875,88.73300170898438,89.10557556152344,89.33274841308594,89.99816131591797
25,mlp,gate_proj,2,4,5.885397434234619,3.9597067832946777,84.10540771484375,89.99759674072266,68.58580017089844,68.58580017089844,71.87983703613281,81.18228912353516,82.76941680908203,84.07040405273438,84.40885162353516,84.83251190185547,85.19129943847656,85.67344665527344,86.55674743652344,86.89031982421875,87.1803207397461,88.35658264160156,88.87225341796875,89.23892974853516,89.99759674072266
25,mlp,gate_proj,3,4,5.867194652557373,3.960587501525879,83.87274169921875,89.98746490478516,70.8328857421875,70.8328857421875,73.41510009765625,79.81454467773438,80.77497863769531,82.45014953613281,83.0104751586914,84.26432800292969,84.77080535888672,85.64997863769531,86.17611694335938,86.66954040527344,87.3011474609375,88.17445373535156,89.01165008544922,89.66030883789062,89.98746490478516
25,mlp,up_proj,0,1,5.896315097808838,3.962242841720581,84.27740478515625,89.64447784423828,70.38714599609375,70.38714599609375,72.52906799316406,80.49061584472656,81.87684631347656,82.8853988647461,84.13262176513672,84.76693725585938,85.6312026977539,86.23050689697266,87.1025390625,87.66914367675781,88.21475982666016,88.44420623779297,89.11711120605469,89.31597137451172,89.64447784423828
25,mlp,up_proj,0,2,5.867428302764893,3.957963466644287,83.84891510009766,89.9419174194336,67.92278289794922,67.92278289794922,73.55306243896484,79.77178192138672,82.0241928100586,83.17967987060547,83.76390838623047,83.96577453613281,84.91356658935547,85.37395477294922,85.89974975585938,86.90119934082031,87.45354461669922,88.80659484863281,88.94267272949219,89.1682357788086,89.9419174194336
25,mlp,up_proj,0,3,5.875611782073975,3.960329294204712,83.9815902709961,89.8779296875,69.30848693847656,69.30848693847656,73.3492660522461,80.60044860839844,81.28739166259766,82.4432373046875,83.81188201904297,84.80052947998047,85.54812622070312,85.89656066894531,86.18257141113281,87.09937286376953,87.20706176757812,88.22296142578125,88.74773406982422,89.3218994140625,89.8779296875
25,mlp,up_proj,0,4,5.874534606933594,3.9610230922698975,83.97409057617188,89.48572540283203,70.59393310546875,70.59393310546875,72.26956939697266,79.60880279541016,82.79052734375,83.34518432617188,84.06397247314453,84.45870971679688,84.59196472167969,85.53404235839844,86.46312713623047,87.08610534667969,87.41454315185547,88.03990936279297,88.53213500976562,89.30720520019531,89.48572540283203
25,mlp,up_proj,1,2,5.871583461761475,3.958087921142578,83.90520477294922,89.76423645019531,67.691650390625,67.691650390625,73.26414489746094,80.48906707763672,82.17688751220703,82.8802490234375,83.6590805053711,84.03617095947266,84.79937744140625,86.0799560546875,86.6778335571289,87.16111755371094,87.55171966552734,87.90513610839844,88.88646697998047,89.4601821899414,89.76423645019531
25,mlp,up_proj,1,3,5.875904560089111,3.960275888442993,83.98504638671875,89.6922378540039,70.05062866210938,70.05062866210938,72.10465240478516,80.5046157836914,81.72461700439453,82.7002944946289,83.95630645751953,84.66963195800781,85.33087921142578,86.11653137207031,86.41633605957031,86.89270782470703,87.50929260253906,88.31681823730469,88.8368911743164,88.93824768066406,89.6922378540039
25,mlp,up_proj,1,4,5.874391078948975,3.9580063819885254,83.94286346435547,89.91130065917969,68.96949768066406,68.96949768066406,72.12498474121094,79.38035583496094,81.96700286865234,82.77071380615234,83.33863830566406,84.54171752929688,85.5993881225586,86.10092163085938,86.78899383544922,87.26494598388672,87.3861083984375,88.16407012939453,88.99334716796875,89.78380584716797,89.91130065917969
25,mlp,up_proj,2,3,5.883845806121826,3.9590845108032227,84.0789566040039,89.79061126708984,67.95726013183594,67.95726013183594,73.30101776123047,80.65635681152344,81.85883331298828,82.92581939697266,83.85352325439453,84.15595245361328,85.47981262207031,85.99066925048828,86.4850082397461,87.47871398925781,88.13863372802734,88.49459838867188,89.20743560791016,89.48906707763672,89.79061126708984
25,mlp,up_proj,2,4,5.892890453338623,3.964914083480835,84.25726318359375,89.87950134277344,70.86522674560547,70.86522674560547,74.37666320800781,81.4270248413086,82.27423095703125,82.88391876220703,83.72187042236328,84.50852966308594,85.39981079101562,85.90184020996094,86.07953643798828,86.8039779663086,87.55501556396484,88.26067352294922,88.59195709228516,89.58636474609375,89.87950134277344
25,mlp,up_proj,3,4,5.857672214508057,3.9595086574554443,83.7345962524414,89.345703125,70.19525146484375,70.19525146484375,72.521728515625,79.4388427734375,81.95170593261719,83.30715942382812,83.60558319091797,84.34066772460938,84.82089233398438,85.4950180053711,85.77323150634766,86.59500122070312,87.26443481445312,87.80970001220703,88.210205078125,89.07836151123047,89.345703125
25,self_attn,k_proj,0,1,5.3338541984558105,3.8324790000915527,75.83033752441406,89.57164001464844,54.199951171875,54.199951171875,62.90140151977539,67.4936752319336,69.4439926147461,70.45514678955078,72.23222351074219,73.71957397460938,75.10087585449219,76.73738098144531,78.7347412109375,81.20370483398438,83.92950439453125,84.18440246582031,85.76499938964844,87.6121826171875,89.57164001464844
25,self_attn,k_proj,0,2,5.275866985321045,3.81833815574646,75.00424194335938,89.7093734741211,57.789127349853516,57.789127349853516,60.82746124267578,64.14402770996094,66.74339294433594,69.46958923339844,70.79642486572266,72.99363708496094,74.00851440429688,77.2210693359375,78.69708251953125,80.1954345703125,81.75843048095703,83.01441192626953,86.1175537109375,86.58232116699219,89.7093734741211
25,self_attn,k_proj,0,3,5.3335418701171875,3.8335983753204346,75.8464584350586,89.55393981933594,57.23893737792969,57.23893737792969,61.33927536010742,68.03251647949219,68.68988800048828,70.32669067382812,70.537109375,74.34384155273438,75.50338745117188,76.53871154785156,79.18600463867188,80.21916961669922,82.45536804199219,84.63904571533203,86.45367431640625,88.48587799072266,89.55393981933594
25,self_attn,k_proj,0,4,5.370392799377441,3.848912239074707,76.45149230957031,88.69950103759766,61.282318115234375,61.282318115234375,64.0671157836914,66.21942138671875,68.37431335449219,69.81763458251953,72.271728515625,73.91207122802734,74.82189178466797,78.59657287597656,81.11092376708984,82.05913543701172,84.41658020019531,85.1766357421875,85.4466552734375,86.9514389038086,88.69950103759766
25,self_attn,k_proj,1,2,5.387219429016113,3.8481380939483643,76.64273834228516,88.6837387084961,58.136592864990234,58.136592864990234,62.99663543701172,67.96668243408203,69.67987060546875,71.14891815185547,72.5807876586914,73.7085189819336,75.7269287109375,77.2994155883789,80.49186706542969,82.7083740234375,84.01876068115234,85.67188262939453,87.1052474975586,88.35955047607422,88.6837387084961
25,self_attn,k_proj,1,3,5.349443435668945,3.842543840408325,76.1326904296875,89.5167007446289,60.87875747680664,60.87875747680664,62.48838806152344,64.70589447021484,68.28021240234375,70.88670349121094,72.46022033691406,74.70318603515625,76.39063262939453,77.09558868408203,79.20227813720703,81.3000259399414,83.42704772949219,83.48523712158203,85.12478637695312,88.1773452758789,89.5167007446289
25,self_attn,k_proj,1,4,5.331450462341309,3.841778516769409,75.91124725341797,89.19546508789062,61.116085052490234,61.116085052490234,63.48943328857422,66.36377716064453,68.07544708251953,70.1215591430664,71.79695129394531,73.99345397949219,75.82251739501953,77.04013061523438,79.29917907714844,80.56352233886719,81.52865600585938,83.09583282470703,84.13443756103516,88.94356536865234,89.19546508789062
25,self_attn,k_proj,2,3,5.368179798126221,3.8373095989227295,76.30360412597656,89.4702377319336,57.69558334350586,57.69558334350586,62.68734359741211,65.53218841552734,68.88333129882812,70.09823608398438,71.39830017089844,72.36932373046875,74.9310531616211,78.60783386230469,80.81640625,82.43946075439453,83.62692260742188,86.62759399414062,87.42913818359375,88.24469757080078,89.4702377319336
25,self_attn,k_proj,2,4,5.344020366668701,3.846661329269409,76.11225128173828,89.74810028076172,63.175785064697266,63.175785064697266,63.54887390136719,66.22174835205078,67.3459243774414,70.38001251220703,71.42192840576172,73.85171508789062,75.77471923828125,78.69513702392578,79.63507080078125,81.3915786743164,82.30709075927734,83.09577178955078,84.38772583007812,86.81478881835938,89.74810028076172
25,self_attn,k_proj,3,4,5.321605682373047,3.8328540325164795,75.69586181640625,89.85430908203125,59.24457931518555,59.24457931518555,60.27315902709961,64.71078491210938,68.61029815673828,70.68768310546875,72.53216552734375,74.04472351074219,74.77642822265625,77.55149841308594,78.8902816772461,81.79167175292969,82.7994155883789,83.70254516601562,85.52310180664062,86.14111328125,89.85430908203125
25,self_attn,o_proj,0,1,5.700254917144775,3.9357268810272217,81.44014739990234,89.5683822631836,67.63533020019531,67.63533020019531,72.89453887939453,75.57389068603516,76.77324676513672,77.64580535888672,79.5267562866211,81.0816879272461,82.63932037353516,83.35630798339844,84.1362533569336,84.60365295410156,85.8797607421875,86.52495574951172,87.45661163330078,87.74579620361328,89.5683822631836
25,self_attn,o_proj,0,2,5.73807954788208,3.9423913955688477,81.99716186523438,89.8938980102539,70.48138427734375,70.48138427734375,73.2630615234375,74.67575073242188,78.06024932861328,78.5118637084961,79.5031509399414,81.03890228271484,82.01171112060547,83.76148223876953,84.36662292480469,86.22014617919922,86.59317779541016,87.18505096435547,87.6397476196289,88.74836730957031,89.8938980102539
25,self_attn,o_proj,0,3,5.736413955688477,3.936753988265991,81.91795349121094,89.9683837890625,66.60106658935547,66.60106658935547,70.24425506591797,75.6427001953125,78.86649322509766,79.51927185058594,80.38497924804688,82.31172180175781,82.99178314208984,83.52996063232422,84.41980743408203,84.66941833496094,86.40594482421875,87.5904769897461,88.46724700927734,89.07380676269531,89.9683837890625
25,self_attn,o_proj,0,4,5.744961738586426,3.940793037414551,82.06871032714844,89.84386444091797,66.7024917602539,66.7024917602539,73.33567810058594,75.4145278930664,78.02996826171875,79.49024200439453,81.25575256347656,82.47563171386719,83.31949615478516,83.77379608154297,84.38327026367188,85.04781341552734,85.80516815185547,87.10997772216797,88.31619262695312,88.7955322265625,89.84386444091797
25,self_attn,o_proj,1,2,5.7726945877075195,3.949617385864258,82.51912689208984,89.46866607666016,71.60904693603516,71.60904693603516,73.90083312988281,76.91162872314453,78.49805450439453,78.7756118774414,81.06976318359375,81.3814697265625,82.75150299072266,84.0859375,84.29156494140625,85.45960998535156,86.82054901123047,87.65060424804688,88.22905731201172,89.402099609375,89.46866607666016
25,self_attn,o_proj,1,3,5.730218887329102,3.9370839595794678,81.83988189697266,89.70999908447266,65.23912048339844,65.23912048339844,73.37513732910156,76.93049621582031,77.87019348144531,78.27178192138672,80.4598388671875,81.39034271240234,82.28829956054688,83.09790802001953,84.93572998046875,85.1803207397461,86.37664031982422,86.71866607666016,88.3342514038086,89.25943756103516,89.70999908447266
25,self_attn,o_proj,1,4,5.7070817947387695,3.93125057220459,81.48258972167969,89.1315689086914,64.79553985595703,64.79553985595703,71.92705535888672,74.17308044433594,76.4234619140625,79.39810180664062,81.02377319335938,81.28961181640625,81.91959381103516,83.0311508178711,85.15496063232422,85.6074447631836,85.7973861694336,87.12017059326172,88.25892639160156,88.66963958740234,89.1315689086914
25,self_attn,o_proj,2,3,5.775689601898193,3.946329116821289,82.52535247802734,89.66423034667969,68.76338195800781,68.76338195800781,72.97126770019531,75.94810485839844,78.52076721191406,80.02156066894531,81.69464874267578,81.9612045288086,83.93403625488281,84.41705322265625,84.46942138671875,86.13309478759766,86.63277435302734,87.77963256835938,88.32766723632812,89.16687774658203,89.66423034667969
25,self_attn,o_proj,2,4,5.7361650466918945,3.944854736328125,81.99437713623047,89.63111877441406,68.47927856445312,68.47927856445312,75.5090103149414,77.0438461303711,78.46656799316406,79.23501586914062,80.88160705566406,81.47769165039062,82.28141021728516,82.76670837402344,83.390869140625,84.6302261352539,85.736083984375,86.02840423583984,87.32433319091797,89.02789306640625,89.63111877441406
25,self_attn,o_proj,3,4,5.725106239318848,3.9349608421325684,81.75212097167969,89.85343170166016,64.42343139648438,64.42343139648438,73.5271224975586,75.83099365234375,78.15670013427734,78.5046157836914,80.59075927734375,81.41514587402344,82.23390197753906,82.54190826416016,84.44461059570312,85.17432403564453,86.8208999633789,86.99010467529297,88.1868667602539,89.33904266357422,89.85343170166016
25,self_attn,q_proj,0,1,5.582326889038086,3.9081003665924072,79.66118621826172,88.74034118652344,65.28069305419922,65.28069305419922,66.8484115600586,72.70372772216797,74.40570068359375,76.75851440429688,76.86933898925781,78.92810821533203,80.29962158203125,81.79035186767578,82.47581481933594,83.93063354492188,84.20747375488281,86.4092788696289,87.10380554199219,87.82716369628906,88.74034118652344
25,self_attn,q_proj,0,2,5.580080032348633,3.9064090251922607,79.61408996582031,89.5250244140625,63.52518081665039,63.52518081665039,67.58915710449219,71.0239028930664,74.57014465332031,76.82891082763672,78.21634674072266,79.9141616821289,81.19432067871094,82.53231811523438,82.84214782714844,82.91182708740234,83.72113800048828,85.44194793701172,86.51595306396484,87.47286987304688,89.5250244140625
25,self_attn,q_proj,0,3,5.539865970611572,3.898446798324585,79.03007507324219,89.51216888427734,61.65513610839844,61.65513610839844,70.43000030517578,72.01659393310547,73.67223358154297,75.21664428710938,76.12152862548828,78.01368713378906,78.50846862792969,80.13400268554688,82.12369537353516,82.87596893310547,84.54944610595703,85.1494369506836,86.52476501464844,87.97747802734375,89.51216888427734
25,self_attn,q_proj,0,4,5.608375549316406,3.911165237426758,80.02130889892578,89.0052261352539,64.23564910888672,64.23564910888672,69.07902526855469,71.76488494873047,74.03501892089844,76.39764404296875,78.1926040649414,79.80633544921875,80.0362777709961,82.43817138671875,83.40199279785156,83.88812255859375,85.73513793945312,86.4518051147461,87.3296890258789,88.54334259033203,89.0052261352539
25,self_attn,q_proj,1,2,5.617098331451416,3.9150032997131348,80.17149353027344,89.69278717041016,65.44388580322266,65.44388580322266,70.29988098144531,71.58857727050781,75.82814025878906,76.4132308959961,76.93521118164062,79.36486053466797,80.81181335449219,81.7603988647461,82.71843719482422,84.48844146728516,84.8256607055664,86.16870880126953,87.34989929199219,89.05403137207031,89.69278717041016
25,self_attn,q_proj,1,3,5.587786674499512,3.9085841178894043,79.73768615722656,89.91824340820312,66.30415344238281,66.30415344238281,68.14098358154297,72.56210327148438,73.82559967041016,74.95687866210938,76.95681762695312,78.50299835205078,79.6202163696289,80.7613296508789,83.22311401367188,84.32989501953125,85.02024841308594,85.83741760253906,87.63076782226562,88.21212768554688,89.91824340820312
25,self_attn,q_proj,1,4,5.586008548736572,3.9075710773468018,79.70320129394531,89.94204711914062,63.939117431640625,63.939117431640625,70.13137817382812,71.16361236572266,74.58448028564453,75.33660125732422,77.36661529541016,78.17123413085938,80.98847961425781,81.3207778930664,82.64934539794922,83.98397064208984,84.3033676147461,86.1437759399414,86.30857849121094,88.91777801513672,89.94204711914062
25,self_attn,q_proj,2,3,5.603235244750977,3.919436454772949,80.03823852539062,89.37908935546875,66.38066864013672,66.38066864013672,71.39995574951172,73.44154357910156,75.3224868774414,77.16018676757812,78.49769592285156,79.03936004638672,80.19129943847656,81.72594451904297,82.5740737915039,83.34257507324219,84.653564453125,84.86302947998047,85.90515899658203,86.73509216308594,89.37908935546875
25,self_attn,q_proj,2,4,5.650445938110352,3.92112135887146,80.65916442871094,89.70100402832031,67.94694519042969,67.94694519042969,69.88567352294922,72.87911987304688,75.52400207519531,76.12410736083984,77.25814056396484,78.62567138671875,80.45982360839844,82.75275421142578,84.04841613769531,84.3916015625,86.44327545166016,86.93599700927734,88.51030731201172,89.059814453125,89.70100402832031
25,self_attn,q_proj,3,4,5.560493469238281,3.9034578800201416,79.34374237060547,89.43202209472656,66.55547332763672,66.55547332763672,68.27982330322266,71.25434112548828,73.46237182617188,74.97239685058594,76.12096405029297,76.78902435302734,79.37635803222656,81.38050079345703,82.05097961425781,83.60895538330078,84.17791748046875,85.50008392333984,87.79251861572266,88.74610137939453,89.43202209472656
25,self_attn,v_proj,0,1,5.349623680114746,3.8226499557495117,75.87591552734375,89.75748443603516,47.130367279052734,47.130367279052734,59.47102737426758,67.60868072509766,69.76297760009766,71.98763275146484,73.7721176147461,77.23870849609375,77.8670883178711,78.31561279296875,79.06698608398438,81.66333770751953,81.83319091796875,83.5653076171875,86.66862487792969,88.30550384521484,89.75748443603516
25,self_attn,v_proj,0,2,5.28782844543457,3.8076133728027344,75.01437377929688,89.35694122314453,51.892051696777344,51.892051696777344,58.32217788696289,63.629920959472656,68.08531188964844,68.93424987792969,71.94378662109375,73.33307647705078,74.89641571044922,77.71442413330078,80.03034210205078,80.7430191040039,82.34553527832031,84.62638092041016,85.996826171875,88.37945556640625,89.35694122314453
25,self_attn,v_proj,0,3,5.409547805786133,3.83412504196167,76.72393798828125,89.75690460205078,48.70686721801758,48.70686721801758,58.383846282958984,67.3864517211914,69.97270965576172,73.50753784179688,74.38611602783203,76.78618621826172,79.30115509033203,80.33941650390625,81.97928619384766,83.06922149658203,83.95743560791016,85.36524963378906,86.7936782836914,87.89085388183594,89.75690460205078
25,self_attn,v_proj,0,4,5.311221599578857,3.801923990249634,75.19003295898438,89.42127227783203,45.63868713378906,45.63868713378906,56.35706329345703,63.86820602416992,68.4931640625,72.38433837890625,74.23792266845703,74.37355041503906,75.98831176757812,78.29159545898438,79.74897766113281,81.40110778808594,82.54515075683594,84.51555633544922,86.85376739501953,88.92189025878906,89.42127227783203
25,self_attn,v_proj,1,2,5.318060874938965,3.817422389984131,75.48313903808594,88.89920806884766,55.554840087890625,55.554840087890625,57.85111999511719,63.2487907409668,65.7125473022461,68.63124084472656,73.26775360107422,74.41221618652344,75.56776428222656,79.59326934814453,81.27965545654297,82.11744689941406,83.59708404541016,85.04144287109375,85.89971923828125,87.05609130859375,88.89920806884766
25,self_attn,v_proj,1,3,5.446919918060303,3.8454668521881104,77.32203674316406,89.9681396484375,54.21559143066406,54.21559143066406,57.15704345703125,68.3789291381836,69.89981079101562,72.99910736083984,75.46997833251953,75.66377258300781,78.57548522949219,79.8022689819336,81.493408203125,84.32954406738281,85.79679870605469,86.87190246582031,87.54646301269531,88.98439025878906,89.9681396484375
25,self_attn,v_proj,1,4,5.299768447875977,3.8116559982299805,75.20004272460938,89.93990325927734,51.42616653442383,51.42616653442383,60.04524230957031,65.85726165771484,66.74586486816406,70.01309204101562,71.63172149658203,72.9018325805664,74.57511901855469,77.29681396484375,78.86238098144531,81.42544555664062,83.06376647949219,84.1563491821289,86.78926849365234,88.47041320800781,89.93990325927734
25,self_attn,v_proj,2,3,5.361795425415039,3.828514575958252,76.1109390258789,89.38562774658203,54.795562744140625,54.795562744140625,55.4652214050293,64.38282775878906,70.91807556152344,71.37113189697266,73.86271667480469,75.28324127197266,77.96187591552734,79.36104583740234,80.64404296875,81.71720886230469,83.80103302001953,84.29259490966797,86.7964859008789,87.736328125,89.38562774658203
25,self_attn,v_proj,2,4,5.300280570983887,3.826308488845825,75.3704833984375,88.70410919189453,57.509918212890625,57.509918212890625,59.32648849487305,66.29022216796875,67.2720947265625,71.5640869140625,71.77416229248047,73.3004379272461,74.16520690917969,77.7945556640625,79.48480224609375,81.26183319091797,82.76417541503906,83.13634490966797,83.85914611816406,87.72005462646484,88.70410919189453
25,self_attn,v_proj,3,4,5.346099376678467,3.8295059204101562,75.93021392822266,89.57744598388672,52.44376754760742,52.44376754760742,58.05902862548828,66.26993560791016,71.02870178222656,72.36027526855469,74.86450958251953,75.733642578125,76.73892211914062,78.11750793457031,78.59304809570312,80.19121551513672,82.71987915039062,84.35614776611328,86.14340209960938,87.68595886230469,89.57744598388672
26,mlp,down_proj,0,1,5.789531230926514,3.952730178833008,82.76963806152344,89.66388702392578,71.31941223144531,71.31941223144531,74.46392059326172,77.193603515625,78.92100524902344,80.68242645263672,80.8631820678711,81.64879608154297,83.11151123046875,84.50331115722656,85.45843505859375,85.63511657714844,86.49126434326172,87.25687408447266,88.2853775024414,88.8160171508789,89.66388702392578
26,mlp,down_proj,0,2,5.8091607093811035,3.958925485610962,83.08815002441406,89.56649780273438,74.6043930053711,74.6043930053711,76.05855560302734,77.3039321899414,79.9072494506836,80.2295150756836,81.01746368408203,81.96581268310547,82.54444885253906,84.53948974609375,84.91187286376953,85.70569610595703,86.4048080444336,87.57667541503906,87.94842529296875,89.1255874633789,89.56649780273438
26,mlp,down_proj,0,3,5.807037353515625,3.958695888519287,83.05784606933594,89.49983978271484,74.34988403320312,74.34988403320312,76.23131561279297,77.56451416015625,78.64473724365234,80.33686828613281,81.67471313476562,82.1166000366211,83.06147766113281,83.67241668701172,85.1425552368164,85.98748779296875,86.62439727783203,87.36006927490234,88.04679870605469,88.61187744140625,89.49983978271484
26,mlp,down_proj,0,4,5.817263603210449,3.957655906677246,83.18269348144531,89.99042510986328,72.64717102050781,72.64717102050781,74.66899108886719,78.15836334228516,79.80716705322266,80.46471405029297,82.05319213867188,82.86907958984375,83.85433197021484,84.46803283691406,84.72314453125,85.14466857910156,86.17826843261719,88.06715393066406,88.684814453125,89.14363861083984,89.99042510986328
26,mlp,down_proj,1,2,5.81281042098999,3.9594802856445312,83.14131164550781,89.62733459472656,73.39423370361328,73.39423370361328,76.65879821777344,77.92243194580078,79.79544067382812,80.5082778930664,81.43521118164062,82.48856353759766,83.08741760253906,83.72814178466797,85.41696166992188,86.09769439697266,86.19143676757812,87.27971649169922,87.9170913696289,88.7121353149414,89.62733459472656
26,mlp,down_proj,1,3,5.826388359069824,3.9596524238586426,83.32232666015625,89.32051849365234,72.26582336425781,72.26582336425781,76.32381439208984,78.2369613647461,79.73258209228516,81.16097259521484,81.75375366210938,83.08795928955078,83.77212524414062,84.05049896240234,85.11231231689453,86.08189392089844,86.83296203613281,87.23484802246094,88.9477310180664,89.24241638183594,89.32051849365234
26,mlp,down_proj,1,4,5.7902021408081055,3.9538187980651855,82.78941345214844,89.8722915649414,72.66846466064453,72.66846466064453,75.22113037109375,76.85226440429688,78.49386596679688,79.57657623291016,80.42212677001953,82.54566955566406,83.1015853881836,83.96076202392578,84.8657455444336,86.30596923828125,86.8521728515625,87.48780059814453,87.68877410888672,88.71539306640625,89.8722915649414
26,mlp,down_proj,2,3,5.83964729309082,3.961570978164673,83.51656341552734,89.78251647949219,72.66712188720703,72.66712188720703,77.42589569091797,77.9351577758789,79.99352264404297,80.73406982421875,82.4249038696289,82.7177734375,83.08544158935547,84.8602294921875,86.09395599365234,86.3963851928711,86.88774871826172,87.84636688232422,88.42345428466797,88.9904556274414,89.78251647949219
26,mlp,down_proj,2,4,5.781708717346191,3.9546728134155273,82.68572998046875,89.63921356201172,73.029541015625,73.029541015625,75.237060546875,77.48240661621094,79.4266128540039,80.55342102050781,80.95844268798828,81.40538024902344,82.59661102294922,83.10247802734375,84.89862060546875,85.36134338378906,86.0752182006836,86.45716857910156,87.80496978759766,88.94322204589844,89.63921356201172
26,mlp,down_proj,3,4,5.824244022369385,3.957930088043213,83.27710723876953,89.79491424560547,71.30125427246094,71.30125427246094,75.31621551513672,78.48812103271484,79.20121002197266,81.01049041748047,81.74091339111328,83.55872344970703,84.40487670898438,84.8071060180664,85.6600570678711,86.21612548828125,86.48950958251953,87.52009582519531,87.72151184082031,89.20260620117188,89.79491424560547
26,mlp,gate_proj,0,1,5.832239151000977,3.950136661529541,83.30516052246094,89.85627746582031,66.65070343017578,66.65070343017578,71.64118194580078,78.87718200683594,80.60580444335938,80.97034454345703,83.2735824584961,83.83199310302734,83.98726654052734,86.06900024414062,86.42228698730469,86.74949645996094,87.33087921142578,88.12753295898438,89.12369537353516,89.36537170410156,89.85627746582031
26,mlp,gate_proj,0,2,5.840297222137451,3.9519059658050537,83.42918395996094,89.95468139648438,68.36058807373047,68.36058807373047,69.60269927978516,79.54019165039062,80.33624267578125,82.50023651123047,83.54595947265625,84.55477905273438,85.21460723876953,85.66561126708984,86.44679260253906,86.69209289550781,86.93730926513672,87.74954223632812,88.35814666748047,89.40744018554688,89.95468139648438
26,mlp,gate_proj,0,3,5.843284606933594,3.950125217437744,83.45094299316406,89.75212097167969,66.03711700439453,66.03711700439453,71.73607635498047,77.84430694580078,80.98077392578125,81.1509780883789,84.26525115966797,84.58343505859375,85.23957824707031,85.51658630371094,86.50161743164062,87.23914337158203,87.75473022460938,88.50227355957031,88.78607177734375,89.32505798339844,89.75212097167969
26,mlp,gate_proj,0,4,5.816884517669678,3.946906089782715,83.07015991210938,89.99503326416016,65.84904479980469,65.84904479980469,71.34466552734375,77.7603759765625,80.26212310791016,81.06864929199219,82.46736145019531,84.07950592041016,84.71841430664062,85.40775299072266,86.07594299316406,86.77205657958984,87.21208190917969,88.34970092773438,88.62440490722656,89.13545989990234,89.99503326416016
26,mlp,gate_proj,1,2,5.849510669708252,3.9535470008850098,83.56770324707031,89.74335479736328,68.19481658935547,68.19481658935547,70.6156234741211,80.24136352539062,80.94473266601562,81.98825073242188,83.23551177978516,83.35601043701172,85.43392944335938,85.96124267578125,86.48664093017578,87.25040435791016,87.43174743652344,88.0761947631836,88.66091918945312,89.46249389648438,89.74335479736328
26,mlp,gate_proj,1,3,5.809970378875732,3.9460864067077637,82.97091674804688,89.989990234375,67.04413604736328,67.04413604736328,68.95842742919922,78.45838165283203,80.08055877685547,81.8059310913086,82.97672271728516,83.1640396118164,84.57536315917969,85.73066711425781,85.89956665039062,86.80570983886719,87.2181625366211,87.37527465820312,88.33204650878906,89.11958312988281,89.989990234375
26,mlp,gate_proj,1,4,5.799060821533203,3.9435338973999023,82.80116271972656,89.53849029541016,65.93675231933594,65.93675231933594,68.5816879272461,78.48876190185547,80.64839935302734,81.37671661376953,82.61840057373047,83.30406951904297,84.78307342529297,85.17611694335938,85.95976257324219,86.51696014404297,86.6075668334961,87.74759674072266,88.38594055175781,89.14825439453125,89.53849029541016
26,mlp,gate_proj,2,3,5.8518524169921875,3.950103998184204,83.56364440917969,89.91954803466797,66.46990966796875,66.46990966796875,69.1374740600586,80.1079330444336,81.35580444335938,82.85599517822266,83.92530822753906,84.90652465820312,85.0238265991211,85.10846710205078,86.570556640625,86.99522399902344,87.62468719482422,88.74909210205078,88.86640930175781,89.40156555175781,89.91954803466797
26,mlp,gate_proj,2,4,5.834333896636963,3.948786497116089,83.31752014160156,89.91654968261719,65.54545593261719,65.54545593261719,69.85696411132812,80.26787567138672,81.83992004394531,81.97221374511719,84.08549499511719,84.47169494628906,84.80180358886719,85.30713653564453,85.4876708984375,86.76736450195312,86.97734832763672,88.06819152832031,88.69429016113281,89.02035522460938,89.91654968261719
26,mlp,gate_proj,3,4,5.827847957611084,3.9459826946258545,83.20375061035156,89.72521209716797,64.29204559326172,64.29204559326172,70.4015121459961,79.48080444335938,80.83815002441406,82.51129150390625,83.03477478027344,83.46591186523438,84.81421661376953,85.58770751953125,85.96094512939453,86.88013458251953,87.39664459228516,88.46980285644531,89.03345489501953,89.36739349365234,89.72521209716797
26,mlp,up_proj,0,1,5.918071269989014,3.965132236480713,84.59542846679688,89.96868133544922,67.50631713867188,67.50631713867188,77.65111541748047,81.7035140991211,83.0045166015625,83.26095581054688,84.28560638427734,84.46653747558594,85.28724670410156,86.50028991699219,87.10767364501953,87.59369659423828,87.99562072753906,88.6237564086914,88.90922546386719,89.6621322631836,89.96868133544922
26,mlp,up_proj,0,2,5.906899929046631,3.967313051223755,84.46719360351562,89.83757019042969,69.23446655273438,69.23446655273438,79.65985870361328,80.55325317382812,81.82560729980469,83.26216125488281,84.2043228149414,84.6428451538086,85.35850524902344,85.84453582763672,86.22041320800781,87.0016098022461,87.20941162109375,88.13797760009766,89.12632751464844,89.35614013671875,89.83757019042969
26,mlp,up_proj,0,3,5.917038440704346,3.968313694000244,84.61367797851562,89.56504821777344,70.36295318603516,70.36295318603516,76.94914245605469,81.21498107910156,82.14226531982422,83.34098815917969,84.79434967041016,85.42789459228516,85.61823272705078,86.20150756835938,86.7291259765625,87.47871398925781,87.73165130615234,88.43340301513672,88.84490966796875,88.98372650146484,89.56504821777344
26,mlp,up_proj,0,4,5.896560192108154,3.9641594886779785,84.29888153076172,89.83868408203125,69.19342041015625,69.19342041015625,77.83306121826172,80.00977325439453,80.44286346435547,82.0125503540039,83.88397979736328,84.73209381103516,85.8692855834961,86.09674072265625,86.59815979003906,87.42078399658203,87.59065246582031,88.45281219482422,89.34040069580078,89.46681213378906,89.83868408203125
26,mlp,up_proj,1,2,5.904474258422852,3.9676129817962646,84.43732452392578,89.79959106445312,69.21936798095703,69.21936798095703,80.08490753173828,81.48645782470703,81.66556549072266,82.86479949951172,83.81526947021484,83.98399353027344,84.9693832397461,86.32231903076172,86.83882141113281,87.04818725585938,87.6562271118164,87.97954559326172,88.50025939941406,88.7624740600586,89.79959106445312
26,mlp,up_proj,1,3,5.893848419189453,3.964235305786133,84.26337432861328,89.6412582397461,69.80365753173828,69.80365753173828,76.20604705810547,79.36173248291016,80.819091796875,83.59960174560547,83.84882354736328,85.09449768066406,85.90830993652344,86.45767974853516,86.76338195800781,87.39517211914062,87.48841857910156,88.10662078857422,88.61524200439453,89.1044921875,89.6412582397461
26,mlp,up_proj,1,4,5.87014102935791,3.9623608589172363,83.9278335571289,89.97203063964844,68.87258911132812,68.87258911132812,77.51387786865234,80.1908187866211,81.32090759277344,81.80587768554688,83.24491119384766,84.40644073486328,84.90312194824219,85.55534362792969,86.0236587524414,86.49807739257812,87.04326629638672,87.6139144897461,88.59819030761719,89.28223419189453,89.97203063964844
26,mlp,up_proj,2,3,5.920372486114502,3.9703400135040283,84.67865753173828,89.79644775390625,71.95391845703125,71.95391845703125,78.24495697021484,79.80250549316406,82.5575180053711,83.05036926269531,84.2999267578125,85.16182708740234,85.46847534179688,86.1141357421875,86.6490478515625,87.39277648925781,88.03888702392578,88.22561645507812,88.51048278808594,89.5915756225586,89.79644775390625
26,mlp,up_proj,2,4,5.885136604309082,3.9646804332733154,84.1517105102539,89.95471954345703,71.04518127441406,71.04518127441406,75.9393539428711,80.54158020019531,81.3969497680664,82.67526245117188,83.36180114746094,83.68175506591797,85.04608154296875,85.403076171875,85.53069305419922,86.72893524169922,87.66797637939453,88.71441650390625,89.07267761230469,89.66687774658203,89.95471954345703
26,mlp,up_proj,3,4,5.882303237915039,3.965925693511963,84.12477111816406,89.27193450927734,70.33029174804688,70.33029174804688,77.0439453125,81.09982299804688,81.74414825439453,83.17981719970703,83.69055938720703,84.2232437133789,84.7899169921875,85.4951171875,86.09374237060547,87.13333129882812,87.45443725585938,87.55581665039062,88.26923370361328,88.62105560302734,89.27193450927734
26,self_attn,k_proj,0,1,5.234090805053711,3.79097843170166,74.2000961303711,88.30591583251953,49.481781005859375,49.481781005859375,58.6683235168457,62.962730407714844,66.3219985961914,68.25273132324219,71.6871109008789,72.1038589477539,73.02778625488281,76.11991882324219,78.48907470703125,82.01873779296875,82.65267181396484,84.0771484375,85.5830078125,87.44877624511719,88.30591583251953
26,self_attn,k_proj,0,2,5.284790992736816,3.810555934906006,75.0234603881836,89.72869110107422,54.20888900756836,54.20888900756836,61.10885238647461,62.94887924194336,67.25839233398438,69.15152740478516,70.16557312011719,72.92284393310547,74.72740173339844,76.29984283447266,78.7795181274414,81.6089096069336,81.96240234375,83.7710189819336,86.4892578125,89.24335479736328,89.72869110107422
26,self_attn,k_proj,0,3,5.266502857208252,3.8157052993774414,74.85798645019531,88.2431411743164,56.380455017089844,56.380455017089844,58.46730422973633,65.4990463256836,68.4520034790039,69.0363540649414,70.3046875,71.69890594482422,75.6640625,77.13816833496094,79.92620086669922,80.40837097167969,82.96114349365234,83.57437896728516,84.29847717285156,85.67514038085938,88.2431411743164
26,self_attn,k_proj,0,4,5.255181789398193,3.8040711879730225,74.6100845336914,89.0626449584961,57.730613708496094,57.730613708496094,58.47121047973633,62.28643035888672,64.07482147216797,67.92015075683594,70.11869812011719,72.67716217041016,73.81120300292969,78.20793151855469,79.17736053466797,80.63095092773438,82.5068359375,83.8056640625,85.74979400634766,87.52986907958984,89.0626449584961
26,self_attn,k_proj,1,2,5.2748918533325195,3.7951087951660156,74.71109008789062,89.26475524902344,48.0008544921875,48.0008544921875,58.600921630859375,62.888580322265625,65.08927154541016,67.75761413574219,70.46105194091797,74.58333587646484,76.20935821533203,79.37641143798828,81.24890899658203,82.04576110839844,82.6849594116211,84.66437530517578,85.42950439453125,87.07176971435547,89.26475524902344
26,self_attn,k_proj,1,3,5.238921642303467,3.792984962463379,74.28535461425781,89.77059173583984,52.41783905029297,52.41783905029297,56.43857192993164,62.10987091064453,64.51373291015625,70.1802749633789,71.16985321044922,73.0911865234375,75.01354217529297,77.88421630859375,78.138671875,79.96044921875,80.91281127929688,83.61842346191406,85.90789794921875,87.43782043457031,89.77059173583984
26,self_attn,k_proj,1,4,5.261311054229736,3.795476198196411,74.5847396850586,89.99569702148438,52.06599807739258,52.06599807739258,60.89823532104492,62.83914566040039,64.37377166748047,67.16895294189453,68.00303649902344,73.70252227783203,74.14324951171875,76.22386932373047,79.05178833007812,81.67547607421875,83.5142593383789,84.2148666381836,86.89362335205078,88.59131622314453,89.99569702148438
26,self_attn,k_proj,2,3,5.293613433837891,3.803079843521118,75.04562377929688,89.94877624511719,54.17284393310547,54.17284393310547,56.13504409790039,64.7989730834961,66.79463195800781,67.27734375,71.06681823730469,71.88848114013672,73.54397583007812,78.18233489990234,80.35057067871094,81.71222686767578,82.33076477050781,86.07579803466797,87.53623962402344,88.91509246826172,89.94877624511719
26,self_attn,k_proj,2,4,5.27633810043335,3.809943199157715,74.9190673828125,89.23412322998047,55.162776947021484,55.162776947021484,62.24523162841797,62.787261962890625,65.78410339355469,67.20503997802734,68.9435806274414,72.91897583007812,76.00701904296875,77.62030792236328,78.76229858398438,80.92488861083984,82.86896514892578,84.55083465576172,86.07237243652344,87.61721801757812,89.23412322998047
26,self_attn,k_proj,3,4,5.249992370605469,3.800278425216675,74.50228881835938,89.70067596435547,53.870506286621094,53.870506286621094,60.335304260253906,60.90250015258789,65.48158264160156,68.6102294921875,71.40301513671875,71.58190155029297,75.77961730957031,76.08186340332031,79.60663604736328,80.13916015625,81.64554595947266,82.99861907958984,86.22602844238281,87.6733627319336,89.70067596435547
26,self_attn,o_proj,0,1,5.823849201202393,3.959477424621582,83.2865982055664,89.87898254394531,71.47103881835938,71.47103881835938,76.64302825927734,78.6930160522461,79.79238891601562,80.8027114868164,82.05838012695312,83.25513458251953,83.7934341430664,84.66326904296875,85.50899505615234,85.82144927978516,86.5173110961914,87.16670989990234,87.77505493164062,88.7446517944336,89.87898254394531
26,self_attn,o_proj,0,2,5.835216045379639,3.9620280265808105,83.46212768554688,89.60607147216797,73.46370697021484,73.46370697021484,76.85224914550781,78.21189880371094,79.44142150878906,81.18811798095703,82.38002014160156,82.70037841796875,84.12959289550781,84.84857940673828,85.11634063720703,85.7785415649414,87.06217193603516,87.65228271484375,88.01532745361328,88.94734954833984,89.60607147216797
26,self_attn,o_proj,0,3,5.808631420135498,3.953813314437866,83.03147888183594,89.7498779296875,70.75235748291016,70.75235748291016,73.80896759033203,78.4048080444336,79.18272399902344,80.26670837402344,82.13304138183594,82.44529724121094,83.26519012451172,84.38082885742188,84.95905303955078,85.78400421142578,86.94940185546875,88.37613677978516,88.8849105834961,89.16041564941406,89.7498779296875
26,self_attn,o_proj,0,4,5.779412269592285,3.951453924179077,82.62355041503906,89.34980773925781,69.82353973388672,69.82353973388672,74.68872833251953,78.00333404541016,79.20011901855469,80.12085723876953,81.0189208984375,82.46005249023438,83.40208435058594,83.7530746459961,84.9184341430664,85.43978118896484,86.77056884765625,86.85263061523438,87.4784164428711,88.6964340209961,89.34980773925781
26,self_attn,o_proj,1,2,5.822761058807373,3.9598212242126465,83.27630615234375,89.7092514038086,73.17218017578125,73.17218017578125,76.91304779052734,78.36930847167969,79.32820892333984,80.71663665771484,80.85157775878906,82.44125366210938,82.80207061767578,84.29399871826172,85.98654174804688,86.36457824707031,86.5755615234375,87.6375961303711,87.98091125488281,89.2781982421875,89.7092514038086
26,self_attn,o_proj,1,3,5.806266784667969,3.95497465133667,83.01251983642578,89.88883209228516,72.86528778076172,72.86528778076172,75.46776580810547,77.4205551147461,77.99533081054688,79.73290252685547,80.52317810058594,81.96000671386719,83.66018676757812,84.38628387451172,84.98638153076172,85.89103698730469,87.02803039550781,87.64131927490234,88.92998504638672,89.8232192993164,89.88883209228516
26,self_attn,o_proj,1,4,5.842249393463135,3.9614098072052,83.54946899414062,89.77655792236328,72.33924102783203,72.33924102783203,77.2037124633789,78.36682891845703,79.45854187011719,80.22352600097656,82.22415924072266,83.36695098876953,84.8187255859375,85.07852172851562,85.43307495117188,86.13002014160156,87.23346710205078,87.71678161621094,88.18112182617188,89.24034881591797,89.77655792236328
26,self_attn,o_proj,2,3,5.819769859313965,3.9566588401794434,83.20599365234375,89.88725280761719,70.91895294189453,70.91895294189453,76.18338775634766,78.25505828857422,78.75302124023438,80.2288589477539,82.51126861572266,82.7927017211914,83.6820068359375,84.30159759521484,84.87835693359375,85.9562759399414,86.7638931274414,87.86404418945312,88.95095825195312,89.36833953857422,89.88725280761719
26,self_attn,o_proj,2,4,5.810904502868652,3.9558074474334717,83.08071899414062,89.91915893554688,71.62796783447266,71.62796783447266,74.76896667480469,77.25296783447266,79.15608215332031,81.25106048583984,81.48938751220703,83.32247924804688,84.00321197509766,84.2913589477539,84.93627166748047,85.6961898803711,86.99419403076172,87.1207275390625,88.31971740722656,89.14175415039062,89.91915893554688
26,self_attn,o_proj,3,4,5.791715621948242,3.951636552810669,82.7862319946289,89.95046997070312,68.78736114501953,68.78736114501953,74.04019927978516,78.57007598876953,79.65914916992188,80.40278625488281,81.88861846923828,82.73011016845703,83.68462371826172,84.64591217041016,85.1405258178711,85.79239654541016,86.27517700195312,86.91514587402344,87.82650756835938,88.2706298828125,89.95046997070312
26,self_attn,q_proj,0,1,5.568713188171387,3.9009628295898438,79.42092895507812,89.45426177978516,63.7442741394043,63.7442741394043,69.63153839111328,70.50096130371094,73.17801666259766,74.12384796142578,76.5763168334961,78.62763977050781,79.11278533935547,81.00211334228516,82.4053726196289,83.91500854492188,84.77291107177734,86.0374526977539,88.61769104003906,89.03479766845703,89.45426177978516
26,self_attn,q_proj,0,2,5.615074157714844,3.9026055335998535,80.01704406738281,89.7175064086914,61.2097053527832,61.2097053527832,65.40771484375,71.91268920898438,74.71296691894531,76.03326416015625,78.05068969726562,79.5232925415039,81.79580688476562,82.67037200927734,83.68765258789062,85.40939331054688,85.90121459960938,87.18584442138672,87.665771484375,89.38884735107422,89.7175064086914
26,self_attn,q_proj,0,3,5.614858150482178,3.9139020442962646,80.1317367553711,89.11058044433594,65.27375030517578,65.27375030517578,69.65575408935547,71.58277130126953,74.17235565185547,77.42976379394531,78.1866226196289,79.59480285644531,80.04490661621094,81.43708038330078,82.86251068115234,84.49382019042969,85.07308959960938,86.7730941772461,88.15565490722656,88.26123809814453,89.11058044433594
26,self_attn,q_proj,0,4,5.580901622772217,3.9023330211639404,79.58860778808594,89.99077606201172,65.77470397949219,65.77470397949219,67.1409912109375,68.98507690429688,73.44274139404297,75.75318908691406,77.26911926269531,78.3672103881836,80.29756164550781,81.73383331298828,82.44234466552734,83.4104995727539,84.4578628540039,87.24215698242188,87.67306518554688,89.4366455078125,89.99077606201172
26,self_attn,q_proj,1,2,5.581491470336914,3.904801607131958,79.61875915527344,89.0187759399414,64.77924346923828,64.77924346923828,67.56383514404297,70.7243881225586,73.22086334228516,75.44849395751953,78.30996704101562,78.63510131835938,79.93943786621094,82.3717269897461,83.167724609375,83.3589859008789,85.10916900634766,86.359130859375,87.45524597167969,88.43811798095703,89.0187759399414
26,self_attn,q_proj,1,3,5.556275844573975,3.897169351577759,79.22531127929688,89.61222076416016,63.14302444458008,63.14302444458008,67.61223602294922,70.66192626953125,72.0141372680664,75.15432739257812,77.19575500488281,78.61363220214844,79.53624725341797,80.592529296875,82.18619537353516,83.7582778930664,85.25311279296875,85.84415435791016,87.85047912597656,88.57669067382812,89.61222076416016
26,self_attn,q_proj,1,4,5.544259548187256,3.8952107429504395,79.05836486816406,89.86920928955078,65.31878662109375,65.31878662109375,67.40467071533203,70.44804382324219,72.01210021972656,72.79350280761719,76.66812896728516,77.60820007324219,78.7598876953125,79.35687255859375,82.6326675415039,84.6836166381836,85.34181213378906,86.06608581542969,87.24213409423828,88.7280502319336,89.86920928955078
26,self_attn,q_proj,2,3,5.558287143707275,3.8959178924560547,79.23828887939453,88.95740509033203,63.13803482055664,63.13803482055664,67.06430053710938,69.96065521240234,73.35124969482422,74.48453521728516,76.38929748535156,77.56013488769531,79.49842834472656,80.68247985839844,83.69841766357422,84.66485595703125,85.15372467041016,86.5236587524414,88.19217681884766,88.49327087402344,88.95740509033203
26,self_attn,q_proj,2,4,5.525802135467529,3.894073963165283,78.81198120117188,88.93428802490234,61.91408920288086,61.91408920288086,68.98688507080078,72.2022933959961,72.80137634277344,74.85855865478516,75.7003173828125,77.568115234375,78.5538101196289,79.96876525878906,81.16128540039062,82.75259399414062,83.45077514648438,86.29302978515625,87.48255920410156,88.36302947998047,88.93428802490234
26,self_attn,q_proj,3,4,5.519639492034912,3.89422345161438,78.73936462402344,89.50575256347656,64.55224609375,64.55224609375,68.23921203613281,69.83008575439453,73.00830078125,74.42223358154297,76.04188537597656,77.79879760742188,78.23591613769531,80.0586166381836,81.31975555419922,82.0528335571289,84.00568389892578,85.70306396484375,87.10034942626953,87.95503234863281,89.50575256347656
26,self_attn,v_proj,0,1,5.245036602020264,3.7755937576293945,74.10307312011719,89.35128021240234,42.146358489990234,42.146358489990234,54.79191589355469,62.856327056884766,65.19242095947266,69.35945892333984,72.26821899414062,74.43682098388672,77.01559448242188,77.82168579101562,79.12393188476562,80.4629135131836,83.57193756103516,84.11151123046875,85.16608428955078,87.97268676757812,89.35128021240234
26,self_attn,v_proj,0,2,5.3087005615234375,3.806767225265503,75.18276977539062,88.7005844116211,41.93454360961914,41.93454360961914,61.71586608886719,67.99221801757812,68.74752044677734,69.64319610595703,73.17135620117188,74.18961334228516,76.8509750366211,78.87358856201172,79.63021850585938,81.58397674560547,82.22857666015625,83.58456420898438,86.3472900390625,87.730224609375,88.7005844116211
26,self_attn,v_proj,0,3,5.198488712310791,3.759873628616333,73.37989044189453,89.45999145507812,39.41184997558594,39.41184997558594,57.71968460083008,62.73831558227539,64.5177993774414,67.56877136230469,71.02527618408203,71.86376953125,74.33375549316406,75.97322845458984,77.02206420898438,80.76168823242188,82.39221954345703,84.99713897705078,86.90530395507812,87.38741302490234,89.45999145507812
26,self_attn,v_proj,0,4,5.218459129333496,3.773852825164795,73.78827667236328,89.47665405273438,42.79049301147461,42.79049301147461,58.22046661376953,60.60751724243164,65.91016387939453,68.43586730957031,71.80747985839844,73.75450897216797,75.86805725097656,76.70771026611328,78.82638549804688,80.44511413574219,81.2210693359375,82.72061920166016,85.60953521728516,88.21086120605469,89.47665405273438
26,self_attn,v_proj,1,2,5.287704944610596,3.7755141258239746,74.58355712890625,88.9908447265625,39.8686408996582,39.8686408996582,55.84095001220703,62.40311813354492,64.22763061523438,68.13648986816406,71.58924865722656,74.44359588623047,78.14702606201172,79.64275360107422,82.47362518310547,83.09635162353516,84.08367919921875,85.59822082519531,87.04257202148438,87.7521743774414,88.9908447265625
26,self_attn,v_proj,1,3,5.305008411407471,3.7911441326141357,74.98876190185547,89.10983276367188,43.21394729614258,43.21394729614258,58.17620849609375,61.79859161376953,66.17526245117188,69.53865814208984,71.54365539550781,74.89167785644531,76.64688873291016,80.28953552246094,81.05134582519531,83.01870727539062,84.62085723876953,85.44776916503906,86.68739318847656,87.60992431640625,89.10983276367188
26,self_attn,v_proj,1,4,5.297451496124268,3.7876927852630615,74.85536193847656,89.76605987548828,42.19155502319336,42.19155502319336,57.256168365478516,64.05191802978516,66.38072204589844,69.51709747314453,71.41398620605469,73.24251556396484,77.4780044555664,78.36254119873047,80.45046997070312,82.01319885253906,84.35413360595703,85.8896255493164,87.3871078491211,87.93060302734375,89.76605987548828
26,self_attn,v_proj,2,3,5.286211013793945,3.7911972999572754,74.75370788574219,88.83658599853516,41.591957092285156,41.591957092285156,61.216556549072266,63.64980697631836,65.40939331054688,68.21649932861328,71.00238037109375,75.72587585449219,77.48689270019531,78.63494110107422,80.86980438232422,81.94890594482422,83.5355224609375,84.14640045166016,85.57237243652344,88.2153549194336,88.83658599853516
26,self_attn,v_proj,2,4,5.235637187957764,3.789069414138794,74.1291275024414,87.84465026855469,41.14091491699219,41.14091491699219,61.198177337646484,64.15538787841797,67.71771240234375,70.54248046875,72.19347381591797,74.45819091796875,76.29508209228516,76.85919189453125,77.810791015625,80.11682891845703,81.35521697998047,82.42399597167969,85.04595184326172,86.90796661376953,87.84465026855469
26,self_attn,v_proj,3,4,5.204697608947754,3.7658417224884033,73.52015686035156,88.67838287353516,40.108455657958984,40.108455657958984,57.687583923339844,62.196533203125,67.13795471191406,68.92669677734375,70.7984619140625,72.05908203125,73.2425308227539,76.08586120605469,77.91343688964844,80.07373809814453,82.07949829101562,84.98622131347656,86.39604187011719,87.95209503173828,88.67838287353516
27,mlp,down_proj,0,1,5.87708854675293,3.969304323196411,84.08889770507812,89.52337646484375,76.39102935791016,76.39102935791016,77.40101623535156,78.13133239746094,81.16238403320312,82.25062561035156,82.88142395019531,84.10541534423828,84.55622863769531,85.15802001953125,85.72748565673828,86.11248016357422,87.23760223388672,87.50267791748047,88.54888916015625,88.73243713378906,89.52337646484375
27,mlp,down_proj,0,2,5.806072235107422,3.95831036567688,83.04115295410156,88.98234558105469,72.75733947753906,72.75733947753906,77.69200134277344,78.4966049194336,79.0731201171875,79.80131530761719,80.6129379272461,82.04255676269531,82.262451171875,83.66079711914062,86.1711196899414,86.6697998046875,87.02133178710938,87.3872299194336,87.90596008300781,88.12153625488281,88.98234558105469
27,mlp,down_proj,0,3,5.83807897567749,3.9649672508239746,83.52825927734375,88.83352661132812,76.18828582763672,76.18828582763672,77.22167205810547,78.81488800048828,79.30264282226562,80.93425750732422,81.83747100830078,82.96794128417969,83.69922637939453,84.30451965332031,84.5252685546875,86.7668228149414,86.95459747314453,87.54505920410156,88.14611053466797,88.40982055664062,88.83352661132812
27,mlp,down_proj,0,4,5.82379674911499,3.961061954498291,83.30203247070312,89.2928695678711,75.5561294555664,75.5561294555664,76.30896759033203,77.12849426269531,78.99356842041016,80.23331451416016,82.19496154785156,83.1038589477539,83.16763305664062,84.62277221679688,84.74737548828125,85.03015899658203,86.90303039550781,88.08148956298828,88.4404067993164,89.0274887084961,89.2928695678711
27,mlp,down_proj,1,2,5.813939571380615,3.9588186740875244,83.14991760253906,89.94092559814453,72.62735748291016,72.62735748291016,76.56484985351562,78.85023498535156,79.74024200439453,80.83908081054688,81.35459899902344,81.83808898925781,83.15435791015625,83.6689682006836,84.95783233642578,85.738037109375,86.06919860839844,87.34375,88.37547302246094,89.3356704711914,89.94092559814453
27,mlp,down_proj,1,3,5.842804908752441,3.9644505977630615,83.5860595703125,89.51773071289062,75.17520141601562,75.17520141601562,77.3739242553711,77.98123168945312,79.62751007080078,80.70166015625,82.22266387939453,82.99960327148438,84.30485534667969,84.94635772705078,85.66602325439453,86.3404541015625,86.73584747314453,87.29094696044922,88.05730438232422,88.4356689453125,89.51773071289062
27,mlp,down_proj,1,4,5.809115886688232,3.9584062099456787,83.08251953125,89.52470397949219,73.54955291748047,73.54955291748047,76.74190521240234,77.61273193359375,79.11857604980469,79.90059661865234,81.36605834960938,82.69526672363281,83.27193450927734,83.46739196777344,84.85400390625,85.5811767578125,86.72317504882812,87.51691436767578,88.08755493164062,89.3087158203125,89.52470397949219
27,mlp,down_proj,2,3,5.802558422088623,3.956688165664673,82.9794692993164,89.85247039794922,72.79959106445312,72.79959106445312,75.94676971435547,77.85352325439453,78.58516693115234,80.64422607421875,81.50738525390625,82.06734466552734,82.73737335205078,84.14169311523438,85.0171127319336,85.23472595214844,86.89641571044922,87.1866226196289,88.20048522949219,89.00064849853516,89.85247039794922
27,mlp,down_proj,2,4,5.81091833114624,3.955850839614868,83.08184051513672,89.7669448852539,72.70282745361328,72.70282745361328,74.48796081542969,77.95680236816406,78.58819580078125,79.73965454101562,80.95646667480469,83.124267578125,83.6575927734375,84.83153533935547,84.98667907714844,86.2706069946289,86.66932678222656,87.8402328491211,88.49375915527344,89.2365951538086,89.7669448852539
27,mlp,down_proj,3,4,5.792921543121338,3.9540469646453857,82.82769775390625,89.71485900878906,73.09138488769531,73.09138488769531,75.49922943115234,77.55860900878906,78.08453369140625,78.87784576416016,80.1031265258789,81.82000732421875,82.7230453491211,84.76726531982422,85.67390441894531,85.78564453125,86.64574432373047,87.43441009521484,88.02957916259766,89.43401336669922,89.71485900878906
27,mlp,gate_proj,0,1,5.95493745803833,3.9732303619384766,85.17291259765625,89.6957778930664,71.88697052001953,71.88697052001953,78.26577758789062,81.71715545654297,82.1786117553711,83.88505554199219,84.59713745117188,86.18485260009766,86.47886657714844,87.23887634277344,87.29199981689453,87.92278289794922,88.36589813232422,88.5479507446289,88.95951080322266,89.54939270019531,89.6957778930664
27,mlp,gate_proj,0,2,5.935379981994629,3.9740495681762695,84.91681671142578,89.95103454589844,74.64664459228516,74.64664459228516,77.77423095703125,80.75524139404297,82.19306945800781,83.63838958740234,84.22440338134766,85.13209533691406,85.71454620361328,86.14794158935547,86.84815979003906,87.38363647460938,87.89840698242188,88.14337158203125,88.875732421875,89.34217834472656,89.95103454589844
27,mlp,gate_proj,0,3,5.948214054107666,3.975006341934204,85.09928894042969,89.9921875,74.34469604492188,74.34469604492188,77.98939514160156,80.56322479248047,83.11006927490234,84.17256927490234,84.70853424072266,85.43649291992188,85.72054290771484,86.33782958984375,87.03160095214844,87.47142791748047,87.84040832519531,88.54352569580078,88.9962158203125,89.32992553710938,89.9921875
27,mlp,gate_proj,0,4,5.94244384765625,3.973098039627075,85.00251770019531,89.59989166259766,71.88141632080078,71.88141632080078,80.07546997070312,81.2930679321289,82.03787231445312,83.5887222290039,84.13836669921875,85.0125503540039,86.02243041992188,86.42459106445312,86.53048706054688,87.71922302246094,88.51136779785156,88.86028289794922,88.94203186035156,89.40242004394531,89.59989166259766
27,mlp,gate_proj,1,2,5.944221496582031,3.9738149642944336,85.03399658203125,89.93321990966797,73.55883026123047,73.55883026123047,79.147705078125,80.10930633544922,81.70735931396484,83.19985961914062,84.88943481445312,85.23884582519531,86.019287109375,86.93067932128906,87.13736724853516,87.64744567871094,88.32344818115234,88.38550567626953,88.67652893066406,89.63911437988281,89.93321990966797
27,mlp,gate_proj,1,3,5.936851501464844,3.9755125045776367,84.95050048828125,89.72360229492188,75.90387725830078,75.90387725830078,77.3403091430664,81.06937408447266,82.78519439697266,83.86351013183594,84.14058685302734,85.28480529785156,85.72454833984375,85.97505187988281,86.667724609375,87.42066192626953,87.92251586914062,88.09817504882812,88.42494201660156,88.86316680908203,89.72360229492188
27,mlp,gate_proj,1,4,5.9499711990356445,3.9741127490997314,85.1142578125,89.69537353515625,72.67428588867188,72.67428588867188,79.79562377929688,80.35077667236328,82.6015853881836,83.65740203857422,84.54328918457031,85.32406616210938,86.06216430664062,86.50531768798828,87.48578643798828,87.74212646484375,88.28875732421875,88.57524108886719,89.13327026367188,89.39318084716797,89.69537353515625
27,mlp,gate_proj,2,3,5.925909519195557,3.9737117290496826,84.78609466552734,89.69345092773438,76.46430206298828,76.46430206298828,77.0408706665039,80.1928482055664,81.35545349121094,83.04939270019531,83.84957885742188,85.05964660644531,85.68431854248047,85.93548583984375,86.68818664550781,87.31587982177734,87.42759704589844,88.4608383178711,89.05145263671875,89.30821990966797,89.69345092773438
27,mlp,gate_proj,2,4,5.916998386383057,3.9717061519622803,84.6467514038086,89.90699768066406,73.54326629638672,73.54326629638672,79.1428451538086,80.79170989990234,81.31427764892578,82.75894927978516,83.0340576171875,83.87242889404297,84.92890167236328,86.34932708740234,87.14258575439453,87.48528289794922,87.60945129394531,88.34856414794922,88.85798645019531,89.26129913330078,89.90699768066406
27,mlp,gate_proj,3,4,5.942788600921631,3.975823402404785,85.03361511230469,89.74954223632812,74.86631774902344,74.86631774902344,78.89852905273438,81.38147735595703,81.91960144042969,84.09305572509766,84.62989807128906,85.19432830810547,85.46456909179688,86.04681396484375,86.84812927246094,87.36351013183594,88.0118179321289,88.40867614746094,88.56877136230469,89.09281921386719,89.74954223632812
27,mlp,up_proj,0,1,5.931276321411133,3.9751744270324707,84.87225341796875,89.49703216552734,76.13739013671875,76.13739013671875,78.60195922851562,80.58656311035156,82.22110748291016,83.10975646972656,83.58158111572266,84.53740692138672,84.8006362915039,86.0135726928711,87.09407806396484,87.13414001464844,88.2398681640625,88.48639678955078,88.83207702636719,89.08251953125,89.49703216552734
27,mlp,up_proj,0,2,5.9801154136657715,3.9814698696136475,85.59342956542969,89.51512145996094,77.58812713623047,77.58812713623047,79.63189697265625,82.26990509033203,83.01766204833984,84.74031829833984,85.04840087890625,85.63963317871094,86.15316772460938,86.86376953125,87.0078353881836,87.45372772216797,88.15107727050781,88.26825714111328,88.7485580444336,89.3974380493164,89.51512145996094
27,mlp,up_proj,0,3,5.946016788482666,3.9759514331817627,85.07868957519531,89.74993896484375,75.4874496459961,75.4874496459961,78.73995208740234,80.08076477050781,83.09581756591797,83.75296020507812,84.28230285644531,84.94603729248047,85.37665557861328,86.18305969238281,87.35234069824219,87.75069427490234,87.9902114868164,88.34062194824219,88.91333770751953,89.21682739257812,89.74993896484375
27,mlp,up_proj,0,4,5.939544677734375,3.9769792556762695,85.0009994506836,89.8219985961914,77.4713363647461,77.4713363647461,79.29322052001953,80.34247589111328,81.39453125,83.20526885986328,84.02205657958984,85.37344360351562,85.618408203125,86.30247497558594,86.38153839111328,86.6629867553711,88.06109619140625,88.26477813720703,88.80530548095703,88.99508666992188,89.8219985961914
27,mlp,up_proj,1,2,5.949164390563965,3.9776697158813477,85.1377182006836,89.79866027832031,77.38447570800781,77.38447570800781,79.49433898925781,80.648681640625,82.66627502441406,82.7889633178711,84.0494155883789,84.34326934814453,85.65248107910156,86.0573959350586,86.72254180908203,87.1729965209961,87.92259216308594,88.65709686279297,89.20785522460938,89.636474609375,89.79866027832031
27,mlp,up_proj,1,3,5.937002182006836,3.976045846939087,84.95789337158203,89.77261352539062,76.93672943115234,76.93672943115234,78.65853881835938,81.04560089111328,81.22637939453125,83.26505279541016,84.2297592163086,84.58098602294922,84.81464385986328,86.3812484741211,86.52800750732422,87.20174407958984,87.6943588256836,88.32642364501953,89.0087890625,89.65544128417969,89.77261352539062
27,mlp,up_proj,1,4,5.926955223083496,3.9757933616638184,84.81990814208984,89.8183364868164,78.01055145263672,78.01055145263672,78.67884826660156,80.39171600341797,81.25276947021484,82.65338134765625,83.26531982421875,84.6753921508789,85.26646423339844,85.72051239013672,86.7657470703125,87.22760009765625,87.58889770507812,88.05770111083984,88.52364349365234,89.22161865234375,89.8183364868164
27,mlp,up_proj,2,3,5.968299388885498,3.9809093475341797,85.42762756347656,89.86393737792969,78.37403106689453,78.37403106689453,80.81317138671875,81.66918182373047,82.70579528808594,83.5201187133789,84.43706512451172,85.07028198242188,85.26043701171875,86.07917785644531,86.62323760986328,87.23566436767578,87.8226089477539,88.662841796875,88.98548889160156,89.7189712524414,89.86393737792969
27,mlp,up_proj,2,4,5.953633785247803,3.978864908218384,85.20927429199219,89.9403076171875,76.87724304199219,76.87724304199219,79.59734344482422,82.2331771850586,83.22511291503906,83.46461486816406,84.7406234741211,84.79458618164062,84.9552993774414,85.95777130126953,86.47395324707031,86.7037124633789,87.74007415771484,88.21187591552734,89.0282974243164,89.4045181274414,89.9403076171875
27,mlp,up_proj,3,4,5.931006908416748,3.9771649837493896,84.88729858398438,89.31737518310547,77.76887512207031,77.76887512207031,79.25276947021484,80.8071517944336,81.79385375976562,82.80744171142578,84.28790283203125,84.5128173828125,85.38034057617188,86.30268859863281,86.40093994140625,87.19630432128906,87.51777648925781,87.73904418945312,88.2488784790039,88.86260223388672,89.31737518310547
27,self_attn,k_proj,0,1,5.322057247161865,3.8269734382629395,75.64482116699219,89.59510803222656,58.960792541503906,58.960792541503906,61.32677459716797,64.58088684082031,66.8902816772461,68.03575897216797,70.21614074707031,74.28355407714844,75.39632415771484,78.3006591796875,78.37207794189453,82.48397827148438,83.474609375,84.45359802246094,85.273193359375,88.67340850830078,89.59510803222656
27,self_attn,k_proj,0,2,5.310235500335693,3.824409246444702,75.47260284423828,89.34178924560547,55.57966613769531,55.57966613769531,63.43992614746094,64.41419982910156,67.91797637939453,69.28959655761719,71.6012191772461,74.32305908203125,75.49579620361328,75.93182373046875,77.63526916503906,79.92759704589844,81.9769058227539,84.7384262084961,87.49315643310547,88.45523834228516,89.34178924560547
27,self_attn,k_proj,0,3,5.258058547973633,3.8045995235443115,74.65528869628906,89.68621063232422,58.045936584472656,58.045936584472656,60.61911392211914,62.11323165893555,62.957305908203125,68.5168685913086,70.19275665283203,72.630615234375,73.5853271484375,76.74932861328125,78.39237213134766,79.35489654541016,81.41849517822266,84.84136199951172,87.39502716064453,87.98574829101562,89.68621063232422
27,self_attn,k_proj,0,4,5.291447639465332,3.8152103424072266,75.15003967285156,89.02893829345703,57.647071838378906,57.647071838378906,58.03691482543945,63.156734466552734,64.45475006103516,70.07659912109375,72.13167572021484,73.95954895019531,75.05802917480469,78.18277740478516,79.87335205078125,80.541748046875,81.80829620361328,85.09375762939453,86.21265411376953,87.13772583007812,89.02893829345703
27,self_attn,k_proj,1,2,5.255011081695557,3.8001906871795654,74.56119537353516,89.86203002929688,54.209075927734375,54.209075927734375,58.806968688964844,62.64632034301758,65.36522674560547,67.38296508789062,69.9157485961914,73.8323745727539,74.93016052246094,77.5127182006836,77.99591827392578,80.08819580078125,82.81660461425781,84.11315155029297,86.13011932373047,87.37149810791016,89.86203002929688
27,self_attn,k_proj,1,3,5.2464189529418945,3.79158616065979,74.34964752197266,88.67398071289062,49.83572769165039,49.83572769165039,56.47916030883789,64.40544891357422,66.38037872314453,67.67750549316406,70.38365936279297,73.69003295898438,75.10736846923828,77.7024917602539,77.90047454833984,79.27316284179688,82.93467712402344,84.34675598144531,86.55430603027344,88.249267578125,88.67398071289062
27,self_attn,k_proj,1,4,5.271399021148682,3.802090644836426,74.75993347167969,89.62588500976562,49.81626510620117,49.81626510620117,62.92991638183594,63.68595886230469,64.85962677001953,68.54166412353516,69.81723022460938,73.27326965332031,74.8819580078125,77.48763275146484,78.6007080078125,80.63086700439453,83.23833465576172,84.96200561523438,86.79977416992188,87.00782775878906,89.62588500976562
27,self_attn,k_proj,2,3,5.26492166519165,3.802942991256714,74.70957946777344,89.49693298339844,54.2687873840332,54.2687873840332,60.77305221557617,62.28917694091797,64.67749786376953,68.15966796875,70.71995544433594,72.32268524169922,74.34015655517578,75.71574401855469,79.76852416992188,80.74738311767578,83.54702758789062,84.43720245361328,85.8826675415039,88.20679473876953,89.49693298339844
27,self_attn,k_proj,2,4,5.284512519836426,3.815267324447632,75.07272338867188,89.17633819580078,56.78987503051758,56.78987503051758,60.765785217285156,63.32140350341797,65.65620422363281,68.21694946289062,71.63194274902344,73.02717590332031,75.80925750732422,76.97321319580078,77.87406921386719,81.13514709472656,82.4683837890625,84.53052520751953,86.10694885253906,87.68040466308594,89.17633819580078
27,self_attn,k_proj,3,4,5.206871032714844,3.781689405441284,73.78463745117188,88.91853332519531,49.962486267089844,49.962486267089844,56.76150894165039,61.82797622680664,65.48455047607422,67.18214416503906,69.86591339111328,72.2939682006836,74.84771728515625,77.70339965820312,78.06324768066406,80.83958435058594,81.32351684570312,83.3813705444336,85.21412658691406,86.88407135009766,88.91853332519531
27,self_attn,o_proj,0,1,5.816840171813965,3.9577176570892334,83.17829132080078,89.5842056274414,73.31039428710938,73.31039428710938,76.3338394165039,77.74714660644531,78.58627319335938,80.1488037109375,81.4334945678711,81.70283508300781,82.53228759765625,84.10918426513672,85.33070373535156,86.71903228759766,87.0256118774414,88.22162628173828,88.66242218017578,89.40479278564453,89.5842056274414
27,self_attn,o_proj,0,2,5.809493541717529,3.95576810836792,83.06138610839844,89.99579620361328,70.69819641113281,70.69819641113281,75.498779296875,78.43975830078125,79.64786529541016,80.96324920654297,81.44244384765625,81.63567352294922,83.06976318359375,84.71625518798828,85.60433959960938,86.4597396850586,87.09415435791016,87.24807739257812,88.0788803100586,88.38926696777344,89.99579620361328
27,self_attn,o_proj,0,3,5.790154933929443,3.953749895095825,82.7879409790039,89.97866821289062,71.6448745727539,71.6448745727539,75.50015258789062,78.16592407226562,78.9755630493164,80.3021469116211,80.67487335205078,81.6557846069336,82.23604583740234,83.39674377441406,84.89277648925781,85.71662139892578,86.57508850097656,87.33267974853516,88.43616485595703,89.1229019165039,89.97866821289062
27,self_attn,o_proj,0,4,5.782317161560059,3.9559357166290283,82.70561218261719,89.06831359863281,74.01935577392578,74.01935577392578,74.97037506103516,77.085205078125,79.19781494140625,80.72257232666016,81.40887451171875,82.13616943359375,82.52193450927734,83.68136596679688,85.10982513427734,85.24616241455078,85.6165542602539,86.7256088256836,87.37401580810547,88.40574645996094,89.06831359863281
27,self_attn,o_proj,1,2,5.808224201202393,3.95703387260437,83.05767059326172,89.75008392333984,73.1473388671875,73.1473388671875,76.41637420654297,76.90101623535156,78.18047332763672,80.20272827148438,82.00079345703125,82.71110534667969,83.34680938720703,84.09269714355469,84.64881134033203,85.9883041381836,86.56468200683594,86.79017639160156,88.72504425048828,89.4563217163086,89.75008392333984
27,self_attn,o_proj,1,3,5.83975887298584,3.9620585441589355,83.52302551269531,89.65830993652344,73.74744415283203,73.74744415283203,76.60227966308594,79.16593170166016,79.54484558105469,80.28556823730469,82.2065200805664,82.42089080810547,83.71466064453125,84.00708770751953,85.80399322509766,86.04408264160156,86.83726501464844,88.33341217041016,88.81779479980469,89.17822265625,89.65830993652344
27,self_attn,o_proj,1,4,5.845088481903076,3.964388847351074,83.6163330078125,89.9416275024414,76.45503997802734,76.45503997802734,77.3785400390625,78.3794174194336,79.3963851928711,80.58013153076172,81.64114379882812,82.57801055908203,82.76736450195312,84.08721160888672,85.63235473632812,85.92781066894531,87.16133117675781,87.79918670654297,88.46883392333984,89.66698455810547,89.9416275024414
27,self_attn,o_proj,2,3,5.826109409332275,3.961045265197754,83.33251190185547,89.7994155883789,74.29667663574219,74.29667663574219,76.77645111083984,78.49225616455078,79.67767333984375,80.19532012939453,81.57587432861328,82.37757873535156,83.38150024414062,83.5279541015625,84.66168212890625,86.02532958984375,87.06320190429688,87.66542053222656,88.50836944580078,89.29542541503906,89.7994155883789
27,self_attn,o_proj,2,4,5.794994354248047,3.9558253288269043,82.87164306640625,89.9796371459961,72.97709655761719,72.97709655761719,76.04217529296875,77.82551574707031,78.44192504882812,79.47074890136719,81.18403625488281,82.24821472167969,83.00211334228516,83.79444885253906,84.89452362060547,86.18359375,86.26676940917969,87.01643371582031,87.6058120727539,89.01318359375,89.9796371459961
27,self_attn,o_proj,3,4,5.809193134307861,3.9571008682250977,83.07118225097656,89.53126525878906,73.87564086914062,73.87564086914062,75.40827178955078,77.22595977783203,78.5604476928711,78.97185516357422,81.51007080078125,83.24320983886719,83.60214233398438,84.16206359863281,85.48095703125,86.0446548461914,86.48787689208984,87.80191040039062,88.18639373779297,89.046142578125,89.53126525878906
27,self_attn,q_proj,0,1,5.659647464752197,3.9272921085357666,80.83726501464844,89.76213836669922,68.34746551513672,68.34746551513672,72.08818054199219,74.59839630126953,75.72953033447266,77.27029418945312,77.89069366455078,79.0954818725586,80.8347396850586,81.14871978759766,82.52831268310547,84.2753677368164,85.8869400024414,86.514404296875,88.1033706665039,89.3221664428711,89.76213836669922
27,self_attn,q_proj,0,2,5.6638407707214355,3.924463987350464,80.86068725585938,89.9329605102539,65.50507354736328,65.50507354736328,70.47655487060547,74.92263793945312,76.09364318847656,77.807373046875,78.83482360839844,79.57010650634766,80.44105529785156,82.46441650390625,83.21947479248047,85.79602813720703,86.09555053710938,86.61541748046875,87.72953033447266,88.26630401611328,89.9329605102539
27,self_attn,q_proj,0,3,5.669295787811279,3.921144723892212,80.89990234375,89.9831771850586,65.70321655273438,65.70321655273438,71.24987030029297,72.50728607177734,73.85082244873047,76.7753677368164,78.18521881103516,80.36027526855469,81.54881286621094,82.279296875,83.56996154785156,85.95624542236328,87.44165802001953,87.7578125,88.1478500366211,89.08161163330078,89.9831771850586
27,self_attn,q_proj,0,4,5.654555320739746,3.9265995025634766,80.76472473144531,88.95509338378906,68.75363159179688,68.75363159179688,71.27923583984375,74.17739868164062,74.33209991455078,77.95508575439453,78.06118774414062,79.45665740966797,80.51811981201172,81.7625503540039,82.95729064941406,85.5455322265625,85.81910705566406,86.79766845703125,87.24992370605469,88.61512756347656,88.95509338378906
27,self_attn,q_proj,1,2,5.629834175109863,3.914151668548584,80.32781219482422,89.4776382446289,67.31192779541016,67.31192779541016,70.31074523925781,70.84549713134766,73.10897064208984,75.30509948730469,76.00943756103516,79.44841003417969,80.55355834960938,82.66670989990234,84.11420440673828,84.65088653564453,86.8797378540039,87.56629180908203,88.19224548339844,88.80364990234375,89.4776382446289
27,self_attn,q_proj,1,3,5.653536319732666,3.9240102767944336,80.72552490234375,89.84233093261719,66.54843139648438,66.54843139648438,72.09929656982422,73.9979476928711,74.74752044677734,76.62340545654297,77.6788330078125,79.66065979003906,81.1133041381836,81.8401870727539,84.53486633300781,84.90609741210938,85.74161529541016,86.78599548339844,87.37232208251953,88.11557006835938,89.84233093261719
27,self_attn,q_proj,1,4,5.647176265716553,3.921917676925659,80.62440490722656,89.07830047607422,67.95764923095703,67.95764923095703,70.49884796142578,72.51085662841797,74.27046966552734,76.26026153564453,77.60863494873047,79.50745391845703,81.808349609375,82.21273040771484,84.2824478149414,85.12217712402344,85.5279769897461,87.24415588378906,87.72467803955078,88.37551879882812,89.07830047607422
27,self_attn,q_proj,2,3,5.628775596618652,3.9188222885131836,80.355224609375,89.09976196289062,64.62698364257812,64.62698364257812,69.33779907226562,73.91826629638672,76.3777084350586,77.1117935180664,79.21356201171875,80.38300323486328,80.87590026855469,81.1458740234375,82.75248718261719,84.49176788330078,85.02693176269531,86.1815414428711,87.26311492919922,87.8770751953125,89.09976196289062
27,self_attn,q_proj,2,4,5.6738104820251465,3.928964614868164,81.03443145751953,89.19117736816406,68.37110137939453,68.37110137939453,71.30865478515625,73.05565643310547,75.46773529052734,78.37427520751953,78.50279235839844,80.83556365966797,81.24197387695312,82.46116638183594,83.7853775024414,84.22801208496094,86.42464447021484,87.17554473876953,87.81261444091797,88.31465148925781,89.19117736816406
27,self_attn,q_proj,3,4,5.61844539642334,3.919490098953247,80.23313903808594,89.67548370361328,66.7876968383789,66.7876968383789,71.47899627685547,73.02613830566406,75.04273223876953,75.47869110107422,77.84123229980469,79.56802368164062,80.61644744873047,81.95536041259766,82.7373046875,84.09129333496094,85.19649505615234,86.54531860351562,86.72962188720703,86.95928955078125,89.67548370361328
27,self_attn,v_proj,0,1,5.382755756378174,3.829657554626465,76.38363647460938,89.94994354248047,53.30176544189453,53.30176544189453,60.35149383544922,63.19574737548828,67.95774841308594,71.69377899169922,74.43037414550781,74.6325912475586,76.7087631225586,79.56932067871094,80.67137908935547,81.44270324707031,85.49470520019531,86.01545715332031,87.98677062988281,88.7356185913086,89.94994354248047
27,self_attn,v_proj,0,2,5.387887001037598,3.840363025665283,76.5528564453125,89.36112976074219,54.89167022705078,54.89167022705078,58.037139892578125,67.47531127929688,69.68509674072266,71.86492156982422,73.619384765625,76.94188690185547,77.76567840576172,80.27357482910156,80.70035552978516,82.20404052734375,83.6806640625,84.62494659423828,85.65005493164062,88.06986236572266,89.36112976074219
27,self_attn,v_proj,0,3,5.3388566970825195,3.8259637355804443,75.82186889648438,89.8409652709961,54.823360443115234,54.823360443115234,59.41699981689453,64.69941711425781,67.84001159667969,71.6294937133789,72.48737335205078,75.2451400756836,75.51286315917969,76.85073852539062,79.13290405273438,82.63009643554688,84.06514739990234,84.3119888305664,86.51692199707031,88.14639282226562,89.8409652709961
27,self_attn,v_proj,0,4,5.362768650054932,3.8221659660339355,76.05177307128906,89.43766021728516,51.15134048461914,51.15134048461914,58.11797332763672,63.57036209106445,69.33672332763672,70.4870834350586,74.13704681396484,75.66413116455078,76.39994049072266,79.26213836669922,81.2770004272461,83.04371643066406,83.4906997680664,86.540771484375,86.89147186279297,88.02021789550781,89.43766021728516
27,self_attn,v_proj,1,2,5.3485283851623535,3.8241970539093018,75.91680908203125,89.12934875488281,55.160423278808594,55.160423278808594,57.063236236572266,64.64038848876953,68.65209197998047,71.45465087890625,72.21905517578125,73.6550064086914,76.61602783203125,77.31938934326172,81.0627670288086,82.15460968017578,83.763671875,86.47296142578125,87.00372314453125,88.30155181884766,89.12934875488281
27,self_attn,v_proj,1,3,5.421594142913818,3.850459575653076,77.07313537597656,89.36206817626953,55.12982940673828,55.12982940673828,62.74496841430664,66.98412322998047,69.24272918701172,71.88258361816406,74.2498779296875,74.93334197998047,78.60025024414062,80.21574401855469,82.26978302001953,82.94429016113281,84.72515869140625,85.34272766113281,86.81673431396484,87.72598266601562,89.36206817626953
27,self_attn,v_proj,1,4,5.385733604431152,3.8305318355560303,76.41294860839844,88.21455383300781,51.379512786865234,51.379512786865234,57.48783493041992,65.95063018798828,70.2889404296875,72.45881652832031,73.23162078857422,75.82948303222656,77.3527603149414,79.21376037597656,81.96038818359375,82.76903533935547,85.11033630371094,86.21253204345703,87.01921081542969,88.12770080566406,88.21455383300781
27,self_attn,v_proj,2,3,5.374088764190674,3.8315207958221436,76.295166015625,88.44181060791016,53.77204513549805,53.77204513549805,59.55427551269531,63.075645446777344,68.64959716796875,72.4942626953125,73.11380767822266,75.62024688720703,78.63954162597656,79.25016784667969,81.15374755859375,81.9775619506836,83.44942474365234,85.35088348388672,87.91073608398438,88.26885223388672,88.44181060791016
27,self_attn,v_proj,2,4,5.322890758514404,3.816159248352051,75.51509094238281,89.4360122680664,52.15287399291992,52.15287399291992,57.20607376098633,64.16535949707031,67.1165771484375,71.82389068603516,73.415283203125,74.55960845947266,76.16211700439453,78.90133666992188,80.09790802001953,81.32997131347656,82.91055297851562,84.79385375976562,85.75975799560547,88.41020202636719,89.4360122680664
27,self_attn,v_proj,3,4,5.406735897064209,3.839212417602539,76.77217864990234,89.73468780517578,56.054630279541016,56.054630279541016,58.488983154296875,62.15925979614258,68.24198913574219,74.1412582397461,75.37823486328125,77.2021255493164,77.93614959716797,80.31251525878906,81.99711608886719,82.89181518554688,83.65369415283203,84.44515228271484,86.34860229492188,89.36861419677734,89.73468780517578
